orden,modo,escenario,nivel,pct_cmax,cmax_paquetes_dia,fuente_cmax,archivo_carga,archivo_ventas,archivo_bloqueos,archivo_averias,algoritmo,replica,semilla,modo_parada,ta_ms,sa_min,max_evaluaciones,busqueda_local,parciales,pedidos_originales_total,paquetes_total,colapso_min,colapso_h,censurada,pedido_colapso,unidad_colapso,causa_colapso,costo_acumulado,km_acumulados,pedidos_llegados,pedidos_entregados,pedidos_evaluables,pct_pedidos_en_plazo,entregas_tarde,replanificaciones,replan_por_evento,planificador_ms_medio,planificador_ms_max,iteraciones_totales,evaluaciones_totales,aplazamientos,cambios_de_unidad,viajes_totales,viajes_por_vehiculo_medio,viajes_por_vehiculo_max,bloqueos_encontrados,averias_aplicadas,trasvases,parciales_creadas,tiempo_real_ms,regla_destino,pedidos_inentregables_bloqueo,penalidad_estabilidad,pc,sha256_ventas,sha256_bloqueos,holgura_min,penalidad_holgura,dia_inicio,horas_desde_inicio,situaciones,semilla_carga,archivo_origen
1,simulacion,SIM_5D,MEDIA,98,1296,propio,ventas.202611.txt,ventas.202609.txt,bloqueo.2609.txt,,AG,34,1034,tiempo,2000,60,0,si,urgentes,1239,6616,17161.0,286.0167,no,c4269-L2555 (c4269-L2555),TA03,destino bloqueado,51389.0,8229,450,320,321,99.69,0,46,0,2046.9,2306.1,527,53035,0,95,195,5.27,13,0,0,0,8,106707,NO_EVALUABLE,0,16.0,LAPTOP-OMI6BJ6L,45a097c1b95bf1ad3f27d32ddffdc4ee8014640d7d379ca3df7bcd8b6f73c49a,b8d9ed2fd9f5011c1e05f5a5f6588b283367d7395a7bcc57ef6887d4ded60e12,60.0,200.0,11,46.0167,ventanas,20261111,experimento_oficial_SIM_5D.csv
2,simulacion,SIM_5D,BAJA,78,1296,propio,ventas.202610.txt,ventas.202609.txt,bloqueo.2609.txt,,AG,40,1040,tiempo,2000,60,0,si,urgentes,911,5074,34560.0,576.0,si,,,,117520.0,18952,900,803,803,100.0,0,119,0,2010.3,2083.3,1937,143496,0,437,444,12.0,29,0,0,0,20,252527,NO_EVALUABLE,0,16.0,LAPTOP-OMI6BJ6L,45a097c1b95bf1ad3f27d32ddffdc4ee8014640d7d379ca3df7bcd8b6f73c49a,b8d9ed2fd9f5011c1e05f5a5f6588b283367d7395a7bcc57ef6887d4ded60e12,60.0,200.0,20,120.0,ventanas,20261020,experimento_oficial_SIM_5D.csv
3,simulacion,SIM_5D,MEDIA,98,1296,propio,ventas.202612.txt,ventas.202609.txt,bloqueo.2609.txt,,AG,22,1022,tiempo,2000,60,0,si,urgentes,1102,6080,18720.0,312.0,si,,,,158781.0,26336,1088,984,984,100.0,0,119,0,2029.1,2201.1,838,64935,0,167,608,16.432,34,0,0,0,59,272726,NO_EVALUABLE,0,16.0,LAPTOP-OMI6BJ6L,45a097c1b95bf1ad3f27d32ddffdc4ee8014640d7d379ca3df7bcd8b6f73c49a,b8d9ed2fd9f5011c1e05f5a5f6588b283367d7395a7bcc57ef6887d4ded60e12,60.0,200.0,9,120.0,ventanas,20261209,experimento_oficial_SIM_5D.csv
4,simulacion,SIM_5D,MEDIA,98,1296,propio,ventas.202612.txt,ventas.202609.txt,bloqueo.2609.txt,,AG,6,1006,tiempo,2000,60,0,si,urgentes,1210,6786,10080.0,168.0,si,,,,179625.0,29626,1199,1087,1087,100.0,0,119,0,2044.1,2256.4,650,60393,0,246,668,18.054,38,0,0,0,89,273312,NO_EVALUABLE,0,16.0,LAPTOP-OMI6BJ6L,45a097c1b95bf1ad3f27d32ddffdc4ee8014640d7d379ca3df7bcd8b6f73c49a,b8d9ed2fd9f5011c1e05f5a5f6588b283367d7395a7bcc57ef6887d4ded60e12,60.0,200.0,3,120.0,ventanas,20261203,experimento_oficial_SIM_5D.csv
5,simulacion,SIM_5D,MEDIA,98,1296,propio,ventas.202611.txt,ventas.202609.txt,bloqueo.2609.txt,,AG,17,1017,tiempo,2000,60,0,si,urgentes,1104,6152,27360.0,456.0,si,,,,156619.0,25557,1099,986,986,100.0,0,119,0,2014.3,2158.1,873,73042,0,243,587,15.865,32,0,0,0,51,260128,NO_EVALUABLE,0,16.0,LAPTOP-OMI6BJ6L,45a097c1b95bf1ad3f27d32ddffdc4ee8014640d7d379ca3df7bcd8b6f73c49a,b8d9ed2fd9f5011c1e05f5a5f6588b283367d7395a7bcc57ef6887d4ded60e12,60.0,200.0,15,120.0,ventanas,20261115,experimento_oficial_SIM_5D.csv
6,simulacion,SIM_5D,ALTA,115,1296,propio,ventas.202702.txt,ventas.202609.txt,bloqueo.2609.txt,,AG,4,1004,tiempo,2000,60,0,si,urgentes,1445,8235,9374.0,156.2333,no,c1962-L1750 (c1962-L1750),,llegada tardía (planificada),93931.0,15396,731,542,543,99.82,0,61,0,2168.6,2571.9,871,64530,0,86,354,9.568,16,0,0,0,70,162023,NO_EVALUABLE,0,16.0,LAPTOP-OMI6BJ6L,45a097c1b95bf1ad3f27d32ddffdc4ee8014640d7d379ca3df7bcd8b6f73c49a,b8d9ed2fd9f5011c1e05f5a5f6588b283367d7395a7bcc57ef6887d4ded60e12,60.0,200.0,5,60.2333,ventanas,20270205,experimento_oficial_SIM_5D.csv
7,simulacion,SIM_5D,ALTA,115,1296,propio,ventas.202701.txt,ventas.202609.txt,bloqueo.2609.txt,,TABU,7,1007,tiempo,2000,60,0,,urgentes,1253,6908,20530.0,342.1667,no,c9612-L3678 (c9612-L3678),,llegada tardía (planificada),151681.0,25745,1061,936,937,99.89,0,102,0,2002.5,2068.2,74621,476234,0,5,602,16.27,37,0,0,0,66,257426,NO_EVALUABLE,1,16.0,LAPTOP-OMI6BJ6L,45a097c1b95bf1ad3f27d32ddffdc4ee8014640d7d379ca3df7bcd8b6f73c49a,b8d9ed2fd9f5011c1e05f5a5f6588b283367d7395a7bcc57ef6887d4ded60e12,60.0,200.0,11,102.1667,ventanas,20270111,experimento_oficial_SIM_5D.csv
8,simulacion,SIM_5D,ALTA,115,1296,propio,ventas.202701.txt,ventas.202609.txt,bloqueo.2609.txt,,AG,24,1024,tiempo,2000,60,0,si,urgentes,1316,7072,14702.0,245.0333,no,c8463-L2662 (c8463-L2662),,llegada tardía (planificada),113528.0,18957,849,717,718,99.86,0,77,0,2167.3,2603.4,850,89717,0,103,462,12.486,23,0,0,0,48,209568,NO_EVALUABLE,0,16.0,LAPTOP-OMI6BJ6L,45a097c1b95bf1ad3f27d32ddffdc4ee8014640d7d379ca3df7bcd8b6f73c49a,b8d9ed2fd9f5011c1e05f5a5f6588b283367d7395a7bcc57ef6887d4ded60e12,60.0,200.0,8,77.0333,ventanas,20270108,experimento_oficial_SIM_5D.csv
9,simulacion,SIM_5D,BAJA,78,1296,propio,ventas.202610.txt,ventas.202609.txt,bloqueo.2609.txt,,TABU,26,1026,tiempo,2000,60,0,,urgentes,938,5150,29155.0,485.9167,no,c4704-L3903 (c4704-L3903),,destino bloqueado,2946.0,438,43,18,19,94.74,0,5,0,1999.7,2000.5,36268,354599,0,7,16,0.432,1,0,0,0,0,10250,NO_EVALUABLE,0,16.0,LAPTOP-OMI6BJ6L,45a097c1b95bf1ad3f27d32ddffdc4ee8014640d7d379ca3df7bcd8b6f73c49a,b8d9ed2fd9f5011c1e05f5a5f6588b283367d7395a7bcc57ef6887d4ded60e12,60.0,200.0,21,5.9167,ventanas,20261021,experimento_oficial_SIM_5D.csv
10,simulacion,SIM_5D,MEDIA,98,1296,propio,ventas.202611.txt,ventas.202609.txt,bloqueo.2609.txt,,TABU,29,1029,tiempo,2000,60,0,,urgentes,1148,6283,24480.0,408.0,si,,,,172808.0,28649,1140,1069,1069,100.0,0,120,0,2007.5,2075.9,168215,1060123,0,33,666,18.0,34,0,0,0,48,272154,NO_EVALUABLE,0,16.0,LAPTOP-OMI6BJ6L,45a097c1b95bf1ad3f27d32ddffdc4ee8014640d7d379ca3df7bcd8b6f73c49a,b8d9ed2fd9f5011c1e05f5a5f6588b283367d7395a7bcc57ef6887d4ded60e12,60.0,200.0,13,120.0,ventanas,20261113,experimento_oficial_SIM_5D.csv
11,simulacion,SIM_5D,BAJA,78,1296,propio,ventas.202609.txt,ventas.202609.txt,bloqueo.2609.txt,,AG,28,1028,tiempo,2000,60,0,si,urgentes,795,4478,7200.0,120.0,si,,,,106492.0,17177,788,729,729,100.0,0,119,0,2007.9,2087.5,2362,204371,0,345,393,10.622,24,0,0,0,10,251319,NO_EVALUABLE,0,16.0,LAPTOP-OMI6BJ6L,45a097c1b95bf1ad3f27d32ddffdc4ee8014640d7d379ca3df7bcd8b6f73c49a,b8d9ed2fd9f5011c1e05f5a5f6588b283367d7395a7bcc57ef6887d4ded60e12,60.0,200.0,1,120.0,ventanas,20260901,experimento_oficial_SIM_5D.csv
12,simulacion,SIM_5D,ALTA,115,1296,propio,ventas.202702.txt,ventas.202609.txt,bloqueo.2609.txt,,TABU,21,1021,tiempo,2000,60,0,,urgentes,1355,7479,19455.0,324.25,no,c1218-L3683 (c1218-L3683~1),TA02,llegada tardía (a bordo),82547.0,13639,639,498,499,99.8,0,60,0,2001.9,2051.2,85922,600298,0,19,325,8.784,18,0,0,0,26,138127,NO_EVALUABLE,0,16.0,LAPTOP-OMI6BJ6L,45a097c1b95bf1ad3f27d32ddffdc4ee8014640d7d379ca3df7bcd8b6f73c49a,b8d9ed2fd9f5011c1e05f5a5f6588b283367d7395a7bcc57ef6887d4ded60e12,60.0,200.0,12,60.25,ventanas,20270212,experimento_oficial_SIM_5D.csv
13,simulacion,SIM_5D,ALTA,115,1296,propio,ventas.202702.txt,ventas.202609.txt,bloqueo.2609.txt,,TABU,11,1011,tiempo,2000,60,0,,urgentes,1423,7874,19991.0,333.1833,no,c3859-L3793 (c3859-L3793),,llegada tardía (planificada),61731.0,9858,525,370,371,99.73,0,46,0,2002.4,2031.8,103810,765071,0,20,234,6.324,13,0,0,0,27,104186,NO_EVALUABLE,0,16.0,LAPTOP-OMI6BJ6L,45a097c1b95bf1ad3f27d32ddffdc4ee8014640d7d379ca3df7bcd8b6f73c49a,b8d9ed2fd9f5011c1e05f5a5f6588b283367d7395a7bcc57ef6887d4ded60e12,60.0,200.0,13,45.1833,ventanas,20270213,experimento_oficial_SIM_5D.csv
14,simulacion,SIM_5D,BAJA,78,1296,propio,ventas.202609.txt,ventas.202609.txt,bloqueo.2609.txt,,TABU,21,1021,tiempo,2000,60,0,,urgentes,894,4800,21600.0,360.0,si,,,,123783.0,20348,886,799,799,100.0,0,119,0,2004.8,2059.6,256092,1614917,0,34,482,13.027,29,0,0,0,3,251032,NO_EVALUABLE,0,16.0,LAPTOP-OMI6BJ6L,45a097c1b95bf1ad3f27d32ddffdc4ee8014640d7d379ca3df7bcd8b6f73c49a,b8d9ed2fd9f5011c1e05f5a5f6588b283367d7395a7bcc57ef6887d4ded60e12,60.0,200.0,11,120.0,ventanas,20260911,experimento_oficial_SIM_5D.csv
15,simulacion,SIM_5D,BAJA,78,1296,propio,ventas.202610.txt,ventas.202609.txt,bloqueo.2609.txt,,TABU,24,1024,tiempo,2000,60,0,,urgentes,950,5297,28800.0,480.0,si,,,,140640.0,23487,945,874,874,100.0,0,119,0,2002.8,2088.5,180167,1152168,0,29,553,14.946,37,0,0,0,11,258401,NO_EVALUABLE,0,16.0,LAPTOP-OMI6BJ6L,45a097c1b95bf1ad3f27d32ddffdc4ee8014640d7d379ca3df7bcd8b6f73c49a,b8d9ed2fd9f5011c1e05f5a5f6588b283367d7395a7bcc57ef6887d4ded60e12,60.0,200.0,16,120.0,ventanas,20261016,experimento_oficial_SIM_5D.csv
16,simulacion,SIM_5D,MEDIA,98,1296,propio,ventas.202612.txt,ventas.202609.txt,bloqueo.2609.txt,,TABU,25,1025,tiempo,2000,60,0,,urgentes,1304,6959,28800.0,480.0,si,,,,185520.0,31383,1292,1166,1166,100.0,0,119,0,2005.6,2078.9,118942,825858,0,14,713,19.27,37,0,0,0,50,279459,NO_EVALUABLE,0,16.0,LAPTOP-OMI6BJ6L,45a097c1b95bf1ad3f27d32ddffdc4ee8014640d7d379ca3df7bcd8b6f73c49a,b8d9ed2fd9f5011c1e05f5a5f6588b283367d7395a7bcc57ef6887d4ded60e12,60.0,200.0,16,120.0,ventanas,20261216,experimento_oficial_SIM_5D.csv
17,simulacion,SIM_5D,MEDIA,98,1296,propio,ventas.202611.txt,ventas.202609.txt,bloqueo.2609.txt,,AG,12,1012,tiempo,2000,60,0,si,urgentes,1012,5534,7200.0,120.0,si,,,,145833.0,24079,1008,937,937,100.0,0,119,0,2011.4,2074.7,1364,121750,0,403,543,14.676,26,0,0,0,33,256452,NO_EVALUABLE,0,16.0,LAPTOP-OMI6BJ6L,45a097c1b95bf1ad3f27d32ddffdc4ee8014640d7d379ca3df7bcd8b6f73c49a,b8d9ed2fd9f5011c1e05f5a5f6588b283367d7395a7bcc57ef6887d4ded60e12,60.0,200.0,1,120.0,ventanas,20261101,experimento_oficial_SIM_5D.csv
18,simulacion,SIM_5D,BAJA,78,1296,propio,ventas.202609.txt,ventas.202609.txt,bloqueo.2609.txt,,AG,10,1010,tiempo,2000,60,0,si,urgentes,819,4649,10080.0,168.0,si,,,,112653.0,18412,814,741,741,100.0,0,119,0,2008.4,2084.0,2385,202258,0,332,432,11.676,29,0,0,0,17,253489,NO_EVALUABLE,0,16.0,LAPTOP-OMI6BJ6L,45a097c1b95bf1ad3f27d32ddffdc4ee8014640d7d379ca3df7bcd8b6f73c49a,b8d9ed2fd9f5011c1e05f5a5f6588b283367d7395a7bcc57ef6887d4ded60e12,60.0,200.0,3,120.0,ventanas,20260903,experimento_oficial_SIM_5D.csv
19,simulacion,SIM_5D,MEDIA,98,1296,propio,ventas.202611.txt,ventas.202609.txt,bloqueo.2609.txt,,AG,3,1003,tiempo,2000,60,0,si,urgentes,1035,5843,28311.0,471.85,no,c6031-L4314 (c6031-L4314),,destino bloqueado,141909.0,23567,962,872,873,99.89,0,111,0,2014.0,2133.1,1364,125604,0,179,540,14.595,33,0,0,0,43,243172,NO_EVALUABLE,0,16.0,LAPTOP-OMI6BJ6L,45a097c1b95bf1ad3f27d32ddffdc4ee8014640d7d379ca3df7bcd8b6f73c49a,b8d9ed2fd9f5011c1e05f5a5f6588b283367d7395a7bcc57ef6887d4ded60e12,60.0,200.0,16,111.85,ventanas,20261116,experimento_oficial_SIM_5D.csv
20,simulacion,SIM_5D,MEDIA,98,1296,propio,ventas.202611.txt,ventas.202609.txt,bloqueo.2609.txt,,TABU,23,1023,tiempo,2000,60,0,,urgentes,1039,5730,10080.0,168.0,si,,,,151504.0,24931,1032,934,934,100.0,0,119,0,2002.5,2072.4,214353,1426746,0,31,570,15.405,34,0,0,0,33,257632,NO_EVALUABLE,0,16.0,LAPTOP-OMI6BJ6L,45a097c1b95bf1ad3f27d32ddffdc4ee8014640d7d379ca3df7bcd8b6f73c49a,b8d9ed2fd9f5011c1e05f5a5f6588b283367d7395a7bcc57ef6887d4ded60e12,60.0,200.0,3,120.0,ventanas,20261103,experimento_oficial_SIM_5D.csv
21,simulacion,SIM_5D,ALTA,115,1296,propio,ventas.202701.txt,ventas.202609.txt,bloqueo.2609.txt,,TABU,12,1012,tiempo,2000,60,0,,urgentes,1344,7328,3082.0,51.3667,no,c3821-L539 (c3821-L539),,destino bloqueado,27023.0,4525,303,186,187,99.47,0,28,0,2003.6,2069.1,106448,873077,0,21,126,3.405,8,0,0,0,7,58918,NO_EVALUABLE,0,16.0,LAPTOP-OMI6BJ6L,45a097c1b95bf1ad3f27d32ddffdc4ee8014640d7d379ca3df7bcd8b6f73c49a,b8d9ed2fd9f5011c1e05f5a5f6588b283367d7395a7bcc57ef6887d4ded60e12,60.0,200.0,2,27.3667,ventanas,20270102,experimento_oficial_SIM_5D.csv
22,simulacion,SIM_5D,MEDIA,98,1296,propio,ventas.202611.txt,ventas.202609.txt,bloqueo.2609.txt,,TABU,12,1012,tiempo,2000,60,0,,urgentes,1012,5534,7200.0,120.0,si,,,,152990.0,25589,1008,945,945,100.0,0,119,0,2002.0,2065.0,210360,1421516,0,49,589,15.919,34,0,0,0,33,257764,NO_EVALUABLE,0,16.0,LAPTOP-OMI6BJ6L,45a097c1b95bf1ad3f27d32ddffdc4ee8014640d7d379ca3df7bcd8b6f73c49a,b8d9ed2fd9f5011c1e05f5a5f6588b283367d7395a7bcc57ef6887d4ded60e12,60.0,200.0,1,120.0,ventanas,20261101,experimento_oficial_SIM_5D.csv
23,simulacion,SIM_5D,ALTA,115,1296,propio,ventas.202701.txt,ventas.202609.txt,bloqueo.2609.txt,,TABU,14,1014,tiempo,2000,60,0,,urgentes,1332,7232,3082.0,51.3667,no,c3821-L539 (c3821-L539),,destino bloqueado,68906.0,11584,583,444,445,99.78,0,51,0,2004.2,2066.6,88919,586085,0,25,276,7.459,15,0,0,0,25,110630,NO_EVALUABLE,0,16.0,LAPTOP-OMI6BJ6L,45a097c1b95bf1ad3f27d32ddffdc4ee8014640d7d379ca3df7bcd8b6f73c49a,b8d9ed2fd9f5011c1e05f5a5f6588b283367d7395a7bcc57ef6887d4ded60e12,60.0,200.0,1,51.3667,ventanas,20270101,experimento_oficial_SIM_5D.csv
24,simulacion,SIM_5D,MEDIA,98,1296,propio,ventas.202612.txt,ventas.202609.txt,bloqueo.2609.txt,,AG,35,1035,tiempo,2000,60,0,si,urgentes,1298,6978,27360.0,456.0,si,,,,184190.0,30507,1289,1178,1178,100.0,0,119,0,2081.9,2313.6,653,67116,0,135,689,18.622,40,0,0,0,78,291266,NO_EVALUABLE,0,16.0,LAPTOP-OMI6BJ6L,45a097c1b95bf1ad3f27d32ddffdc4ee8014640d7d379ca3df7bcd8b6f73c49a,b8d9ed2fd9f5011c1e05f5a5f6588b283367d7395a7bcc57ef6887d4ded60e12,60.0,200.0,15,120.0,ventanas,20261215,experimento_oficial_SIM_5D.csv
25,simulacion,SIM_5D,BAJA,78,1296,propio,ventas.202609.txt,ventas.202609.txt,bloqueo.2609.txt,,TABU,37,1037,tiempo,2000,60,0,,urgentes,897,4884,27360.0,456.0,si,,,,127652.0,21046,890,820,820,100.0,0,119,0,2001.7,2048.5,208925,1348180,0,24,492,13.297,32,0,0,0,13,261385,NO_EVALUABLE,0,16.0,LAPTOP-OMI6BJ6L,45a097c1b95bf1ad3f27d32ddffdc4ee8014640d7d379ca3df7bcd8b6f73c49a,b8d9ed2fd9f5011c1e05f5a5f6588b283367d7395a7bcc57ef6887d4ded60e12,60.0,200.0,15,120.0,ventanas,20260915,experimento_oficial_SIM_5D.csv
26,simulacion,SIM_5D,BAJA,78,1296,propio,ventas.202610.txt,ventas.202609.txt,bloqueo.2609.txt,,TABU,16,1016,tiempo,2000,60,0,,urgentes,974,5387,20160.0,336.0,si,,,,143709.0,23967,964,887,887,100.0,0,119,0,2003.4,2070.3,163475,1169238,0,47,564,15.243,40,0,0,0,11,264075,NO_EVALUABLE,0,16.0,LAPTOP-OMI6BJ6L,45a097c1b95bf1ad3f27d32ddffdc4ee8014640d7d379ca3df7bcd8b6f73c49a,b8d9ed2fd9f5011c1e05f5a5f6588b283367d7395a7bcc57ef6887d4ded60e12,60.0,200.0,10,120.0,ventanas,20261010,experimento_oficial_SIM_5D.csv
27,simulacion,SIM_5D,ALTA,115,1296,propio,ventas.202702.txt,ventas.202609.txt,bloqueo.2609.txt,,AG,18,1018,tiempo,2000,60,0,si,urgentes,1371,7562,15508.0,258.4667,no,c6194-L2949 (c6194-L2949),,llegada tardía (planificada),150539.0,25251,1045,887,888,99.89,0,91,0,2102.3,2411.9,1123,111402,0,98,567,15.324,27,0,0,0,73,231879,NO_EVALUABLE,0,16.0,LAPTOP-OMI6BJ6L,45a097c1b95bf1ad3f27d32ddffdc4ee8014640d7d379ca3df7bcd8b6f73c49a,b8d9ed2fd9f5011c1e05f5a5f6588b283367d7395a7bcc57ef6887d4ded60e12,60.0,200.0,8,90.4667,ventanas,20270208,experimento_oficial_SIM_5D.csv
28,simulacion,SIM_5D,MEDIA,98,1296,propio,ventas.202612.txt,ventas.202609.txt,bloqueo.2609.txt,,TABU,19,1019,tiempo,2000,60,0,,urgentes,1153,6499,12960.0,216.0,si,,,,175396.0,29074,1141,1058,1058,100.0,0,119,0,2001.0,2052.0,151969,957975,0,31,678,18.324,41,0,0,0,71,265403,NO_EVALUABLE,0,16.0,LAPTOP-OMI6BJ6L,45a097c1b95bf1ad3f27d32ddffdc4ee8014640d7d379ca3df7bcd8b6f73c49a,b8d9ed2fd9f5011c1e05f5a5f6588b283367d7395a7bcc57ef6887d4ded60e12,60.0,200.0,5,120.0,ventanas,20261205,experimento_oficial_SIM_5D.csv
29,simulacion,SIM_5D,MEDIA,98,1296,propio,ventas.202611.txt,ventas.202609.txt,bloqueo.2609.txt,,AG,8,1008,tiempo,2000,60,0,si,urgentes,1059,5841,11520.0,192.0,si,,,,153181.0,25425,1051,956,956,100.0,0,119,0,2024.0,2204.6,1252,102929,0,252,572,15.459,25,0,0,0,61,263232,NO_EVALUABLE,0,16.0,LAPTOP-OMI6BJ6L,45a097c1b95bf1ad3f27d32ddffdc4ee8014640d7d379ca3df7bcd8b6f73c49a,b8d9ed2fd9f5011c1e05f5a5f6588b283367d7395a7bcc57ef6887d4ded60e12,60.0,200.0,4,120.0,ventanas,20261104,experimento_oficial_SIM_5D.csv
30,simulacion,SIM_5D,BAJA,78,1296,propio,ventas.202609.txt,ventas.202609.txt,bloqueo.2609.txt,,TABU,20,1020,tiempo,2000,60,0,,urgentes,886,4907,34560.0,576.0,si,,,,129456.0,21980,881,782,782,100.0,0,119,0,2004.0,2077.1,194821,1391588,0,29,515,13.919,38,0,0,0,14,263191,NO_EVALUABLE,0,16.0,LAPTOP-OMI6BJ6L,45a097c1b95bf1ad3f27d32ddffdc4ee8014640d7d379ca3df7bcd8b6f73c49a,b8d9ed2fd9f5011c1e05f5a5f6588b283367d7395a7bcc57ef6887d4ded60e12,60.0,200.0,20,120.0,ventanas,20260920,experimento_oficial_SIM_5D.csv
31,simulacion,SIM_5D,MEDIA,98,1296,propio,ventas.202612.txt,ventas.202609.txt,bloqueo.2609.txt,,AG,31,1031,tiempo,2000,60,0,si,urgentes,1165,6536,11520.0,192.0,si,,,,175272.0,28533,1157,1063,1063,100.0,0,119,0,2021.6,2164.1,1100,86100,0,161,650,17.568,36,0,0,0,91,264436,NO_EVALUABLE,0,16.0,LAPTOP-OMI6BJ6L,45a097c1b95bf1ad3f27d32ddffdc4ee8014640d7d379ca3df7bcd8b6f73c49a,b8d9ed2fd9f5011c1e05f5a5f6588b283367d7395a7bcc57ef6887d4ded60e12,60.0,200.0,4,120.0,ventanas,20261204,experimento_oficial_SIM_5D.csv
32,simulacion,SIM_5D,MEDIA,98,1296,propio,ventas.202612.txt,ventas.202609.txt,bloqueo.2609.txt,,TABU,30,1030,tiempo,2000,60,0,,urgentes,1309,7100,24480.0,408.0,si,,,,188193.0,31509,1290,1158,1158,100.0,0,120,0,2004.0,2065.9,141217,1040588,0,29,729,19.703,38,0,0,0,57,284434,NO_EVALUABLE,0,16.0,LAPTOP-OMI6BJ6L,45a097c1b95bf1ad3f27d32ddffdc4ee8014640d7d379ca3df7bcd8b6f73c49a,b8d9ed2fd9f5011c1e05f5a5f6588b283367d7395a7bcc57ef6887d4ded60e12,60.0,200.0,13,120.0,ventanas,20261213,experimento_oficial_SIM_5D.csv
33,simulacion,SIM_5D,ALTA,115,1296,propio,ventas.202701.txt,ventas.202609.txt,bloqueo.2609.txt,,AG,13,1013,tiempo,2000,60,0,si,urgentes,1283,6903,12363.0,206.05,no,c7610-L2202 (c7610-L2202),,llegada tardía (planificada),75908.0,12600,622,484,485,99.79,0,62,0,2039.5,2194.5,486,49504,0,76,311,8.405,18,0,0,0,19,145028,NO_EVALUABLE,0,16.0,LAPTOP-OMI6BJ6L,45a097c1b95bf1ad3f27d32ddffdc4ee8014640d7d379ca3df7bcd8b6f73c49a,b8d9ed2fd9f5011c1e05f5a5f6588b283367d7395a7bcc57ef6887d4ded60e12,60.0,200.0,7,62.05,ventanas,20270107,experimento_oficial_SIM_5D.csv
34,simulacion,SIM_5D,ALTA,115,1296,propio,ventas.202701.txt,ventas.202609.txt,bloqueo.2609.txt,,TABU,10,1010,tiempo,2000,60,0,,urgentes,1277,7088,23763.0,396.05,no,c1088-L4245 (c1088-L4245),,llegada tardía (planificada),118151.0,19760,860,731,732,99.86,0,84,0,2004.8,2078.3,88945,615427,0,37,456,12.324,26,0,0,0,34,199157,NO_EVALUABLE,1,16.0,LAPTOP-OMI6BJ6L,45a097c1b95bf1ad3f27d32ddffdc4ee8014640d7d379ca3df7bcd8b6f73c49a,b8d9ed2fd9f5011c1e05f5a5f6588b283367d7395a7bcc57ef6887d4ded60e12,60.0,200.0,14,84.05,ventanas,20270114,experimento_oficial_SIM_5D.csv
35,simulacion,SIM_5D,BAJA,78,1296,propio,ventas.202609.txt,ventas.202609.txt,bloqueo.2609.txt,,AG,37,1037,tiempo,2000,60,0,si,urgentes,897,4884,27360.0,456.0,si,,,,126345.0,20772,890,822,822,100.0,0,119,0,2025.2,2221.3,1691,131093,0,350,475,12.838,36,0,0,0,15,264198,NO_EVALUABLE,0,16.0,LAPTOP-OMI6BJ6L,45a097c1b95bf1ad3f27d32ddffdc4ee8014640d7d379ca3df7bcd8b6f73c49a,b8d9ed2fd9f5011c1e05f5a5f6588b283367d7395a7bcc57ef6887d4ded60e12,60.0,200.0,15,120.0,ventanas,20260915,experimento_oficial_SIM_5D.csv
36,simulacion,SIM_5D,MEDIA,98,1296,propio,ventas.202611.txt,ventas.202609.txt,bloqueo.2609.txt,,TABU,34,1034,tiempo,2000,60,0,,urgentes,1239,6616,17161.0,286.0167,no,c4269-L2555 (c4269-L2555),,destino bloqueado,51575.0,8377,450,320,321,99.69,0,46,0,2002.7,2057.9,87910,636237,0,25,202,5.459,14,0,0,0,3,104299,NO_EVALUABLE,0,16.0,LAPTOP-OMI6BJ6L,45a097c1b95bf1ad3f27d32ddffdc4ee8014640d7d379ca3df7bcd8b6f73c49a,b8d9ed2fd9f5011c1e05f5a5f6588b283367d7395a7bcc57ef6887d4ded60e12,60.0,200.0,11,46.0167,ventanas,20261111,experimento_oficial_SIM_5D.csv
37,simulacion,SIM_5D,BAJA,78,1296,propio,ventas.202609.txt,ventas.202609.txt,bloqueo.2609.txt,,TABU,2,1002,tiempo,2000,60,0,,urgentes,878,4817,30240.0,504.0,si,,,,128886.0,21740,875,794,794,100.0,0,119,0,2003.5,2064.4,167562,1088567,0,31,492,13.297,38,0,0,0,16,261924,NO_EVALUABLE,0,16.0,LAPTOP-OMI6BJ6L,45a097c1b95bf1ad3f27d32ddffdc4ee8014640d7d379ca3df7bcd8b6f73c49a,b8d9ed2fd9f5011c1e05f5a5f6588b283367d7395a7bcc57ef6887d4ded60e12,60.0,200.0,17,120.0,ventanas,20260917,experimento_oficial_SIM_5D.csv
38,simulacion,SIM_5D,MEDIA,98,1296,propio,ventas.202612.txt,ventas.202609.txt,bloqueo.2609.txt,,AG,27,1027,tiempo,2000,60,0,si,urgentes,1146,6309,19506.0,325.1,no,c6373-L3035 (c6373-L3035),,llegada tardía (planificada),146347.0,23749,1034,903,904,99.89,0,109,0,2020.6,2123.7,717,70214,0,384,531,14.351,26,0,0,0,68,247401,NO_EVALUABLE,0,16.0,LAPTOP-OMI6BJ6L,45a097c1b95bf1ad3f27d32ddffdc4ee8014640d7d379ca3df7bcd8b6f73c49a,b8d9ed2fd9f5011c1e05f5a5f6588b283367d7395a7bcc57ef6887d4ded60e12,60.0,200.0,10,109.1,ventanas,20261210,experimento_oficial_SIM_5D.csv
39,simulacion,SIM_5D,BAJA,78,1296,propio,ventas.202609.txt,ventas.202609.txt,bloqueo.2609.txt,,AG,21,1021,tiempo,2000,60,0,si,urgentes,894,4800,21600.0,360.0,si,,,,117327.0,19150,886,794,794,100.0,0,119,0,2006.3,2060.3,1651,128000,0,330,447,12.081,26,0,0,0,3,249797,NO_EVALUABLE,0,16.0,LAPTOP-OMI6BJ6L,45a097c1b95bf1ad3f27d32ddffdc4ee8014640d7d379ca3df7bcd8b6f73c49a,b8d9ed2fd9f5011c1e05f5a5f6588b283367d7395a7bcc57ef6887d4ded60e12,60.0,200.0,11,120.0,ventanas,20260911,experimento_oficial_SIM_5D.csv
40,simulacion,SIM_5D,MEDIA,98,1296,propio,ventas.202611.txt,ventas.202609.txt,bloqueo.2609.txt,,TABU,17,1017,tiempo,2000,60,0,,urgentes,1104,6152,27136.0,452.2667,no,c3519-L4153 (c3519-L4153~2),,llegada tardía (planificada),156750.0,26039,1068,951,952,99.89,0,116,0,2001.7,2063.7,178657,1167815,0,30,615,16.622,36,0,0,0,39,251866,NO_EVALUABLE,0,16.0,LAPTOP-OMI6BJ6L,45a097c1b95bf1ad3f27d32ddffdc4ee8014640d7d379ca3df7bcd8b6f73c49a,b8d9ed2fd9f5011c1e05f5a5f6588b283367d7395a7bcc57ef6887d4ded60e12,60.0,200.0,15,116.2667,ventanas,20261115,experimento_oficial_SIM_5D.csv
41,simulacion,SIM_5D,BAJA,78,1296,propio,ventas.202610.txt,ventas.202609.txt,bloqueo.2609.txt,,AG,13,1013,tiempo,2000,60,0,si,urgentes,1034,5427,7582.0,126.3667,no,c7742-L969 (c7742-L969),,destino bloqueado,58393.0,9850,482,392,393,99.75,0,54,0,2020.9,2131.8,589,53355,0,122,241,6.514,16,0,0,0,6,120311,NO_EVALUABLE,0,16.0,LAPTOP-OMI6BJ6L,45a097c1b95bf1ad3f27d32ddffdc4ee8014640d7d379ca3df7bcd8b6f73c49a,b8d9ed2fd9f5011c1e05f5a5f6588b283367d7395a7bcc57ef6887d4ded60e12,60.0,200.0,4,54.3667,ventanas,20261004,experimento_oficial_SIM_5D.csv
42,simulacion,SIM_5D,BAJA,78,1296,propio,ventas.202609.txt,ventas.202609.txt,bloqueo.2609.txt,,AG,27,1027,tiempo,2000,60,0,si,urgentes,884,4800,20160.0,336.0,si,,,,120236.0,19498,873,793,793,100.0,0,119,0,2006.6,2066.1,1958,165961,0,407,446,12.054,27,0,0,0,10,250000,NO_EVALUABLE,0,16.0,LAPTOP-OMI6BJ6L,45a097c1b95bf1ad3f27d32ddffdc4ee8014640d7d379ca3df7bcd8b6f73c49a,b8d9ed2fd9f5011c1e05f5a5f6588b283367d7395a7bcc57ef6887d4ded60e12,60.0,200.0,10,120.0,ventanas,20260910,experimento_oficial_SIM_5D.csv
43,simulacion,SIM_5D,MEDIA,98,1296,propio,ventas.202612.txt,ventas.202609.txt,bloqueo.2609.txt,,AG,4,1004,tiempo,2000,60,0,si,urgentes,1066,5944,17280.0,288.0,si,,,,154786.0,25402,1058,979,979,100.0,0,119,0,2025.9,2292.4,894,80416,0,256,587,15.865,25,0,0,0,42,269032,NO_EVALUABLE,0,16.0,LAPTOP-OMI6BJ6L,45a097c1b95bf1ad3f27d32ddffdc4ee8014640d7d379ca3df7bcd8b6f73c49a,b8d9ed2fd9f5011c1e05f5a5f6588b283367d7395a7bcc57ef6887d4ded60e12,60.0,200.0,8,120.0,ventanas,20261208,experimento_oficial_SIM_5D.csv
44,simulacion,SIM_5D,MEDIA,98,1296,propio,ventas.202611.txt,ventas.202609.txt,bloqueo.2609.txt,,AG,14,1014,tiempo,2000,60,0,si,urgentes,1101,6115,28311.0,471.85,no,c6031-L4314 (c6031-L4314),,destino bloqueado,106670.0,17561,767,685,686,99.85,0,87,0,2013.8,2100.0,1150,98014,0,142,424,11.459,24,0,0,0,29,189842,NO_EVALUABLE,0,16.0,LAPTOP-OMI6BJ6L,45a097c1b95bf1ad3f27d32ddffdc4ee8014640d7d379ca3df7bcd8b6f73c49a,b8d9ed2fd9f5011c1e05f5a5f6588b283367d7395a7bcc57ef6887d4ded60e12,60.0,200.0,17,87.85,ventanas,20261117,experimento_oficial_SIM_5D.csv
45,simulacion,SIM_5D,BAJA,78,1296,propio,ventas.202609.txt,ventas.202609.txt,bloqueo.2609.txt,,AG,29,1029,tiempo,2000,60,0,si,urgentes,795,4472,11520.0,192.0,si,,,,111337.0,18237,790,727,727,100.0,0,119,0,2008.4,2096.0,1898,160919,0,279,430,11.622,30,0,0,0,13,254031,NO_EVALUABLE,0,16.0,LAPTOP-OMI6BJ6L,45a097c1b95bf1ad3f27d32ddffdc4ee8014640d7d379ca3df7bcd8b6f73c49a,b8d9ed2fd9f5011c1e05f5a5f6588b283367d7395a7bcc57ef6887d4ded60e12,60.0,200.0,4,120.0,ventanas,20260904,experimento_oficial_SIM_5D.csv
46,simulacion,SIM_5D,BAJA,78,1296,propio,ventas.202610.txt,ventas.202609.txt,bloqueo.2609.txt,,TABU,40,1040,tiempo,2000,60,0,,urgentes,911,5074,34560.0,576.0,si,,,,127278.0,20991,900,807,807,100.0,0,119,0,2000.9,2067.8,271108,1756759,0,30,500,13.514,29,0,0,0,18,251430,NO_EVALUABLE,0,16.0,LAPTOP-OMI6BJ6L,45a097c1b95bf1ad3f27d32ddffdc4ee8014640d7d379ca3df7bcd8b6f73c49a,b8d9ed2fd9f5011c1e05f5a5f6588b283367d7395a7bcc57ef6887d4ded60e12,60.0,200.0,20,120.0,ventanas,20261020,experimento_oficial_SIM_5D.csv
47,simulacion,SIM_5D,ALTA,115,1296,propio,ventas.202701.txt,ventas.202609.txt,bloqueo.2609.txt,,AG,23,1023,tiempo,2000,60,0,si,urgentes,1295,7036,8436.0,140.6,no,c7321-L1521 (c7321-L1521~1),TA04,destino bloqueado,105353.0,17682,777,625,626,99.84,0,68,0,2054.5,2252.5,629,67727,0,148,411,11.108,20,0,0,0,51,160626,NO_EVALUABLE,0,16.0,LAPTOP-OMI6BJ6L,45a097c1b95bf1ad3f27d32ddffdc4ee8014640d7d379ca3df7bcd8b6f73c49a,b8d9ed2fd9f5011c1e05f5a5f6588b283367d7395a7bcc57ef6887d4ded60e12,60.0,200.0,4,68.6,ventanas,20270104,experimento_oficial_SIM_5D.csv
48,simulacion,SIM_5D,ALTA,115,1296,propio,ventas.202702.txt,ventas.202609.txt,bloqueo.2609.txt,,AG,28,1028,tiempo,2000,60,0,si,urgentes,1456,8318,8741.0,145.6833,no,c7702-L1612 (c7702-L1612),,llegada tardía (planificada),118442.0,19663,858,706,707,99.86,0,73,0,2113.3,2491.6,494,52037,0,45,464,12.541,25,0,0,0,67,184811,NO_EVALUABLE,0,16.0,LAPTOP-OMI6BJ6L,45a097c1b95bf1ad3f27d32ddffdc4ee8014640d7d379ca3df7bcd8b6f73c49a,b8d9ed2fd9f5011c1e05f5a5f6588b283367d7395a7bcc57ef6887d4ded60e12,60.0,200.0,4,73.6833,ventanas,20270204,experimento_oficial_SIM_5D.csv
49,simulacion,SIM_5D,BAJA,78,1296,propio,ventas.202609.txt,ventas.202609.txt,bloqueo.2609.txt,,TABU,15,1015,tiempo,2000,60,0,,urgentes,810,4530,12960.0,216.0,si,,,,118294.0,19291,800,734,734,100.0,0,119,0,2002.9,2067.7,244045,1689432,0,47,456,12.324,32,0,0,0,21,254366,NO_EVALUABLE,0,16.0,LAPTOP-OMI6BJ6L,45a097c1b95bf1ad3f27d32ddffdc4ee8014640d7d379ca3df7bcd8b6f73c49a,b8d9ed2fd9f5011c1e05f5a5f6588b283367d7395a7bcc57ef6887d4ded60e12,60.0,200.0,5,120.0,ventanas,20260905,experimento_oficial_SIM_5D.csv
50,simulacion,SIM_5D,MEDIA,98,1296,propio,ventas.202611.txt,ventas.202609.txt,bloqueo.2609.txt,,TABU,9,1009,tiempo,2000,60,0,,urgentes,1057,5766,8640.0,144.0,si,,,,153100.0,25061,1049,941,941,100.0,0,119,0,2003.3,2086.1,177613,1165966,0,69,576,15.568,35,0,0,0,35,263586,NO_EVALUABLE,0,16.0,LAPTOP-OMI6BJ6L,45a097c1b95bf1ad3f27d32ddffdc4ee8014640d7d379ca3df7bcd8b6f73c49a,b8d9ed2fd9f5011c1e05f5a5f6588b283367d7395a7bcc57ef6887d4ded60e12,60.0,200.0,2,120.0,ventanas,20261102,experimento_oficial_SIM_5D.csv
51,simulacion,SIM_5D,BAJA,78,1296,propio,ventas.202610.txt,ventas.202609.txt,bloqueo.2609.txt,,TABU,35,1035,tiempo,2000,60,0,,urgentes,968,5198,12227.0,203.7833,no,c9927-L1587 (c9927-L1587),TB06,llegada tardía (a bordo),63630.0,10491,493,412,413,99.76,0,59,0,2001.1,2049.8,137355,948548,0,26,246,6.649,14,0,0,0,12,126708,NO_EVALUABLE,0,16.0,LAPTOP-OMI6BJ6L,45a097c1b95bf1ad3f27d32ddffdc4ee8014640d7d379ca3df7bcd8b6f73c49a,b8d9ed2fd9f5011c1e05f5a5f6588b283367d7395a7bcc57ef6887d4ded60e12,60.0,200.0,7,59.7833,ventanas,20261007,experimento_oficial_SIM_5D.csv
52,simulacion,SIM_5D,MEDIA,98,1296,propio,ventas.202612.txt,ventas.202609.txt,bloqueo.2609.txt,,TABU,27,1027,tiempo,2000,60,0,,urgentes,1146,6309,18771.0,312.85,no,c7282-L2869 (c7282-L2869~2),TB12,destino bloqueado,130403.0,21577,903,789,790,99.87,0,96,0,2003.0,2084.6,105851,742148,0,28,494,13.351,30,0,0,0,52,222905,NO_EVALUABLE,0,16.0,LAPTOP-OMI6BJ6L,45a097c1b95bf1ad3f27d32ddffdc4ee8014640d7d379ca3df7bcd8b6f73c49a,b8d9ed2fd9f5011c1e05f5a5f6588b283367d7395a7bcc57ef6887d4ded60e12,60.0,200.0,10,96.85,ventanas,20261210,experimento_oficial_SIM_5D.csv
53,simulacion,SIM_5D,MEDIA,98,1296,propio,ventas.202612.txt,ventas.202609.txt,bloqueo.2609.txt,,AG,32,1032,tiempo,2000,60,0,si,urgentes,1302,7090,22924.0,382.0667,no,c9880-L3652 (c9880-L3652~2),,llegada tardía (planificada),95973.0,15603,746,592,593,99.83,0,70,0,2123.1,2584.8,745,70439,0,121,367,9.919,20,0,0,0,37,177397,NO_EVALUABLE,0,16.0,LAPTOP-OMI6BJ6L,45a097c1b95bf1ad3f27d32ddffdc4ee8014640d7d379ca3df7bcd8b6f73c49a,b8d9ed2fd9f5011c1e05f5a5f6588b283367d7395a7bcc57ef6887d4ded60e12,60.0,200.0,14,70.0667,ventanas,20261214,experimento_oficial_SIM_5D.csv
54,simulacion,SIM_5D,ALTA,115,1296,propio,ventas.202702.txt,ventas.202609.txt,bloqueo.2609.txt,,TABU,1,1001,tiempo,2000,60,0,,urgentes,1374,8019,3737.0,62.2833,no,c6321-L636 (c6321-L636),,destino bloqueado,46567.0,7717,419,291,292,99.66,0,38,0,2005.4,2059.7,68598,517917,0,8,196,5.297,12,0,0,0,17,85876,NO_EVALUABLE,0,16.0,LAPTOP-OMI6BJ6L,45a097c1b95bf1ad3f27d32ddffdc4ee8014640d7d379ca3df7bcd8b6f73c49a,b8d9ed2fd9f5011c1e05f5a5f6588b283367d7395a7bcc57ef6887d4ded60e12,60.0,200.0,2,38.2833,ventanas,20270202,experimento_oficial_SIM_5D.csv
55,simulacion,SIM_5D,ALTA,115,1296,propio,ventas.202702.txt,ventas.202609.txt,bloqueo.2609.txt,,AG,11,1011,tiempo,2000,60,0,si,urgentes,1423,7874,20483.0,341.3833,no,c3182-L3911 (c3182-L3911),,llegada tardía (planificada),78217.0,12922,611,465,466,99.79,0,54,0,2108.1,2436.5,1164,116924,0,143,299,8.081,13,0,0,0,47,138639,NO_EVALUABLE,0,16.0,LAPTOP-OMI6BJ6L,45a097c1b95bf1ad3f27d32ddffdc4ee8014640d7d379ca3df7bcd8b6f73c49a,b8d9ed2fd9f5011c1e05f5a5f6588b283367d7395a7bcc57ef6887d4ded60e12,60.0,200.0,13,53.3833,ventanas,20270213,experimento_oficial_SIM_5D.csv
56,simulacion,SIM_5D,ALTA,115,1296,propio,ventas.202702.txt,ventas.202609.txt,bloqueo.2609.txt,,AG,9,1009,tiempo,2000,60,0,si,urgentes,1395,7695,19035.0,317.25,no,c9203-L3604 (c9203-L3604~1),TA09,llegada tardía (a bordo),123314.0,20377,884,737,738,99.86,0,77,0,2106.4,2367.9,450,44924,0,14,474,12.811,25,0,0,0,47,198675,NO_EVALUABLE,0,16.0,LAPTOP-OMI6BJ6L,45a097c1b95bf1ad3f27d32ddffdc4ee8014640d7d379ca3df7bcd8b6f73c49a,b8d9ed2fd9f5011c1e05f5a5f6588b283367d7395a7bcc57ef6887d4ded60e12,60.0,200.0,11,77.25,ventanas,20270211,experimento_oficial_SIM_5D.csv
57,simulacion,SIM_5D,BAJA,78,1296,propio,ventas.202609.txt,ventas.202609.txt,bloqueo.2609.txt,,AG,11,1011,tiempo,2000,60,0,si,urgentes,833,4673,15840.0,264.0,si,,,,119237.0,19507,825,755,755,100.0,0,119,0,2009.8,2093.8,2195,198946,0,400,462,12.486,25,0,0,0,11,253519,NO_EVALUABLE,0,16.0,LAPTOP-OMI6BJ6L,45a097c1b95bf1ad3f27d32ddffdc4ee8014640d7d379ca3df7bcd8b6f73c49a,b8d9ed2fd9f5011c1e05f5a5f6588b283367d7395a7bcc57ef6887d4ded60e12,60.0,200.0,7,120.0,ventanas,20260907,experimento_oficial_SIM_5D.csv
58,simulacion,SIM_5D,BAJA,78,1296,propio,ventas.202610.txt,ventas.202609.txt,bloqueo.2609.txt,,TABU,19,1019,tiempo,2000,60,0,,urgentes,932,5134,37440.0,624.0,si,,,,132781.0,22239,927,864,864,100.0,0,119,0,2000.9,2034.6,195604,1216649,0,27,545,14.73,33,0,0,0,12,258528,NO_EVALUABLE,0,16.0,LAPTOP-OMI6BJ6L,45a097c1b95bf1ad3f27d32ddffdc4ee8014640d7d379ca3df7bcd8b6f73c49a,b8d9ed2fd9f5011c1e05f5a5f6588b283367d7395a7bcc57ef6887d4ded60e12,60.0,200.0,22,120.0,ventanas,20261022,experimento_oficial_SIM_5D.csv
59,simulacion,SIM_5D,MEDIA,98,1296,propio,ventas.202611.txt,ventas.202609.txt,bloqueo.2609.txt,,AG,23,1023,tiempo,2000,60,0,si,urgentes,1039,5730,10080.0,168.0,si,,,,148510.0,24352,1032,934,934,100.0,0,119,0,2020.5,2232.1,1158,97833,0,368,542,14.649,30,0,0,0,43,260562,NO_EVALUABLE,0,16.0,LAPTOP-OMI6BJ6L,45a097c1b95bf1ad3f27d32ddffdc4ee8014640d7d379ca3df7bcd8b6f73c49a,b8d9ed2fd9f5011c1e05f5a5f6588b283367d7395a7bcc57ef6887d4ded60e12,60.0,200.0,3,120.0,ventanas,20261103,experimento_oficial_SIM_5D.csv
60,simulacion,SIM_5D,ALTA,115,1296,propio,ventas.202701.txt,ventas.202609.txt,bloqueo.2609.txt,,AG,16,1016,tiempo,2000,60,0,si,urgentes,1305,7266,25748.0,429.1333,no,c7589-L4644 (c7589-L4644),,llegada tardía (planificada),148243.0,24896,1022,876,877,99.89,0,93,0,2119.3,2644.4,338,34103,0,140,553,14.946,28,0,0,0,68,236787,NO_EVALUABLE,0,16.0,LAPTOP-OMI6BJ6L,45a097c1b95bf1ad3f27d32ddffdc4ee8014640d7d379ca3df7bcd8b6f73c49a,b8d9ed2fd9f5011c1e05f5a5f6588b283367d7395a7bcc57ef6887d4ded60e12,60.0,200.0,15,93.1333,ventanas,20270115,experimento_oficial_SIM_5D.csv
61,simulacion,SIM_5D,BAJA,78,1296,propio,ventas.202610.txt,ventas.202609.txt,bloqueo.2609.txt,,AG,24,1024,tiempo,2000,60,0,si,urgentes,950,5297,28800.0,480.0,si,,,,134440.0,21891,945,878,878,100.0,0,119,0,2013.7,2128.2,1280,105038,0,337,515,13.919,27,0,0,0,11,257915,NO_EVALUABLE,0,16.0,LAPTOP-OMI6BJ6L,45a097c1b95bf1ad3f27d32ddffdc4ee8014640d7d379ca3df7bcd8b6f73c49a,b8d9ed2fd9f5011c1e05f5a5f6588b283367d7395a7bcc57ef6887d4ded60e12,60.0,200.0,16,120.0,ventanas,20261016,experimento_oficial_SIM_5D.csv
62,simulacion,SIM_5D,ALTA,115,1296,propio,ventas.202701.txt,ventas.202609.txt,bloqueo.2609.txt,,AG,25,1025,tiempo,2000,60,0,si,urgentes,1265,7010,21065.0,351.0833,no,c1821-L3755 (c1821-L3755),,destino bloqueado,81566.0,13595,629,506,507,99.8,0,63,0,2109.3,2347.1,434,50382,0,94,329,8.892,20,0,0,0,23,159212,NO_EVALUABLE,1,16.0,LAPTOP-OMI6BJ6L,45a097c1b95bf1ad3f27d32ddffdc4ee8014640d7d379ca3df7bcd8b6f73c49a,b8d9ed2fd9f5011c1e05f5a5f6588b283367d7395a7bcc57ef6887d4ded60e12,60.0,200.0,13,63.0833,ventanas,20270113,experimento_oficial_SIM_5D.csv
63,simulacion,SIM_5D,BAJA,78,1296,propio,ventas.202610.txt,ventas.202609.txt,bloqueo.2609.txt,,AG,23,1023,tiempo,2000,60,0,si,urgentes,985,5218,5655.0,94.25,no,c5804-L706 (c5804-L706),TA01,llegada tardía (a bordo),69462.0,11395,561,456,457,99.78,0,70,0,2036.5,2259.7,1346,127780,0,173,279,7.541,18,0,0,0,22,157829,NO_EVALUABLE,0,16.0,LAPTOP-OMI6BJ6L,45a097c1b95bf1ad3f27d32ddffdc4ee8014640d7d379ca3df7bcd8b6f73c49a,b8d9ed2fd9f5011c1e05f5a5f6588b283367d7395a7bcc57ef6887d4ded60e12,60.0,200.0,2,70.25,ventanas,20261002,experimento_oficial_SIM_5D.csv
64,simulacion,SIM_5D,MEDIA,98,1296,propio,ventas.202611.txt,ventas.202609.txt,bloqueo.2609.txt,,AG,11,1011,tiempo,2000,60,0,si,urgentes,1129,6248,12288.0,204.8,no,c3410-L1768 (c3410-L1768~1),TA09,llegada tardía (a bordo),109380.0,18014,789,682,683,99.85,0,84,0,2019.5,2105.8,501,52291,0,234,420,11.351,22,0,0,0,32,189421,NO_EVALUABLE,0,16.0,LAPTOP-OMI6BJ6L,45a097c1b95bf1ad3f27d32ddffdc4ee8014640d7d379ca3df7bcd8b6f73c49a,b8d9ed2fd9f5011c1e05f5a5f6588b283367d7395a7bcc57ef6887d4ded60e12,60.0,200.0,6,84.8,ventanas,20261106,experimento_oficial_SIM_5D.csv
65,simulacion,SIM_5D,BAJA,78,1296,propio,ventas.202609.txt,ventas.202609.txt,bloqueo.2609.txt,,AG,7,1007,tiempo,2000,60,0,si,urgentes,940,5143,37440.0,624.0,si,,,,132514.0,22113,928,836,836,100.0,0,119,0,2018.5,2116.7,1245,103237,0,229,514,13.892,39,0,0,0,21,266750,NO_EVALUABLE,0,16.0,LAPTOP-OMI6BJ6L,45a097c1b95bf1ad3f27d32ddffdc4ee8014640d7d379ca3df7bcd8b6f73c49a,b8d9ed2fd9f5011c1e05f5a5f6588b283367d7395a7bcc57ef6887d4ded60e12,60.0,200.0,22,120.0,ventanas,20260922,experimento_oficial_SIM_5D.csv
66,simulacion,SIM_5D,ALTA,115,1296,propio,ventas.202702.txt,ventas.202609.txt,bloqueo.2609.txt,,TABU,8,1008,tiempo,2000,60,0,,urgentes,1431,8270,3737.0,62.2833,no,c6321-L636 (c6321-L636),,destino bloqueado,10777.0,1693,154,74,75,98.67,0,14,0,1999.2,2002.1,46373,359024,0,25,48,1.297,3,0,0,0,1,29464,NO_EVALUABLE,0,16.0,LAPTOP-OMI6BJ6L,45a097c1b95bf1ad3f27d32ddffdc4ee8014640d7d379ca3df7bcd8b6f73c49a,b8d9ed2fd9f5011c1e05f5a5f6588b283367d7395a7bcc57ef6887d4ded60e12,60.0,200.0,3,14.2833,ventanas,20270203,experimento_oficial_SIM_5D.csv
67,simulacion,SIM_5D,ALTA,115,1296,propio,ventas.202701.txt,ventas.202609.txt,bloqueo.2609.txt,,AG,7,1007,tiempo,2000,60,0,si,urgentes,1253,6908,17045.0,284.0833,no,c9968-L3081 (c9968-L3081~1),TA04,llegada tardía (a bordo),56929.0,9407,481,347,348,99.71,0,44,0,2063.2,2172.8,332,33537,0,71,218,5.892,14,0,0,0,18,108336,NO_EVALUABLE,0,16.0,LAPTOP-OMI6BJ6L,45a097c1b95bf1ad3f27d32ddffdc4ee8014640d7d379ca3df7bcd8b6f73c49a,b8d9ed2fd9f5011c1e05f5a5f6588b283367d7395a7bcc57ef6887d4ded60e12,60.0,200.0,11,44.0833,ventanas,20270111,experimento_oficial_SIM_5D.csv
68,simulacion,SIM_5D,ALTA,115,1296,propio,ventas.202702.txt,ventas.202609.txt,bloqueo.2609.txt,,AG,1,1001,tiempo,2000,60,0,si,urgentes,1374,8019,3737.0,62.2833,no,c6321-L636 (c6321-L636),,destino bloqueado,44498.0,7374,419,277,278,99.64,0,38,0,2046.7,2284.8,404,51066,0,64,179,4.838,13,0,0,0,32,91170,NO_EVALUABLE,0,16.0,LAPTOP-OMI6BJ6L,45a097c1b95bf1ad3f27d32ddffdc4ee8014640d7d379ca3df7bcd8b6f73c49a,b8d9ed2fd9f5011c1e05f5a5f6588b283367d7395a7bcc57ef6887d4ded60e12,60.0,200.0,2,38.2833,ventanas,20270202,experimento_oficial_SIM_5D.csv
69,simulacion,SIM_5D,ALTA,115,1296,propio,ventas.202701.txt,ventas.202609.txt,bloqueo.2609.txt,,AG,26,1026,tiempo,2000,60,0,si,urgentes,1317,7145,14400.0,240.0,si,,,,183996.0,30518,1303,1161,1161,100.0,0,119,0,2185.9,2744.9,533,58470,0,52,714,19.297,36,0,0,0,71,330882,NO_EVALUABLE,0,16.0,LAPTOP-OMI6BJ6L,45a097c1b95bf1ad3f27d32ddffdc4ee8014640d7d379ca3df7bcd8b6f73c49a,b8d9ed2fd9f5011c1e05f5a5f6588b283367d7395a7bcc57ef6887d4ded60e12,60.0,200.0,6,120.0,ventanas,20270106,experimento_oficial_SIM_5D.csv
70,simulacion,SIM_5D,BAJA,78,1296,propio,ventas.202610.txt,ventas.202609.txt,bloqueo.2609.txt,,AG,26,1026,tiempo,2000,60,0,si,urgentes,938,5150,29155.0,485.9167,no,c4704-L3903 (c4704-L3903),,destino bloqueado,2045.0,312,43,15,16,93.75,0,5,0,2000.0,2001.6,474,62361,0,5,12,0.324,1,0,0,0,0,10249,NO_EVALUABLE,0,16.0,LAPTOP-OMI6BJ6L,45a097c1b95bf1ad3f27d32ddffdc4ee8014640d7d379ca3df7bcd8b6f73c49a,b8d9ed2fd9f5011c1e05f5a5f6588b283367d7395a7bcc57ef6887d4ded60e12,60.0,200.0,21,5.9167,ventanas,20261021,experimento_oficial_SIM_5D.csv
71,simulacion,SIM_5D,ALTA,115,1296,propio,ventas.202701.txt,ventas.202609.txt,bloqueo.2609.txt,,AG,5,1005,tiempo,2000,60,0,si,urgentes,1252,6929,20968.0,349.4667,no,c3456-L3736 (c3456-L3736~1),TA04,llegada tardía (a bordo),121245.0,20192,870,755,756,99.87,0,85,0,2132.1,2352.6,225,26085,0,62,468,12.649,26,0,0,0,54,224779,NO_EVALUABLE,1,16.0,LAPTOP-OMI6BJ6L,45a097c1b95bf1ad3f27d32ddffdc4ee8014640d7d379ca3df7bcd8b6f73c49a,b8d9ed2fd9f5011c1e05f5a5f6588b283367d7395a7bcc57ef6887d4ded60e12,60.0,200.0,12,85.4667,ventanas,20270112,experimento_oficial_SIM_5D.csv
72,simulacion,SIM_5D,MEDIA,98,1296,propio,ventas.202612.txt,ventas.202609.txt,bloqueo.2609.txt,,TABU,2,1002,tiempo,2000,60,0,,urgentes,1238,6657,30240.0,504.0,si,,,,183333.0,30981,1232,1138,1138,100.0,0,120,0,2004.9,2098.6,122824,907406,0,19,695,18.784,38,0,0,0,51,286288,NO_EVALUABLE,0,16.0,LAPTOP-OMI6BJ6L,45a097c1b95bf1ad3f27d32ddffdc4ee8014640d7d379ca3df7bcd8b6f73c49a,b8d9ed2fd9f5011c1e05f5a5f6588b283367d7395a7bcc57ef6887d4ded60e12,60.0,200.0,17,120.0,ventanas,20261217,experimento_oficial_SIM_5D.csv
73,simulacion,SIM_5D,BAJA,78,1296,propio,ventas.202610.txt,ventas.202609.txt,bloqueo.2609.txt,,AG,17,1017,tiempo,2000,60,0,si,urgentes,912,5044,29155.0,485.9167,no,c4704-L3903 (c4704-L3903),,destino bloqueado,80514.0,13032,597,513,514,99.81,0,77,0,2015.9,2075.5,813,74547,0,156,304,8.216,21,0,0,0,4,167267,NO_EVALUABLE,0,16.0,LAPTOP-OMI6BJ6L,45a097c1b95bf1ad3f27d32ddffdc4ee8014640d7d379ca3df7bcd8b6f73c49a,b8d9ed2fd9f5011c1e05f5a5f6588b283367d7395a7bcc57ef6887d4ded60e12,60.0,200.0,18,77.9167,ventanas,20261018,experimento_oficial_SIM_5D.csv
74,simulacion,SIM_5D,MEDIA,98,1296,propio,ventas.202612.txt,ventas.202609.txt,bloqueo.2609.txt,,AG,19,1019,tiempo,2000,60,0,si,urgentes,1153,6499,12960.0,216.0,si,,,,170820.0,28247,1141,1053,1053,100.0,0,119,0,2039.8,2337.3,782,67297,0,215,645,17.432,37,0,0,0,87,271735,NO_EVALUABLE,0,16.0,LAPTOP-OMI6BJ6L,45a097c1b95bf1ad3f27d32ddffdc4ee8014640d7d379ca3df7bcd8b6f73c49a,b8d9ed2fd9f5011c1e05f5a5f6588b283367d7395a7bcc57ef6887d4ded60e12,60.0,200.0,5,120.0,ventanas,20261205,experimento_oficial_SIM_5D.csv
75,simulacion,SIM_5D,BAJA,78,1296,propio,ventas.202609.txt,ventas.202609.txt,bloqueo.2609.txt,,AG,1,1001,tiempo,2000,60,0,si,urgentes,912,4890,24480.0,408.0,si,,,,124837.0,20333,910,827,827,100.0,0,119,0,2022.7,2227.6,1393,120275,0,291,471,12.73,25,0,0,0,21,261460,NO_EVALUABLE,0,16.0,LAPTOP-OMI6BJ6L,45a097c1b95bf1ad3f27d32ddffdc4ee8014640d7d379ca3df7bcd8b6f73c49a,b8d9ed2fd9f5011c1e05f5a5f6588b283367d7395a7bcc57ef6887d4ded60e12,60.0,200.0,13,120.0,ventanas,20260913,experimento_oficial_SIM_5D.csv
76,simulacion,SIM_5D,ALTA,115,1296,propio,ventas.202701.txt,ventas.202609.txt,bloqueo.2609.txt,,TABU,20,1020,tiempo,2000,60,0,,urgentes,1261,6904,17045.0,284.0833,no,c9968-L3081 (c9968-L3081~1),TA09,llegada tardía (a bordo),99450.0,16836,741,606,607,99.84,0,68,0,2002.3,2024.8,56544,427759,0,11,383,10.351,19,0,0,0,34,172103,NO_EVALUABLE,0,16.0,LAPTOP-OMI6BJ6L,45a097c1b95bf1ad3f27d32ddffdc4ee8014640d7d379ca3df7bcd8b6f73c49a,b8d9ed2fd9f5011c1e05f5a5f6588b283367d7395a7bcc57ef6887d4ded60e12,60.0,200.0,10,68.0833,ventanas,20270110,experimento_oficial_SIM_5D.csv
77,simulacion,SIM_5D,BAJA,78,1296,propio,ventas.202609.txt,ventas.202609.txt,bloqueo.2609.txt,,TABU,27,1027,tiempo,2000,60,0,,urgentes,884,4800,20160.0,336.0,si,,,,125452.0,21200,873,801,801,100.0,0,119,0,2003.5,2067.7,230793,1434689,0,16,501,13.541,36,0,0,0,2,252517,NO_EVALUABLE,0,16.0,LAPTOP-OMI6BJ6L,45a097c1b95bf1ad3f27d32ddffdc4ee8014640d7d379ca3df7bcd8b6f73c49a,b8d9ed2fd9f5011c1e05f5a5f6588b283367d7395a7bcc57ef6887d4ded60e12,60.0,200.0,10,120.0,ventanas,20260910,experimento_oficial_SIM_5D.csv
78,simulacion,SIM_5D,ALTA,115,1296,propio,ventas.202701.txt,ventas.202609.txt,bloqueo.2609.txt,,TABU,24,1024,tiempo,2000,60,0,,urgentes,1316,7072,14699.0,244.9833,no,c3275-L2661 (c3275-L2661~2),TB11,llegada tardía (a bordo),110491.0,18747,841,698,699,99.86,0,76,0,2004.2,2078.2,88082,692742,0,34,453,12.243,23,0,0,0,43,197533,NO_EVALUABLE,0,16.0,LAPTOP-OMI6BJ6L,45a097c1b95bf1ad3f27d32ddffdc4ee8014640d7d379ca3df7bcd8b6f73c49a,b8d9ed2fd9f5011c1e05f5a5f6588b283367d7395a7bcc57ef6887d4ded60e12,60.0,200.0,8,76.9833,ventanas,20270108,experimento_oficial_SIM_5D.csv
79,simulacion,SIM_5D,MEDIA,98,1296,propio,ventas.202611.txt,ventas.202609.txt,bloqueo.2609.txt,,AG,5,1005,tiempo,2000,60,0,si,urgentes,1085,6010,12960.0,216.0,si,,,,156413.0,25914,1076,981,981,100.0,0,119,0,2027.6,2175.5,1105,101292,0,160,589,15.919,32,0,0,0,42,267646,NO_EVALUABLE,1,16.0,LAPTOP-OMI6BJ6L,45a097c1b95bf1ad3f27d32ddffdc4ee8014640d7d379ca3df7bcd8b6f73c49a,b8d9ed2fd9f5011c1e05f5a5f6588b283367d7395a7bcc57ef6887d4ded60e12,60.0,200.0,5,120.0,ventanas,20261105,experimento_oficial_SIM_5D.csv
80,simulacion,SIM_5D,BAJA,78,1296,propio,ventas.202610.txt,ventas.202609.txt,bloqueo.2609.txt,,AG,8,1008,tiempo,2000,60,0,si,urgentes,1010,5640,23040.0,384.0,si,,,,145328.0,23744,1002,916,916,100.0,0,119,0,2028.0,2286.4,853,96281,0,289,561,15.162,27,0,0,0,18,270078,NO_EVALUABLE,0,16.0,LAPTOP-OMI6BJ6L,45a097c1b95bf1ad3f27d32ddffdc4ee8014640d7d379ca3df7bcd8b6f73c49a,b8d9ed2fd9f5011c1e05f5a5f6588b283367d7395a7bcc57ef6887d4ded60e12,60.0,200.0,12,120.0,ventanas,20261012,experimento_oficial_SIM_5D.csv
81,simulacion,SIM_5D,BAJA,78,1296,propio,ventas.202610.txt,ventas.202609.txt,bloqueo.2609.txt,,TABU,4,1004,tiempo,2000,60,0,,urgentes,1017,5348,7582.0,126.3667,no,c7742-L969 (c7742-L969),,destino bloqueado,85972.0,14666,671,568,569,99.82,0,78,0,2003.5,2061.2,131899,945164,0,23,348,9.405,25,0,0,0,11,175119,NO_EVALUABLE,0,16.0,LAPTOP-OMI6BJ6L,45a097c1b95bf1ad3f27d32ddffdc4ee8014640d7d379ca3df7bcd8b6f73c49a,b8d9ed2fd9f5011c1e05f5a5f6588b283367d7395a7bcc57ef6887d4ded60e12,60.0,200.0,3,78.3667,ventanas,20261003,experimento_oficial_SIM_5D.csv
82,simulacion,SIM_5D,BAJA,78,1296,propio,ventas.202610.txt,ventas.202609.txt,bloqueo.2609.txt,,AG,9,1009,tiempo,2000,60,0,si,urgentes,982,5365,17280.0,288.0,si,,,,136009.0,22948,973,887,887,100.0,0,119,0,2018.4,2108.0,1009,100017,0,316,539,14.568,37,0,0,0,23,263798,NO_EVALUABLE,0,16.0,LAPTOP-OMI6BJ6L,45a097c1b95bf1ad3f27d32ddffdc4ee8014640d7d379ca3df7bcd8b6f73c49a,b8d9ed2fd9f5011c1e05f5a5f6588b283367d7395a7bcc57ef6887d4ded60e12,60.0,200.0,8,120.0,ventanas,20261008,experimento_oficial_SIM_5D.csv
83,simulacion,SIM_5D,ALTA,115,1296,propio,ventas.202701.txt,ventas.202609.txt,bloqueo.2609.txt,,TABU,17,1017,tiempo,2000,60,0,,urgentes,1306,7098,6739.0,112.3167,no,c1132-L1195 (c1132-L1195),TM04,llegada tardía (a bordo),88043.0,14482,697,547,548,99.82,0,64,0,2006.8,2081.8,92857,632889,0,21,345,9.324,20,0,0,0,26,142687,NO_EVALUABLE,0,16.0,LAPTOP-OMI6BJ6L,45a097c1b95bf1ad3f27d32ddffdc4ee8014640d7d379ca3df7bcd8b6f73c49a,b8d9ed2fd9f5011c1e05f5a5f6588b283367d7395a7bcc57ef6887d4ded60e12,60.0,200.0,3,64.3167,ventanas,20270103,experimento_oficial_SIM_5D.csv
84,simulacion,SIM_5D,ALTA,115,1296,propio,ventas.202701.txt,ventas.202609.txt,bloqueo.2609.txt,,TABU,26,1026,tiempo,2000,60,0,,urgentes,1317,7145,14400.0,240.0,si,,,,187966.0,31558,1303,1165,1165,100.0,0,119,0,2003.6,2053.6,94152,653667,0,14,751,20.297,39,0,0,0,73,302612,NO_EVALUABLE,0,16.0,LAPTOP-OMI6BJ6L,45a097c1b95bf1ad3f27d32ddffdc4ee8014640d7d379ca3df7bcd8b6f73c49a,b8d9ed2fd9f5011c1e05f5a5f6588b283367d7395a7bcc57ef6887d4ded60e12,60.0,200.0,6,120.0,ventanas,20270106,experimento_oficial_SIM_5D.csv
85,simulacion,SIM_5D,ALTA,115,1296,propio,ventas.202702.txt,ventas.202609.txt,bloqueo.2609.txt,,AG,15,1015,tiempo,2000,60,0,si,urgentes,1341,7440,15912.0,265.2,no,c4632-L3045 (c4632-L3045),,llegada tardía (planificada),112698.0,18675,846,682,683,99.85,0,73,0,2160.1,2478.1,419,43452,0,117,446,12.054,23,0,0,0,52,197400,NO_EVALUABLE,0,16.0,LAPTOP-OMI6BJ6L,45a097c1b95bf1ad3f27d32ddffdc4ee8014640d7d379ca3df7bcd8b6f73c49a,b8d9ed2fd9f5011c1e05f5a5f6588b283367d7395a7bcc57ef6887d4ded60e12,60.0,200.0,9,73.2,ventanas,20270209,experimento_oficial_SIM_5D.csv
86,simulacion,SIM_5D,MEDIA,98,1296,propio,ventas.202611.txt,ventas.202609.txt,bloqueo.2609.txt,,TABU,5,1005,tiempo,2000,60,0,,urgentes,1085,6010,12960.0,216.0,si,,,,161006.0,26766,1076,970,970,100.0,0,119,0,2004.1,2095.2,161793,1059208,0,36,609,16.459,39,0,0,0,32,266383,NO_EVALUABLE,1,16.0,LAPTOP-OMI6BJ6L,45a097c1b95bf1ad3f27d32ddffdc4ee8014640d7d379ca3df7bcd8b6f73c49a,b8d9ed2fd9f5011c1e05f5a5f6588b283367d7395a7bcc57ef6887d4ded60e12,60.0,200.0,5,120.0,ventanas,20261105,experimento_oficial_SIM_5D.csv
87,simulacion,SIM_5D,BAJA,78,1296,propio,ventas.202609.txt,ventas.202609.txt,bloqueo.2609.txt,,TABU,29,1029,tiempo,2000,60,0,,urgentes,795,4472,11520.0,192.0,si,,,,117546.0,19450,790,729,729,100.0,0,119,0,2002.2,2069.3,225597,1442435,0,41,458,12.378,30,0,0,0,11,254570,NO_EVALUABLE,0,16.0,LAPTOP-OMI6BJ6L,45a097c1b95bf1ad3f27d32ddffdc4ee8014640d7d379ca3df7bcd8b6f73c49a,b8d9ed2fd9f5011c1e05f5a5f6588b283367d7395a7bcc57ef6887d4ded60e12,60.0,200.0,4,120.0,ventanas,20260904,experimento_oficial_SIM_5D.csv
88,simulacion,SIM_5D,MEDIA,98,1296,propio,ventas.202612.txt,ventas.202609.txt,bloqueo.2609.txt,,TABU,6,1006,tiempo,2000,60,0,,urgentes,1210,6786,9375.0,156.25,no,c0324-L1470 (c0324-L1470),,llegada tardía (planificada),153864.0,25058,1089,954,955,99.9,0,108,0,2005.2,2082.8,137148,966018,0,17,581,15.703,37,0,0,0,70,244554,NO_EVALUABLE,0,16.0,LAPTOP-OMI6BJ6L,45a097c1b95bf1ad3f27d32ddffdc4ee8014640d7d379ca3df7bcd8b6f73c49a,b8d9ed2fd9f5011c1e05f5a5f6588b283367d7395a7bcc57ef6887d4ded60e12,60.0,200.0,3,108.25,ventanas,20261203,experimento_oficial_SIM_5D.csv
89,simulacion,SIM_5D,BAJA,78,1296,propio,ventas.202609.txt,ventas.202609.txt,bloqueo.2609.txt,,AG,20,1020,tiempo,2000,60,0,si,urgentes,886,4907,34560.0,576.0,si,,,,127214.0,21348,881,789,789,100.0,0,119,0,2014.3,2073.0,1687,155630,0,245,498,13.459,25,0,0,0,17,262459,NO_EVALUABLE,0,16.0,LAPTOP-OMI6BJ6L,45a097c1b95bf1ad3f27d32ddffdc4ee8014640d7d379ca3df7bcd8b6f73c49a,b8d9ed2fd9f5011c1e05f5a5f6588b283367d7395a7bcc57ef6887d4ded60e12,60.0,200.0,20,120.0,ventanas,20260920,experimento_oficial_SIM_5D.csv
90,simulacion,SIM_5D,BAJA,78,1296,propio,ventas.202609.txt,ventas.202609.txt,bloqueo.2609.txt,,TABU,33,1033,tiempo,2000,60,0,,urgentes,871,4795,25920.0,432.0,si,,,,126410.0,20896,870,797,797,100.0,0,119,0,2004.3,2080.0,205667,1351185,0,49,485,13.108,33,0,0,0,17,263231,NO_EVALUABLE,0,16.0,LAPTOP-OMI6BJ6L,45a097c1b95bf1ad3f27d32ddffdc4ee8014640d7d379ca3df7bcd8b6f73c49a,b8d9ed2fd9f5011c1e05f5a5f6588b283367d7395a7bcc57ef6887d4ded60e12,60.0,200.0,14,120.0,ventanas,20260914,experimento_oficial_SIM_5D.csv
91,simulacion,SIM_5D,BAJA,78,1296,propio,ventas.202609.txt,ventas.202609.txt,bloqueo.2609.txt,,AG,2,1002,tiempo,2000,60,0,si,urgentes,878,4817,30240.0,504.0,si,,,,122510.0,20454,875,794,794,100.0,0,119,0,2015.8,2134.5,1176,100796,0,263,457,12.351,22,0,0,0,12,262726,NO_EVALUABLE,0,16.0,LAPTOP-OMI6BJ6L,45a097c1b95bf1ad3f27d32ddffdc4ee8014640d7d379ca3df7bcd8b6f73c49a,b8d9ed2fd9f5011c1e05f5a5f6588b283367d7395a7bcc57ef6887d4ded60e12,60.0,200.0,17,120.0,ventanas,20260917,experimento_oficial_SIM_5D.csv
92,simulacion,SIM_5D,BAJA,78,1296,propio,ventas.202610.txt,ventas.202609.txt,bloqueo.2609.txt,,TABU,23,1023,tiempo,2000,60,0,,urgentes,985,5218,2496.0,41.6,no,c3612-L260 (c3612-L260),TM15,destino bloqueado,12958.0,2036,117,77,78,98.72,0,17,0,2006.6,2051.8,70809,576697,0,21,59,1.595,5,0,0,0,0,35272,NO_EVALUABLE,0,16.0,LAPTOP-OMI6BJ6L,45a097c1b95bf1ad3f27d32ddffdc4ee8014640d7d379ca3df7bcd8b6f73c49a,b8d9ed2fd9f5011c1e05f5a5f6588b283367d7395a7bcc57ef6887d4ded60e12,60.0,200.0,2,17.6,ventanas,20261002,experimento_oficial_SIM_5D.csv
93,simulacion,SIM_5D,MEDIA,98,1296,propio,ventas.202612.txt,ventas.202609.txt,bloqueo.2609.txt,,AG,21,1021,tiempo,2000,60,0,si,urgentes,1137,6368,14400.0,240.0,si,,,,164778.0,26955,1130,1013,1013,100.0,0,119,0,2035.1,2215.8,1084,100775,0,173,617,16.676,34,0,0,0,72,273347,NO_EVALUABLE,0,16.0,LAPTOP-OMI6BJ6L,45a097c1b95bf1ad3f27d32ddffdc4ee8014640d7d379ca3df7bcd8b6f73c49a,b8d9ed2fd9f5011c1e05f5a5f6588b283367d7395a7bcc57ef6887d4ded60e12,60.0,200.0,6,120.0,ventanas,20261206,experimento_oficial_SIM_5D.csv
94,simulacion,SIM_5D,BAJA,78,1296,propio,ventas.202609.txt,ventas.202609.txt,bloqueo.2609.txt,,TABU,7,1007,tiempo,2000,60,0,,urgentes,940,5143,35273.0,587.8833,no,c6421-L4150 (c6421-L4150),TB04,llegada tardía (a bordo),87735.0,14588,642,540,541,99.82,0,83,0,2002.7,2050.6,148921,970564,0,40,349,9.432,22,0,0,0,5,183826,NO_EVALUABLE,0,16.0,LAPTOP-OMI6BJ6L,45a097c1b95bf1ad3f27d32ddffdc4ee8014640d7d379ca3df7bcd8b6f73c49a,b8d9ed2fd9f5011c1e05f5a5f6588b283367d7395a7bcc57ef6887d4ded60e12,60.0,200.0,22,83.8833,ventanas,20260922,experimento_oficial_SIM_5D.csv
95,simulacion,SIM_5D,MEDIA,98,1296,propio,ventas.202611.txt,ventas.202609.txt,bloqueo.2609.txt,,AG,7,1007,tiempo,2000,60,0,si,urgentes,1128,6294,27174.0,452.9,no,c4625-L4159 (c4625-L4159~2),,llegada tardía (planificada),50281.0,7996,427,318,319,99.69,0,44,0,2009.1,2066.2,870,73391,0,67,197,5.324,13,0,0,0,19,94418,NO_EVALUABLE,0,16.0,LAPTOP-OMI6BJ6L,45a097c1b95bf1ad3f27d32ddffdc4ee8014640d7d379ca3df7bcd8b6f73c49a,b8d9ed2fd9f5011c1e05f5a5f6588b283367d7395a7bcc57ef6887d4ded60e12,60.0,200.0,18,44.9,ventanas,20261118,experimento_oficial_SIM_5D.csv
96,simulacion,SIM_5D,BAJA,78,1296,propio,ventas.202609.txt,ventas.202609.txt,bloqueo.2609.txt,,TABU,11,1011,tiempo,2000,60,0,,urgentes,833,4673,15840.0,264.0,si,,,,122149.0,20144,825,757,757,100.0,0,119,0,2003.1,2079.6,243917,1623116,0,43,480,12.973,31,0,0,0,10,253628,NO_EVALUABLE,0,16.0,LAPTOP-OMI6BJ6L,45a097c1b95bf1ad3f27d32ddffdc4ee8014640d7d379ca3df7bcd8b6f73c49a,b8d9ed2fd9f5011c1e05f5a5f6588b283367d7395a7bcc57ef6887d4ded60e12,60.0,200.0,7,120.0,ventanas,20260907,experimento_oficial_SIM_5D.csv
97,simulacion,SIM_5D,MEDIA,98,1296,propio,ventas.202611.txt,ventas.202609.txt,bloqueo.2609.txt,,AG,15,1015,tiempo,2000,60,0,si,urgentes,1212,6531,18016.0,300.2667,no,c4129-L2705 (c4129-L2705),TA04,llegada tardía (a bordo),43651.0,7333,370,265,266,99.62,0,36,0,2080.9,2372.9,493,54892,0,58,166,4.486,8,0,0,0,14,89612,NO_EVALUABLE,0,16.0,LAPTOP-OMI6BJ6L,45a097c1b95bf1ad3f27d32ddffdc4ee8014640d7d379ca3df7bcd8b6f73c49a,b8d9ed2fd9f5011c1e05f5a5f6588b283367d7395a7bcc57ef6887d4ded60e12,60.0,200.0,12,36.2667,ventanas,20261112,experimento_oficial_SIM_5D.csv
98,simulacion,SIM_5D,MEDIA,98,1296,propio,ventas.202612.txt,ventas.202609.txt,bloqueo.2609.txt,,AG,30,1030,tiempo,2000,60,0,si,urgentes,1309,7100,19436.0,323.9333,no,c3625-L2949 (c3625-L2949),,llegada tardía (planificada),39653.0,6303,364,254,255,99.61,0,36,0,2010.5,2082.8,1214,145838,0,75,150,4.054,8,0,0,0,14,78256,NO_EVALUABLE,0,16.0,LAPTOP-OMI6BJ6L,45a097c1b95bf1ad3f27d32ddffdc4ee8014640d7d379ca3df7bcd8b6f73c49a,b8d9ed2fd9f5011c1e05f5a5f6588b283367d7395a7bcc57ef6887d4ded60e12,60.0,200.0,13,35.9333,ventanas,20261213,experimento_oficial_SIM_5D.csv
99,simulacion,SIM_5D,MEDIA,98,1296,propio,ventas.202611.txt,ventas.202609.txt,bloqueo.2609.txt,,AG,26,1026,tiempo,2000,60,0,si,urgentes,1184,6452,18001.0,300.0167,no,c9431-L2703 (c9431-L2703),TA01,llegada tardía (a bordo),153367.0,25263,1044,933,934,99.89,0,108,0,2063.0,2345.1,697,64435,0,185,562,15.189,30,0,0,0,50,258169,NO_EVALUABLE,1,16.0,LAPTOP-OMI6BJ6L,45a097c1b95bf1ad3f27d32ddffdc4ee8014640d7d379ca3df7bcd8b6f73c49a,b8d9ed2fd9f5011c1e05f5a5f6588b283367d7395a7bcc57ef6887d4ded60e12,60.0,200.0,9,108.0167,ventanas,20261109,experimento_oficial_SIM_5D.csv
100,simulacion,SIM_5D,ALTA,115,1296,propio,ventas.202702.txt,ventas.202609.txt,bloqueo.2609.txt,,TABU,9,1009,tiempo,2000,60,0,,urgentes,1395,7695,16660.0,277.6667,no,c9456-L3181 (c9456-L3181~1),TA02,llegada tardía (a bordo),55270.0,9213,450,331,332,99.7,0,37,0,2005.1,2065.8,51134,392740,0,13,231,6.243,10,0,0,0,38,89709,NO_EVALUABLE,0,16.0,LAPTOP-OMI6BJ6L,45a097c1b95bf1ad3f27d32ddffdc4ee8014640d7d379ca3df7bcd8b6f73c49a,b8d9ed2fd9f5011c1e05f5a5f6588b283367d7395a7bcc57ef6887d4ded60e12,60.0,200.0,11,37.6667,ventanas,20270211,experimento_oficial_SIM_5D.csv
101,simulacion,SIM_5D,MEDIA,98,1296,propio,ventas.202611.txt,ventas.202609.txt,bloqueo.2609.txt,,TABU,33,1033,tiempo,2000,60,0,,urgentes,1104,6145,15840.0,264.0,si,,,,161879.0,26755,1098,994,994,100.0,0,120,0,2005.2,2089.4,187633,1298892,0,28,623,16.838,41,0,0,0,48,269195,NO_EVALUABLE,1,16.0,LAPTOP-OMI6BJ6L,45a097c1b95bf1ad3f27d32ddffdc4ee8014640d7d379ca3df7bcd8b6f73c49a,b8d9ed2fd9f5011c1e05f5a5f6588b283367d7395a7bcc57ef6887d4ded60e12,60.0,200.0,7,120.0,ventanas,20261107,experimento_oficial_SIM_5D.csv
102,simulacion,SIM_5D,ALTA,115,1296,propio,ventas.202701.txt,ventas.202609.txt,bloqueo.2609.txt,,AG,14,1014,tiempo,2000,60,0,si,urgentes,1332,7232,3082.0,51.3667,no,c3821-L539 (c3821-L539),,destino bloqueado,69183.0,11678,583,444,445,99.78,0,51,0,2022.1,2127.6,412,38150,0,115,281,7.595,16,0,0,0,31,112971,NO_EVALUABLE,0,16.0,LAPTOP-OMI6BJ6L,45a097c1b95bf1ad3f27d32ddffdc4ee8014640d7d379ca3df7bcd8b6f73c49a,b8d9ed2fd9f5011c1e05f5a5f6588b283367d7395a7bcc57ef6887d4ded60e12,60.0,200.0,1,51.3667,ventanas,20270101,experimento_oficial_SIM_5D.csv
103,simulacion,SIM_5D,ALTA,115,1296,propio,ventas.202702.txt,ventas.202609.txt,bloqueo.2609.txt,,TABU,19,1019,tiempo,2000,60,0,,urgentes,1437,8069,9538.0,158.9667,no,c2544-L1787 (c2544-L1787~1),,llegada tardía (planificada),58944.0,9763,502,342,343,99.71,0,38,0,2004.3,2047.2,42477,336982,0,16,239,6.459,13,0,0,0,45,96821,NO_EVALUABLE,0,16.0,LAPTOP-OMI6BJ6L,45a097c1b95bf1ad3f27d32ddffdc4ee8014640d7d379ca3df7bcd8b6f73c49a,b8d9ed2fd9f5011c1e05f5a5f6588b283367d7395a7bcc57ef6887d4ded60e12,60.0,200.0,6,38.9667,ventanas,20270206,experimento_oficial_SIM_5D.csv
104,simulacion,SIM_5D,ALTA,115,1296,propio,ventas.202702.txt,ventas.202609.txt,bloqueo.2609.txt,,AG,6,1006,tiempo,2000,60,0,si,urgentes,1447,8012,12229.0,203.8167,no,c9520-L2340 (c9520-L2340),,llegada tardía (planificada),102384.0,17246,743,593,594,99.83,0,60,0,2108.1,2357.9,1039,135463,0,58,389,10.514,19,0,0,0,69,153275,NO_EVALUABLE,0,16.0,LAPTOP-OMI6BJ6L,45a097c1b95bf1ad3f27d32ddffdc4ee8014640d7d379ca3df7bcd8b6f73c49a,b8d9ed2fd9f5011c1e05f5a5f6588b283367d7395a7bcc57ef6887d4ded60e12,60.0,200.0,7,59.8167,ventanas,20270207,experimento_oficial_SIM_5D.csv
105,simulacion,SIM_5D,BAJA,78,1296,propio,ventas.202610.txt,ventas.202609.txt,bloqueo.2609.txt,,TABU,12,1012,tiempo,2000,60,0,,urgentes,886,4932,33120.0,552.0,si,,,,132158.0,22040,877,814,814,100.0,0,119,0,2002.1,2069.8,218234,1435066,0,24,507,13.703,40,0,0,0,15,252298,NO_EVALUABLE,0,16.0,LAPTOP-OMI6BJ6L,45a097c1b95bf1ad3f27d32ddffdc4ee8014640d7d379ca3df7bcd8b6f73c49a,b8d9ed2fd9f5011c1e05f5a5f6588b283367d7395a7bcc57ef6887d4ded60e12,60.0,200.0,19,120.0,ventanas,20261019,experimento_oficial_SIM_5D.csv
106,simulacion,SIM_5D,MEDIA,98,1296,propio,ventas.202612.txt,ventas.202609.txt,bloqueo.2609.txt,,TABU,28,1028,tiempo,2000,60,0,,urgentes,1124,6242,15840.0,264.0,si,,,,167881.0,27880,1111,1028,1028,100.0,0,119,0,2004.0,2060.7,142894,961757,0,19,644,17.405,38,0,0,0,68,268985,NO_EVALUABLE,0,16.0,LAPTOP-OMI6BJ6L,45a097c1b95bf1ad3f27d32ddffdc4ee8014640d7d379ca3df7bcd8b6f73c49a,b8d9ed2fd9f5011c1e05f5a5f6588b283367d7395a7bcc57ef6887d4ded60e12,60.0,200.0,7,120.0,ventanas,20261207,experimento_oficial_SIM_5D.csv
107,simulacion,SIM_5D,BAJA,78,1296,propio,ventas.202610.txt,ventas.202609.txt,bloqueo.2609.txt,,AG,16,1016,tiempo,2000,60,0,si,urgentes,974,5387,20160.0,336.0,si,,,,139627.0,22550,964,889,889,100.0,0,119,0,2017.9,2102.7,1138,103212,0,370,530,14.324,34,0,0,0,15,264701,NO_EVALUABLE,0,16.0,LAPTOP-OMI6BJ6L,45a097c1b95bf1ad3f27d32ddffdc4ee8014640d7d379ca3df7bcd8b6f73c49a,b8d9ed2fd9f5011c1e05f5a5f6588b283367d7395a7bcc57ef6887d4ded60e12,60.0,200.0,10,120.0,ventanas,20261010,experimento_oficial_SIM_5D.csv
108,simulacion,SIM_5D,MEDIA,98,1296,propio,ventas.202611.txt,ventas.202609.txt,bloqueo.2609.txt,,AG,33,1033,tiempo,2000,60,0,si,urgentes,1104,6145,15840.0,264.0,si,,,,156103.0,25703,1098,991,991,100.0,0,120,0,2026.1,2169.0,1598,146996,0,260,601,16.243,31,0,0,0,63,271020,NO_EVALUABLE,1,16.0,LAPTOP-OMI6BJ6L,45a097c1b95bf1ad3f27d32ddffdc4ee8014640d7d379ca3df7bcd8b6f73c49a,b8d9ed2fd9f5011c1e05f5a5f6588b283367d7395a7bcc57ef6887d4ded60e12,60.0,200.0,7,120.0,ventanas,20261107,experimento_oficial_SIM_5D.csv
109,simulacion,SIM_5D,MEDIA,98,1296,propio,ventas.202611.txt,ventas.202609.txt,bloqueo.2609.txt,,TABU,18,1018,tiempo,2000,60,0,,urgentes,1146,6266,17161.0,286.0167,no,c4269-L2555 (c4269-L2555),,destino bloqueado,160908.0,26223,1119,995,996,99.9,0,118,0,2004.6,2069.6,144101,913142,0,26,600,16.216,30,0,0,0,43,269146,NO_EVALUABLE,1,16.0,LAPTOP-OMI6BJ6L,45a097c1b95bf1ad3f27d32ddffdc4ee8014640d7d379ca3df7bcd8b6f73c49a,b8d9ed2fd9f5011c1e05f5a5f6588b283367d7395a7bcc57ef6887d4ded60e12,60.0,200.0,8,118.0167,ventanas,20261108,experimento_oficial_SIM_5D.csv
110,simulacion,SIM_5D,MEDIA,98,1296,propio,ventas.202612.txt,ventas.202609.txt,bloqueo.2609.txt,,TABU,20,1020,tiempo,2000,60,0,,urgentes,1145,6300,7200.0,120.0,si,,,,165039.0,27607,1136,1027,1027,100.0,0,119,0,2002.0,2050.3,164586,1141556,0,10,656,17.73,41,0,0,0,52,266235,NO_EVALUABLE,0,16.0,LAPTOP-OMI6BJ6L,45a097c1b95bf1ad3f27d32ddffdc4ee8014640d7d379ca3df7bcd8b6f73c49a,b8d9ed2fd9f5011c1e05f5a5f6588b283367d7395a7bcc57ef6887d4ded60e12,60.0,200.0,1,120.0,ventanas,20261201,experimento_oficial_SIM_5D.csv
111,simulacion,SIM_5D,ALTA,115,1296,propio,ventas.202702.txt,ventas.202609.txt,bloqueo.2609.txt,,AG,21,1021,tiempo,2000,60,0,si,urgentes,1355,7479,19515.0,325.25,no,c8448-L3694 (c8448-L3694~1),TA05,llegada tardía (a bordo),85263.0,13837,650,501,502,99.8,0,61,0,2091.0,2392.2,539,52688,0,87,325,8.784,16,0,0,0,26,149053,NO_EVALUABLE,0,16.0,LAPTOP-OMI6BJ6L,45a097c1b95bf1ad3f27d32ddffdc4ee8014640d7d379ca3df7bcd8b6f73c49a,b8d9ed2fd9f5011c1e05f5a5f6588b283367d7395a7bcc57ef6887d4ded60e12,60.0,200.0,12,61.25,ventanas,20270212,experimento_oficial_SIM_5D.csv
112,simulacion,SIM_5D,BAJA,78,1296,propio,ventas.202610.txt,ventas.202609.txt,bloqueo.2609.txt,,AG,35,1035,tiempo,2000,60,0,si,urgentes,968,5198,15840.0,264.0,si,,,,135748.0,22240,959,884,884,100.0,0,119,0,2013.2,2104.7,1538,126820,0,324,510,13.784,27,0,0,0,33,261080,NO_EVALUABLE,0,16.0,LAPTOP-OMI6BJ6L,45a097c1b95bf1ad3f27d32ddffdc4ee8014640d7d379ca3df7bcd8b6f73c49a,b8d9ed2fd9f5011c1e05f5a5f6588b283367d7395a7bcc57ef6887d4ded60e12,60.0,200.0,7,120.0,ventanas,20261007,experimento_oficial_SIM_5D.csv
113,simulacion,SIM_5D,BAJA,78,1296,propio,ventas.202610.txt,ventas.202609.txt,bloqueo.2609.txt,,AG,4,1004,tiempo,2000,60,0,si,urgentes,1017,5348,7582.0,126.3667,no,c7742-L969 (c7742-L969),,destino bloqueado,85443.0,13915,671,570,571,99.82,0,78,0,2025.7,2257.7,1261,118703,0,117,334,9.027,19,0,0,0,16,174489,NO_EVALUABLE,0,16.0,LAPTOP-OMI6BJ6L,45a097c1b95bf1ad3f27d32ddffdc4ee8014640d7d379ca3df7bcd8b6f73c49a,b8d9ed2fd9f5011c1e05f5a5f6588b283367d7395a7bcc57ef6887d4ded60e12,60.0,200.0,3,78.3667,ventanas,20261003,experimento_oficial_SIM_5D.csv
114,simulacion,SIM_5D,ALTA,115,1296,propio,ventas.202702.txt,ventas.202609.txt,bloqueo.2609.txt,,TABU,6,1006,tiempo,2000,60,0,,urgentes,1447,8012,11859.0,197.65,no,c7004-L2269 (c7004-L2269~2),,llegada tardía (planificada),89629.0,15052,673,520,521,99.81,0,54,0,2003.8,2072.6,73623,619020,0,8,355,9.595,17,0,0,0,50,130617,NO_EVALUABLE,0,16.0,LAPTOP-OMI6BJ6L,45a097c1b95bf1ad3f27d32ddffdc4ee8014640d7d379ca3df7bcd8b6f73c49a,b8d9ed2fd9f5011c1e05f5a5f6588b283367d7395a7bcc57ef6887d4ded60e12,60.0,200.0,7,53.65,ventanas,20270207,experimento_oficial_SIM_5D.csv
115,simulacion,SIM_5D,ALTA,115,1296,propio,ventas.202701.txt,ventas.202609.txt,bloqueo.2609.txt,,TABU,23,1023,tiempo,2000,60,0,,urgentes,1295,7036,8020.0,133.6667,no,c0684-L1435 (c0684-L1435),,llegada tardía (planificada),92763.0,15426,687,556,557,99.82,0,61,0,2004.5,2051.6,98987,708530,0,41,359,9.703,17,0,0,0,39,139312,NO_EVALUABLE,0,16.0,LAPTOP-OMI6BJ6L,45a097c1b95bf1ad3f27d32ddffdc4ee8014640d7d379ca3df7bcd8b6f73c49a,b8d9ed2fd9f5011c1e05f5a5f6588b283367d7395a7bcc57ef6887d4ded60e12,60.0,200.0,4,61.6667,ventanas,20270104,experimento_oficial_SIM_5D.csv
116,simulacion,SIM_5D,MEDIA,98,1296,propio,ventas.202612.txt,ventas.202609.txt,bloqueo.2609.txt,,AG,16,1016,tiempo,2000,60,0,si,urgentes,1165,6496,8495.0,141.5833,no,c4517-L1314 (c4517-L1314~2),,llegada tardía (planificada),168457.0,27874,1143,1018,1019,99.9,0,117,0,2044.3,2386.5,1027,107056,0,122,651,17.595,32,0,0,0,78,267498,NO_EVALUABLE,0,16.0,LAPTOP-OMI6BJ6L,45a097c1b95bf1ad3f27d32ddffdc4ee8014640d7d379ca3df7bcd8b6f73c49a,b8d9ed2fd9f5011c1e05f5a5f6588b283367d7395a7bcc57ef6887d4ded60e12,60.0,200.0,2,117.5833,ventanas,20261202,experimento_oficial_SIM_5D.csv
117,simulacion,SIM_5D,BAJA,78,1296,propio,ventas.202609.txt,ventas.202609.txt,bloqueo.2609.txt,,AG,33,1033,tiempo,2000,60,0,si,urgentes,871,4795,25920.0,432.0,si,,,,125080.0,20769,870,805,805,100.0,0,119,0,2026.0,2216.8,1373,127351,0,218,470,12.703,32,0,0,0,14,264240,NO_EVALUABLE,0,16.0,LAPTOP-OMI6BJ6L,45a097c1b95bf1ad3f27d32ddffdc4ee8014640d7d379ca3df7bcd8b6f73c49a,b8d9ed2fd9f5011c1e05f5a5f6588b283367d7395a7bcc57ef6887d4ded60e12,60.0,200.0,14,120.0,ventanas,20260914,experimento_oficial_SIM_5D.csv
118,simulacion,SIM_5D,ALTA,115,1296,propio,ventas.202701.txt,ventas.202609.txt,bloqueo.2609.txt,,TABU,25,1025,tiempo,2000,60,0,,urgentes,1265,7010,21065.0,351.0833,no,c1821-L3755 (c1821-L3755),,destino bloqueado,82667.0,13592,629,518,519,99.81,0,63,0,2005.3,2071.9,67761,520963,0,18,340,9.189,21,0,0,0,22,152969,NO_EVALUABLE,1,16.0,LAPTOP-OMI6BJ6L,45a097c1b95bf1ad3f27d32ddffdc4ee8014640d7d379ca3df7bcd8b6f73c49a,b8d9ed2fd9f5011c1e05f5a5f6588b283367d7395a7bcc57ef6887d4ded60e12,60.0,200.0,13,63.0833,ventanas,20270113,experimento_oficial_SIM_5D.csv
119,simulacion,SIM_5D,ALTA,115,1296,propio,ventas.202702.txt,ventas.202609.txt,bloqueo.2609.txt,,AG,8,1008,tiempo,2000,60,0,si,urgentes,1431,8270,3737.0,62.2833,no,c6321-L636 (c6321-L636),,destino bloqueado,10332.0,1500,154,68,69,98.55,0,14,0,2011.0,2057.3,402,39663,0,35,44,1.189,3,0,0,0,5,29655,NO_EVALUABLE,0,16.0,LAPTOP-OMI6BJ6L,45a097c1b95bf1ad3f27d32ddffdc4ee8014640d7d379ca3df7bcd8b6f73c49a,b8d9ed2fd9f5011c1e05f5a5f6588b283367d7395a7bcc57ef6887d4ded60e12,60.0,200.0,3,14.2833,ventanas,20270203,experimento_oficial_SIM_5D.csv
120,simulacion,SIM_5D,ALTA,115,1296,propio,ventas.202702.txt,ventas.202609.txt,bloqueo.2609.txt,,TABU,28,1028,tiempo,2000,60,0,,urgentes,1456,8318,8961.0,149.35,no,c4936-L1655 (c4936-L1655~1),,llegada tardía (planificada),127470.0,21438,919,741,742,99.87,0,77,0,2003.4,2074.3,76382,523782,0,27,501,13.541,24,0,0,0,75,191694,NO_EVALUABLE,0,16.0,LAPTOP-OMI6BJ6L,45a097c1b95bf1ad3f27d32ddffdc4ee8014640d7d379ca3df7bcd8b6f73c49a,b8d9ed2fd9f5011c1e05f5a5f6588b283367d7395a7bcc57ef6887d4ded60e12,60.0,200.0,4,77.35,ventanas,20270204,experimento_oficial_SIM_5D.csv
121,simulacion,SIM_5D,MEDIA,98,1296,propio,ventas.202612.txt,ventas.202609.txt,bloqueo.2609.txt,,TABU,16,1016,tiempo,2000,60,0,,urgentes,1165,6496,8640.0,144.0,si,,,,175791.0,29093,1157,1048,1048,100.0,0,119,0,2003.2,2069.3,162444,1096317,0,27,666,18.0,32,0,0,0,59,268523,NO_EVALUABLE,0,16.0,LAPTOP-OMI6BJ6L,45a097c1b95bf1ad3f27d32ddffdc4ee8014640d7d379ca3df7bcd8b6f73c49a,b8d9ed2fd9f5011c1e05f5a5f6588b283367d7395a7bcc57ef6887d4ded60e12,60.0,200.0,2,120.0,ventanas,20261202,experimento_oficial_SIM_5D.csv
122,simulacion,SIM_5D,ALTA,115,1296,propio,ventas.202701.txt,ventas.202609.txt,bloqueo.2609.txt,,TABU,16,1016,tiempo,2000,60,0,,urgentes,1305,7266,23763.0,396.05,no,c1088-L4245 (c1088-L4245),,llegada tardía (planificada),79641.0,13130,635,505,506,99.8,0,60,0,2007.2,2086.2,78938,536238,0,17,304,8.216,17,0,0,0,24,139300,NO_EVALUABLE,0,16.0,LAPTOP-OMI6BJ6L,45a097c1b95bf1ad3f27d32ddffdc4ee8014640d7d379ca3df7bcd8b6f73c49a,b8d9ed2fd9f5011c1e05f5a5f6588b283367d7395a7bcc57ef6887d4ded60e12,60.0,200.0,15,60.05,ventanas,20270115,experimento_oficial_SIM_5D.csv
123,simulacion,SIM_5D,MEDIA,98,1296,propio,ventas.202611.txt,ventas.202609.txt,bloqueo.2609.txt,,TABU,1,1001,tiempo,2000,60,0,,urgentes,1112,6118,25920.0,432.0,si,,,,162495.0,26764,1106,1014,1014,100.0,0,119,0,2002.4,2067.9,154680,1000322,0,34,631,17.054,38,0,0,0,36,262861,NO_EVALUABLE,0,16.0,LAPTOP-OMI6BJ6L,45a097c1b95bf1ad3f27d32ddffdc4ee8014640d7d379ca3df7bcd8b6f73c49a,b8d9ed2fd9f5011c1e05f5a5f6588b283367d7395a7bcc57ef6887d4ded60e12,60.0,200.0,14,120.0,ventanas,20261114,experimento_oficial_SIM_5D.csv
124,simulacion,SIM_5D,BAJA,78,1296,propio,ventas.202610.txt,ventas.202609.txt,bloqueo.2609.txt,,TABU,8,1008,tiempo,2000,60,0,,urgentes,1010,5640,23040.0,384.0,si,,,,149517.0,24561,1002,910,910,100.0,0,119,0,2003.3,2081.3,145702,981300,0,40,571,15.432,37,0,0,0,18,270819,NO_EVALUABLE,0,16.0,LAPTOP-OMI6BJ6L,45a097c1b95bf1ad3f27d32ddffdc4ee8014640d7d379ca3df7bcd8b6f73c49a,b8d9ed2fd9f5011c1e05f5a5f6588b283367d7395a7bcc57ef6887d4ded60e12,60.0,200.0,12,120.0,ventanas,20261012,experimento_oficial_SIM_5D.csv
125,simulacion,SIM_5D,BAJA,78,1296,propio,ventas.202609.txt,ventas.202609.txt,bloqueo.2609.txt,,AG,18,1018,tiempo,2000,60,0,si,urgentes,829,4714,14400.0,240.0,si,,,,115318.0,18195,824,753,753,100.0,0,119,0,2007.9,2122.5,1736,148328,0,430,434,11.73,31,0,0,0,14,253027,NO_EVALUABLE,0,16.0,LAPTOP-OMI6BJ6L,45a097c1b95bf1ad3f27d32ddffdc4ee8014640d7d379ca3df7bcd8b6f73c49a,b8d9ed2fd9f5011c1e05f5a5f6588b283367d7395a7bcc57ef6887d4ded60e12,60.0,200.0,6,120.0,ventanas,20260906,experimento_oficial_SIM_5D.csv
126,simulacion,SIM_5D,MEDIA,98,1296,propio,ventas.202611.txt,ventas.202609.txt,bloqueo.2609.txt,,TABU,7,1007,tiempo,2000,60,0,,urgentes,1128,6294,28311.0,471.85,no,c6031-L4314 (c6031-L4314),,destino bloqueado,77571.0,13094,577,488,489,99.8,0,63,0,2003.0,2082.0,114033,776998,0,24,315,8.514,20,0,0,0,22,138006,NO_EVALUABLE,0,16.0,LAPTOP-OMI6BJ6L,45a097c1b95bf1ad3f27d32ddffdc4ee8014640d7d379ca3df7bcd8b6f73c49a,b8d9ed2fd9f5011c1e05f5a5f6588b283367d7395a7bcc57ef6887d4ded60e12,60.0,200.0,18,63.85,ventanas,20261118,experimento_oficial_SIM_5D.csv
127,simulacion,SIM_5D,MEDIA,98,1296,propio,ventas.202611.txt,ventas.202609.txt,bloqueo.2609.txt,,TABU,3,1003,tiempo,2000,60,0,,urgentes,1035,5843,28311.0,471.85,no,c6031-L4314 (c6031-L4314),,destino bloqueado,145022.0,23889,962,881,882,99.89,0,111,0,2001.8,2067.7,185163,1255158,0,42,547,14.784,32,0,0,0,32,240595,NO_EVALUABLE,0,16.0,LAPTOP-OMI6BJ6L,45a097c1b95bf1ad3f27d32ddffdc4ee8014640d7d379ca3df7bcd8b6f73c49a,b8d9ed2fd9f5011c1e05f5a5f6588b283367d7395a7bcc57ef6887d4ded60e12,60.0,200.0,16,111.85,ventanas,20261116,experimento_oficial_SIM_5D.csv
128,simulacion,SIM_5D,ALTA,115,1296,propio,ventas.202701.txt,ventas.202609.txt,bloqueo.2609.txt,,TABU,3,1003,tiempo,2000,60,0,,urgentes,1370,7465,12960.0,216.0,si,,,,193839.0,32208,1356,1205,1205,100.0,0,120,0,2004.8,2069.8,124146,867688,0,10,755,20.405,41,0,0,0,64,293842,NO_EVALUABLE,0,16.0,LAPTOP-OMI6BJ6L,45a097c1b95bf1ad3f27d32ddffdc4ee8014640d7d379ca3df7bcd8b6f73c49a,b8d9ed2fd9f5011c1e05f5a5f6588b283367d7395a7bcc57ef6887d4ded60e12,60.0,200.0,5,120.0,ventanas,20270105,experimento_oficial_SIM_5D.csv
129,simulacion,SIM_5D,BAJA,78,1296,propio,ventas.202609.txt,ventas.202609.txt,bloqueo.2609.txt,,AG,34,1034,tiempo,2000,60,0,si,urgentes,895,4881,18720.0,312.0,si,,,,121753.0,19889,892,810,810,100.0,0,119,0,2008.6,2091.7,1815,139270,0,441,466,12.595,23,0,0,0,18,250333,NO_EVALUABLE,0,16.0,LAPTOP-OMI6BJ6L,45a097c1b95bf1ad3f27d32ddffdc4ee8014640d7d379ca3df7bcd8b6f73c49a,b8d9ed2fd9f5011c1e05f5a5f6588b283367d7395a7bcc57ef6887d4ded60e12,60.0,200.0,9,120.0,ventanas,20260909,experimento_oficial_SIM_5D.csv
130,simulacion,SIM_5D,BAJA,78,1296,propio,ventas.202609.txt,ventas.202609.txt,bloqueo.2609.txt,,TABU,32,1032,tiempo,2000,60,0,,urgentes,833,4640,31680.0,528.0,si,,,,120560.0,20465,827,760,760,100.0,0,119,0,2003.6,2082.3,203428,1299885,0,33,486,13.135,37,0,0,0,5,258579,NO_EVALUABLE,0,16.0,LAPTOP-OMI6BJ6L,45a097c1b95bf1ad3f27d32ddffdc4ee8014640d7d379ca3df7bcd8b6f73c49a,b8d9ed2fd9f5011c1e05f5a5f6588b283367d7395a7bcc57ef6887d4ded60e12,60.0,200.0,18,120.0,ventanas,20260918,experimento_oficial_SIM_5D.csv
131,simulacion,SIM_5D,BAJA,78,1296,propio,ventas.202609.txt,ventas.202609.txt,bloqueo.2609.txt,,TABU,5,1005,tiempo,2000,60,0,,urgentes,792,4533,8640.0,144.0,si,,,,113638.0,18822,783,702,702,100.0,0,119,0,2002.2,2074.5,289978,1929692,0,40,443,11.973,33,0,0,0,5,251953,NO_EVALUABLE,0,16.0,LAPTOP-OMI6BJ6L,45a097c1b95bf1ad3f27d32ddffdc4ee8014640d7d379ca3df7bcd8b6f73c49a,b8d9ed2fd9f5011c1e05f5a5f6588b283367d7395a7bcc57ef6887d4ded60e12,60.0,200.0,2,120.0,ventanas,20260902,experimento_oficial_SIM_5D.csv
132,simulacion,SIM_5D,MEDIA,98,1296,propio,ventas.202611.txt,ventas.202609.txt,bloqueo.2609.txt,,TABU,8,1008,tiempo,2000,60,0,,urgentes,1059,5841,10787.0,179.7833,no,c2983-L1256 (c2983-L1256~2),TA10,llegada tardía (a bordo),135889.0,22192,939,841,842,99.88,0,107,0,2000.6,2049.3,189341,1211758,0,38,517,13.973,33,0,0,0,33,233347,NO_EVALUABLE,0,16.0,LAPTOP-OMI6BJ6L,45a097c1b95bf1ad3f27d32ddffdc4ee8014640d7d379ca3df7bcd8b6f73c49a,b8d9ed2fd9f5011c1e05f5a5f6588b283367d7395a7bcc57ef6887d4ded60e12,60.0,200.0,4,107.7833,ventanas,20261104,experimento_oficial_SIM_5D.csv
133,simulacion,SIM_5D,BAJA,78,1296,propio,ventas.202610.txt,ventas.202609.txt,bloqueo.2609.txt,,AG,30,1030,tiempo,2000,60,0,si,urgentes,990,5447,25522.0,425.3667,no,c2478-L3446 (c2478-L3446),,destino bloqueado,103935.0,17012,735,649,650,99.85,0,89,0,2013.7,2140.2,1054,100699,0,195,397,10.73,22,0,0,0,19,196093,NO_EVALUABLE,0,16.0,LAPTOP-OMI6BJ6L,45a097c1b95bf1ad3f27d32ddffdc4ee8014640d7d379ca3df7bcd8b6f73c49a,b8d9ed2fd9f5011c1e05f5a5f6588b283367d7395a7bcc57ef6887d4ded60e12,60.0,200.0,15,89.3667,ventanas,20261015,experimento_oficial_SIM_5D.csv
134,simulacion,SIM_5D,BAJA,78,1296,propio,ventas.202609.txt,ventas.202609.txt,bloqueo.2609.txt,,TABU,34,1034,tiempo,2000,60,0,,urgentes,895,4881,15144.0,252.4,no,c3214-L1713 (c3214-L1713~1),TA10,llegada tardía (a bordo),58105.0,9647,452,360,361,99.72,0,60,0,2003.2,2078.9,152934,1041702,0,34,238,6.432,20,0,0,0,9,125836,NO_EVALUABLE,0,16.0,LAPTOP-OMI6BJ6L,45a097c1b95bf1ad3f27d32ddffdc4ee8014640d7d379ca3df7bcd8b6f73c49a,b8d9ed2fd9f5011c1e05f5a5f6588b283367d7395a7bcc57ef6887d4ded60e12,60.0,200.0,9,60.4,ventanas,20260909,experimento_oficial_SIM_5D.csv
135,simulacion,SIM_5D,BAJA,78,1296,propio,ventas.202610.txt,ventas.202609.txt,bloqueo.2609.txt,,TABU,14,1014,tiempo,2000,60,0,,urgentes,1010,5424,7582.0,126.3667,no,c7742-L969 (c7742-L969),,destino bloqueado,26114.0,4186,255,172,173,99.42,0,30,0,2003.5,2080.2,84206,639702,0,26,106,2.865,9,0,0,0,0,62721,NO_EVALUABLE,0,16.0,LAPTOP-OMI6BJ6L,45a097c1b95bf1ad3f27d32ddffdc4ee8014640d7d379ca3df7bcd8b6f73c49a,b8d9ed2fd9f5011c1e05f5a5f6588b283367d7395a7bcc57ef6887d4ded60e12,60.0,200.0,5,30.3667,ventanas,20261005,experimento_oficial_SIM_5D.csv
136,simulacion,SIM_5D,BAJA,78,1296,propio,ventas.202609.txt,ventas.202609.txt,bloqueo.2609.txt,,TABU,10,1010,tiempo,2000,60,0,,urgentes,819,4649,10080.0,168.0,si,,,,120268.0,20026,814,750,750,100.0,0,119,0,2004.3,2077.9,230316,1490829,0,12,470,12.703,29,0,0,0,14,256135,NO_EVALUABLE,0,16.0,LAPTOP-OMI6BJ6L,45a097c1b95bf1ad3f27d32ddffdc4ee8014640d7d379ca3df7bcd8b6f73c49a,b8d9ed2fd9f5011c1e05f5a5f6588b283367d7395a7bcc57ef6887d4ded60e12,60.0,200.0,3,120.0,ventanas,20260903,experimento_oficial_SIM_5D.csv
137,simulacion,SIM_5D,BAJA,78,1296,propio,ventas.202610.txt,ventas.202609.txt,bloqueo.2609.txt,,TABU,13,1013,tiempo,2000,60,0,,urgentes,1034,5427,7582.0,126.3667,no,c7742-L969 (c7742-L969),,destino bloqueado,56076.0,9552,482,385,386,99.74,0,54,0,2002.9,2038.1,80198,578537,0,3,247,6.676,20,0,0,0,6,120334,NO_EVALUABLE,0,16.0,LAPTOP-OMI6BJ6L,45a097c1b95bf1ad3f27d32ddffdc4ee8014640d7d379ca3df7bcd8b6f73c49a,b8d9ed2fd9f5011c1e05f5a5f6588b283367d7395a7bcc57ef6887d4ded60e12,60.0,200.0,4,54.3667,ventanas,20261004,experimento_oficial_SIM_5D.csv
138,simulacion,SIM_5D,ALTA,115,1296,propio,ventas.202701.txt,ventas.202609.txt,bloqueo.2609.txt,,AG,10,1010,tiempo,2000,60,0,si,urgentes,1277,7088,25748.0,429.1333,no,c7589-L4644 (c7589-L4644),,llegada tardía (planificada),181181.0,30551,1247,1102,1103,99.91,0,117,0,2122.1,2429.6,464,46109,0,141,693,18.73,34,0,0,0,71,301560,NO_EVALUABLE,1,16.0,LAPTOP-OMI6BJ6L,45a097c1b95bf1ad3f27d32ddffdc4ee8014640d7d379ca3df7bcd8b6f73c49a,b8d9ed2fd9f5011c1e05f5a5f6588b283367d7395a7bcc57ef6887d4ded60e12,60.0,200.0,14,117.1333,ventanas,20270114,experimento_oficial_SIM_5D.csv
139,simulacion,SIM_5D,BAJA,78,1296,propio,ventas.202609.txt,ventas.202609.txt,bloqueo.2609.txt,,AG,32,1032,tiempo,2000,60,0,si,urgentes,833,4640,31680.0,528.0,si,,,,119075.0,19601,827,763,763,100.0,0,119,0,2016.0,2103.1,1733,146720,0,223,453,12.243,33,0,0,0,9,258798,NO_EVALUABLE,0,16.0,LAPTOP-OMI6BJ6L,45a097c1b95bf1ad3f27d32ddffdc4ee8014640d7d379ca3df7bcd8b6f73c49a,b8d9ed2fd9f5011c1e05f5a5f6588b283367d7395a7bcc57ef6887d4ded60e12,60.0,200.0,18,120.0,ventanas,20260918,experimento_oficial_SIM_5D.csv
140,simulacion,SIM_5D,ALTA,115,1296,propio,ventas.202702.txt,ventas.202609.txt,bloqueo.2609.txt,,TABU,2,1002,tiempo,2000,60,0,,urgentes,1374,7618,15631.0,260.5167,no,c4392-L2986 (c4392-L2986~2),TA07,llegada tardía (a bordo),59436.0,9776,506,358,359,99.72,0,45,0,2005.2,2057.3,86544,739330,0,7,248,6.703,13,0,0,0,21,107625,NO_EVALUABLE,0,16.0,LAPTOP-OMI6BJ6L,45a097c1b95bf1ad3f27d32ddffdc4ee8014640d7d379ca3df7bcd8b6f73c49a,b8d9ed2fd9f5011c1e05f5a5f6588b283367d7395a7bcc57ef6887d4ded60e12,60.0,200.0,10,44.5167,ventanas,20270210,experimento_oficial_SIM_5D.csv
141,simulacion,SIM_5D,MEDIA,98,1296,propio,ventas.202611.txt,ventas.202609.txt,bloqueo.2609.txt,,TABU,15,1015,tiempo,2000,60,0,,urgentes,1212,6531,18016.0,300.2667,no,c4129-L2705 (c4129-L2705),TA08,llegada tardía (a bordo),44285.0,7298,370,279,280,99.64,0,36,0,2001.5,2014.7,62848,479905,0,41,174,4.703,9,0,0,0,9,83803,NO_EVALUABLE,0,16.0,LAPTOP-OMI6BJ6L,45a097c1b95bf1ad3f27d32ddffdc4ee8014640d7d379ca3df7bcd8b6f73c49a,b8d9ed2fd9f5011c1e05f5a5f6588b283367d7395a7bcc57ef6887d4ded60e12,60.0,200.0,12,36.2667,ventanas,20261112,experimento_oficial_SIM_5D.csv
142,simulacion,SIM_5D,MEDIA,98,1296,propio,ventas.202612.txt,ventas.202609.txt,bloqueo.2609.txt,,TABU,22,1022,tiempo,2000,60,0,,urgentes,1102,6080,18720.0,312.0,si,,,,160251.0,26787,1088,979,979,100.0,0,119,0,2003.2,2101.5,153893,977233,0,46,625,16.892,32,0,0,0,42,272485,NO_EVALUABLE,0,16.0,LAPTOP-OMI6BJ6L,45a097c1b95bf1ad3f27d32ddffdc4ee8014640d7d379ca3df7bcd8b6f73c49a,b8d9ed2fd9f5011c1e05f5a5f6588b283367d7395a7bcc57ef6887d4ded60e12,60.0,200.0,9,120.0,ventanas,20261209,experimento_oficial_SIM_5D.csv
143,simulacion,SIM_5D,MEDIA,98,1296,propio,ventas.202611.txt,ventas.202609.txt,bloqueo.2609.txt,,TABU,10,1010,tiempo,2000,60,0,,urgentes,1215,6566,17161.0,286.0167,no,c4269-L2555 (c4269-L2555),,destino bloqueado,86805.0,14385,682,546,547,99.82,0,70,0,2002.7,2090.4,102717,679274,0,30,331,8.946,21,0,0,0,12,160778,NO_EVALUABLE,0,16.0,LAPTOP-OMI6BJ6L,45a097c1b95bf1ad3f27d32ddffdc4ee8014640d7d379ca3df7bcd8b6f73c49a,b8d9ed2fd9f5011c1e05f5a5f6588b283367d7395a7bcc57ef6887d4ded60e12,60.0,200.0,10,70.0167,ventanas,20261110,experimento_oficial_SIM_5D.csv
144,simulacion,SIM_5D,BAJA,78,1296,propio,ventas.202609.txt,ventas.202609.txt,bloqueo.2609.txt,,AG,6,1006,tiempo,2000,60,0,si,urgentes,991,5378,38880.0,648.0,si,,,,142881.0,23821,979,898,898,100.0,0,120,0,2015.7,2098.8,1590,180310,0,393,539,14.568,29,0,0,0,24,264285,NO_EVALUABLE,0,16.0,LAPTOP-OMI6BJ6L,45a097c1b95bf1ad3f27d32ddffdc4ee8014640d7d379ca3df7bcd8b6f73c49a,b8d9ed2fd9f5011c1e05f5a5f6588b283367d7395a7bcc57ef6887d4ded60e12,60.0,200.0,23,120.0,ventanas,20260923,experimento_oficial_SIM_5D.csv
145,simulacion,SIM_5D,BAJA,78,1296,propio,ventas.202609.txt,ventas.202609.txt,bloqueo.2609.txt,,TABU,36,1036,tiempo,2000,60,0,,urgentes,847,4663,17280.0,288.0,si,,,,125451.0,20766,842,775,775,100.0,0,119,0,2005.4,2081.5,256552,1672069,0,23,505,13.649,32,0,0,0,9,251776,NO_EVALUABLE,0,16.0,LAPTOP-OMI6BJ6L,45a097c1b95bf1ad3f27d32ddffdc4ee8014640d7d379ca3df7bcd8b6f73c49a,b8d9ed2fd9f5011c1e05f5a5f6588b283367d7395a7bcc57ef6887d4ded60e12,60.0,200.0,8,120.0,ventanas,20260908,experimento_oficial_SIM_5D.csv
146,simulacion,SIM_5D,BAJA,78,1296,propio,ventas.202609.txt,ventas.202609.txt,bloqueo.2609.txt,,AG,5,1005,tiempo,2000,60,0,si,urgentes,792,4533,4059.0,67.65,no,c3299-L424 (c3299-L424),TB06,llegada tardía (a bordo),28559.0,4422,259,195,196,99.49,0,43,0,2005.2,2058.3,2755,277115,0,100,109,2.946,8,0,0,0,1,88601,NO_EVALUABLE,0,16.0,LAPTOP-OMI6BJ6L,45a097c1b95bf1ad3f27d32ddffdc4ee8014640d7d379ca3df7bcd8b6f73c49a,b8d9ed2fd9f5011c1e05f5a5f6588b283367d7395a7bcc57ef6887d4ded60e12,60.0,200.0,2,43.65,ventanas,20260902,experimento_oficial_SIM_5D.csv
147,simulacion,SIM_5D,ALTA,115,1296,propio,ventas.202702.txt,ventas.202609.txt,bloqueo.2609.txt,,TABU,22,1022,tiempo,2000,60,0,,urgentes,1329,7650,3737.0,62.2833,no,c6321-L636 (c6321-L636~1),,destino bloqueado,90223.0,15115,683,539,540,99.81,0,62,0,2002.7,2076.0,78808,555074,0,23,357,9.649,20,0,0,0,39,149276,NO_EVALUABLE,0,16.0,LAPTOP-OMI6BJ6L,45a097c1b95bf1ad3f27d32ddffdc4ee8014640d7d379ca3df7bcd8b6f73c49a,b8d9ed2fd9f5011c1e05f5a5f6588b283367d7395a7bcc57ef6887d4ded60e12,60.0,200.0,1,62.2833,ventanas,20270201,experimento_oficial_SIM_5D.csv
148,simulacion,SIM_5D,BAJA,78,1296,propio,ventas.202609.txt,ventas.202609.txt,bloqueo.2609.txt,,TABU,22,1022,tiempo,2000,60,0,,urgentes,885,4750,23040.0,384.0,si,,,,124784.0,20701,872,786,786,100.0,0,119,0,2003.4,2072.6,223594,1522119,0,29,489,13.216,35,0,0,0,11,255240,NO_EVALUABLE,0,16.0,LAPTOP-OMI6BJ6L,45a097c1b95bf1ad3f27d32ddffdc4ee8014640d7d379ca3df7bcd8b6f73c49a,b8d9ed2fd9f5011c1e05f5a5f6588b283367d7395a7bcc57ef6887d4ded60e12,60.0,200.0,12,120.0,ventanas,20260912,experimento_oficial_SIM_5D.csv
149,simulacion,SIM_5D,BAJA,78,1296,propio,ventas.202609.txt,ventas.202609.txt,bloqueo.2609.txt,,TABU,25,1025,tiempo,2000,60,0,,urgentes,931,5199,36000.0,600.0,si,,,,136922.0,23109,925,830,830,100.0,0,119,0,2006.3,2080.2,179570,1147633,0,24,551,14.892,33,0,0,0,21,265258,NO_EVALUABLE,0,16.0,LAPTOP-OMI6BJ6L,45a097c1b95bf1ad3f27d32ddffdc4ee8014640d7d379ca3df7bcd8b6f73c49a,b8d9ed2fd9f5011c1e05f5a5f6588b283367d7395a7bcc57ef6887d4ded60e12,60.0,200.0,21,120.0,ventanas,20260921,experimento_oficial_SIM_5D.csv
150,simulacion,SIM_5D,MEDIA,98,1296,propio,ventas.202612.txt,ventas.202609.txt,bloqueo.2609.txt,,TABU,32,1032,tiempo,2000,60,0,,urgentes,1302,7090,25920.0,432.0,si,,,,189104.0,31687,1282,1174,1174,100.0,0,119,0,2003.6,2069.6,138603,913423,0,34,725,19.595,35,0,0,0,72,276721,NO_EVALUABLE,0,16.0,LAPTOP-OMI6BJ6L,45a097c1b95bf1ad3f27d32ddffdc4ee8014640d7d379ca3df7bcd8b6f73c49a,b8d9ed2fd9f5011c1e05f5a5f6588b283367d7395a7bcc57ef6887d4ded60e12,60.0,200.0,14,120.0,ventanas,20261214,experimento_oficial_SIM_5D.csv
151,simulacion,SIM_5D,MEDIA,98,1296,propio,ventas.202611.txt,ventas.202609.txt,bloqueo.2609.txt,,TABU,26,1026,tiempo,2000,60,0,,urgentes,1184,6452,13193.0,219.8833,no,c7236-L1838 (c7236-L1838),,llegada tardía (planificada),24742.0,4184,248,164,165,99.39,0,27,0,2002.6,2070.4,69845,547533,0,18,108,2.919,7,0,0,0,1,58073,NO_EVALUABLE,1,16.0,LAPTOP-OMI6BJ6L,45a097c1b95bf1ad3f27d32ddffdc4ee8014640d7d379ca3df7bcd8b6f73c49a,b8d9ed2fd9f5011c1e05f5a5f6588b283367d7395a7bcc57ef6887d4ded60e12,60.0,200.0,9,27.8833,ventanas,20261109,experimento_oficial_SIM_5D.csv
152,simulacion,SIM_5D,BAJA,78,1296,propio,ventas.202610.txt,ventas.202609.txt,bloqueo.2609.txt,,AG,39,1039,tiempo,2000,60,0,si,urgentes,978,5469,25522.0,425.3667,no,c2478-L3446 (c2478-L3446),,destino bloqueado,134466.0,21899,918,836,837,99.88,0,113,0,2027.3,2185.0,1223,114865,0,235,504,13.622,24,0,0,0,32,253088,NO_EVALUABLE,0,16.0,LAPTOP-OMI6BJ6L,45a097c1b95bf1ad3f27d32ddffdc4ee8014640d7d379ca3df7bcd8b6f73c49a,b8d9ed2fd9f5011c1e05f5a5f6588b283367d7395a7bcc57ef6887d4ded60e12,60.0,200.0,14,113.3667,ventanas,20261014,experimento_oficial_SIM_5D.csv
153,simulacion,SIM_5D,ALTA,115,1296,propio,ventas.202701.txt,ventas.202609.txt,bloqueo.2609.txt,,TABU,27,1027,tiempo,2000,60,0,,urgentes,1335,7255,14775.0,246.25,no,c1130-L2532 (c1130-L2532~2),,llegada tardía (planificada),78641.0,13083,621,494,495,99.8,0,54,0,2006.2,2071.6,63549,474081,0,50,308,8.324,16,0,0,0,40,139942,NO_EVALUABLE,0,16.0,LAPTOP-OMI6BJ6L,45a097c1b95bf1ad3f27d32ddffdc4ee8014640d7d379ca3df7bcd8b6f73c49a,b8d9ed2fd9f5011c1e05f5a5f6588b283367d7395a7bcc57ef6887d4ded60e12,60.0,200.0,9,54.25,ventanas,20270109,experimento_oficial_SIM_5D.csv
154,simulacion,SIM_5D,BAJA,78,1296,propio,ventas.202609.txt,ventas.202609.txt,bloqueo.2609.txt,,TABU,1,1001,tiempo,2000,60,0,,urgentes,912,4890,24480.0,408.0,si,,,,126484.0,20961,910,816,816,100.0,0,119,0,2004.2,2093.9,199705,1322769,0,41,491,13.27,37,0,0,0,4,262226,NO_EVALUABLE,0,16.0,LAPTOP-OMI6BJ6L,45a097c1b95bf1ad3f27d32ddffdc4ee8014640d7d379ca3df7bcd8b6f73c49a,b8d9ed2fd9f5011c1e05f5a5f6588b283367d7395a7bcc57ef6887d4ded60e12,60.0,200.0,13,120.0,ventanas,20260913,experimento_oficial_SIM_5D.csv
155,simulacion,SIM_5D,BAJA,78,1296,propio,ventas.202609.txt,ventas.202609.txt,bloqueo.2609.txt,,AG,15,1015,tiempo,2000,60,0,si,urgentes,810,4530,12960.0,216.0,si,,,,113131.0,17917,800,736,736,100.0,0,119,0,2012.0,2094.9,2079,196424,0,434,414,11.189,27,0,0,0,17,255330,NO_EVALUABLE,0,16.0,LAPTOP-OMI6BJ6L,45a097c1b95bf1ad3f27d32ddffdc4ee8014640d7d379ca3df7bcd8b6f73c49a,b8d9ed2fd9f5011c1e05f5a5f6588b283367d7395a7bcc57ef6887d4ded60e12,60.0,200.0,5,120.0,ventanas,20260905,experimento_oficial_SIM_5D.csv
156,simulacion,SIM_5D,BAJA,78,1296,propio,ventas.202609.txt,ventas.202609.txt,bloqueo.2609.txt,,AG,25,1025,tiempo,2000,60,0,si,urgentes,931,5199,36000.0,600.0,si,,,,130883.0,21189,925,841,841,100.0,0,119,0,2016.5,2106.6,1583,131527,0,258,485,13.108,31,0,0,0,26,262055,NO_EVALUABLE,0,16.0,LAPTOP-OMI6BJ6L,45a097c1b95bf1ad3f27d32ddffdc4ee8014640d7d379ca3df7bcd8b6f73c49a,b8d9ed2fd9f5011c1e05f5a5f6588b283367d7395a7bcc57ef6887d4ded60e12,60.0,200.0,21,120.0,ventanas,20260921,experimento_oficial_SIM_5D.csv
157,simulacion,SIM_5D,MEDIA,98,1296,propio,ventas.202611.txt,ventas.202609.txt,bloqueo.2609.txt,,AG,1,1001,tiempo,2000,60,0,si,urgentes,1112,6118,25920.0,432.0,si,,,,161671.0,26777,1106,1022,1022,100.0,0,119,0,2017.9,2147.7,748,66324,0,299,631,17.054,33,0,0,0,39,264187,NO_EVALUABLE,0,16.0,LAPTOP-OMI6BJ6L,45a097c1b95bf1ad3f27d32ddffdc4ee8014640d7d379ca3df7bcd8b6f73c49a,b8d9ed2fd9f5011c1e05f5a5f6588b283367d7395a7bcc57ef6887d4ded60e12,60.0,200.0,14,120.0,ventanas,20261114,experimento_oficial_SIM_5D.csv
158,simulacion,SIM_5D,ALTA,115,1296,propio,ventas.202701.txt,ventas.202609.txt,bloqueo.2609.txt,,TABU,5,1005,tiempo,2000,60,0,,urgentes,1252,6929,21065.0,351.0833,no,c1821-L3755 (c1821-L3755),,destino bloqueado,125489.0,20862,889,769,770,99.87,0,87,0,2010.2,2491.3,81498,582541,0,60,478,12.919,29,0,0,0,48,213679,NO_EVALUABLE,1,16.0,LAPTOP-OMI6BJ6L,45a097c1b95bf1ad3f27d32ddffdc4ee8014640d7d379ca3df7bcd8b6f73c49a,b8d9ed2fd9f5011c1e05f5a5f6588b283367d7395a7bcc57ef6887d4ded60e12,60.0,200.0,12,87.0833,ventanas,20270112,experimento_oficial_SIM_5D.csv
159,simulacion,SIM_5D,ALTA,115,1296,propio,ventas.202702.txt,ventas.202609.txt,bloqueo.2609.txt,,AG,22,1022,tiempo,2000,60,0,si,urgentes,1329,7650,2690.0,44.8333,no,c0627-L445 (c0627-L445~1),TA10,llegada tardía (a bordo),55098.0,8954,486,352,353,99.72,0,44,0,2118.7,2874.5,546,49545,0,159,218,5.892,11,0,0,0,25,109464,NO_EVALUABLE,0,16.0,LAPTOP-OMI6BJ6L,45a097c1b95bf1ad3f27d32ddffdc4ee8014640d7d379ca3df7bcd8b6f73c49a,b8d9ed2fd9f5011c1e05f5a5f6588b283367d7395a7bcc57ef6887d4ded60e12,60.0,200.0,1,44.8333,ventanas,20270201,experimento_oficial_SIM_5D.csv
160,simulacion,SIM_5D,MEDIA,98,1296,propio,ventas.202612.txt,ventas.202609.txt,bloqueo.2609.txt,,AG,25,1025,tiempo,2000,60,0,si,urgentes,1304,6959,24248.0,404.1333,no,c4918-L3902 (c4918-L3902),,llegada tardía (planificada),56840.0,9252,514,367,368,99.73,0,44,0,2074.9,2332.5,434,48870,0,93,219,5.919,13,0,0,0,11,109094,NO_EVALUABLE,0,16.0,LAPTOP-OMI6BJ6L,45a097c1b95bf1ad3f27d32ddffdc4ee8014640d7d379ca3df7bcd8b6f73c49a,b8d9ed2fd9f5011c1e05f5a5f6588b283367d7395a7bcc57ef6887d4ded60e12,60.0,200.0,16,44.1333,ventanas,20261216,experimento_oficial_SIM_5D.csv
161,simulacion,SIM_5D,BAJA,78,1296,propio,ventas.202609.txt,ventas.202609.txt,bloqueo.2609.txt,,TABU,6,1006,tiempo,2000,60,0,,urgentes,991,5378,38880.0,648.0,si,,,,144419.0,24390,979,898,898,100.0,0,120,0,2006.3,2074.7,173537,1228387,0,32,563,15.216,38,0,0,0,12,263594,NO_EVALUABLE,0,16.0,LAPTOP-OMI6BJ6L,45a097c1b95bf1ad3f27d32ddffdc4ee8014640d7d379ca3df7bcd8b6f73c49a,b8d9ed2fd9f5011c1e05f5a5f6588b283367d7395a7bcc57ef6887d4ded60e12,60.0,200.0,23,120.0,ventanas,20260923,experimento_oficial_SIM_5D.csv
162,simulacion,SIM_5D,BAJA,78,1296,propio,ventas.202610.txt,ventas.202609.txt,bloqueo.2609.txt,,TABU,39,1039,tiempo,2000,60,0,,urgentes,978,5469,25522.0,425.3667,no,c2478-L3446 (c2478-L3446),,destino bloqueado,138951.0,23132,918,838,839,99.88,0,113,0,2003.3,2059.8,141264,936774,0,25,547,14.784,33,0,0,0,15,255008,NO_EVALUABLE,0,16.0,LAPTOP-OMI6BJ6L,45a097c1b95bf1ad3f27d32ddffdc4ee8014640d7d379ca3df7bcd8b6f73c49a,b8d9ed2fd9f5011c1e05f5a5f6588b283367d7395a7bcc57ef6887d4ded60e12,60.0,200.0,14,113.3667,ventanas,20261014,experimento_oficial_SIM_5D.csv
163,simulacion,SIM_5D,BAJA,78,1296,propio,ventas.202610.txt,ventas.202609.txt,bloqueo.2609.txt,,AG,14,1014,tiempo,2000,60,0,si,urgentes,1010,5424,7582.0,126.3667,no,c7742-L969 (c7742-L969),,destino bloqueado,25177.0,3993,255,172,173,99.42,0,30,0,2015.9,2089.0,673,70910,0,95,100,2.703,7,0,0,0,1,63212,NO_EVALUABLE,0,16.0,LAPTOP-OMI6BJ6L,45a097c1b95bf1ad3f27d32ddffdc4ee8014640d7d379ca3df7bcd8b6f73c49a,b8d9ed2fd9f5011c1e05f5a5f6588b283367d7395a7bcc57ef6887d4ded60e12,60.0,200.0,5,30.3667,ventanas,20261005,experimento_oficial_SIM_5D.csv
164,simulacion,SIM_5D,MEDIA,98,1296,propio,ventas.202612.txt,ventas.202609.txt,bloqueo.2609.txt,,AG,2,1002,tiempo,2000,60,0,si,urgentes,1238,6657,30240.0,504.0,si,,,,177375.0,30372,1232,1125,1125,100.0,0,120,0,2073.1,2271.3,1279,129495,0,185,675,18.243,40,0,0,0,47,291102,NO_EVALUABLE,0,16.0,LAPTOP-OMI6BJ6L,45a097c1b95bf1ad3f27d32ddffdc4ee8014640d7d379ca3df7bcd8b6f73c49a,b8d9ed2fd9f5011c1e05f5a5f6588b283367d7395a7bcc57ef6887d4ded60e12,60.0,200.0,17,120.0,ventanas,20261217,experimento_oficial_SIM_5D.csv
165,simulacion,SIM_5D,BAJA,78,1296,propio,ventas.202610.txt,ventas.202609.txt,bloqueo.2609.txt,,AG,3,1003,tiempo,2000,60,0,si,urgentes,929,5204,30240.0,504.0,si,,,,131505.0,20909,923,861,861,100.0,0,120,0,2010.1,2100.7,2343,240992,0,333,476,12.865,29,0,0,0,20,257935,NO_EVALUABLE,0,16.0,LAPTOP-OMI6BJ6L,45a097c1b95bf1ad3f27d32ddffdc4ee8014640d7d379ca3df7bcd8b6f73c49a,b8d9ed2fd9f5011c1e05f5a5f6588b283367d7395a7bcc57ef6887d4ded60e12,60.0,200.0,17,120.0,ventanas,20261017,experimento_oficial_SIM_5D.csv
166,simulacion,SIM_5D,MEDIA,98,1296,propio,ventas.202612.txt,ventas.202609.txt,bloqueo.2609.txt,,TABU,31,1031,tiempo,2000,60,0,,urgentes,1165,6536,11520.0,192.0,si,,,,179771.0,29529,1157,1060,1060,100.0,0,119,0,2005.6,2075.5,166861,1040094,0,23,665,17.973,34,0,0,0,80,266141,NO_EVALUABLE,0,16.0,LAPTOP-OMI6BJ6L,45a097c1b95bf1ad3f27d32ddffdc4ee8014640d7d379ca3df7bcd8b6f73c49a,b8d9ed2fd9f5011c1e05f5a5f6588b283367d7395a7bcc57ef6887d4ded60e12,60.0,200.0,4,120.0,ventanas,20261204,experimento_oficial_SIM_5D.csv
167,simulacion,SIM_5D,BAJA,78,1296,propio,ventas.202610.txt,ventas.202609.txt,bloqueo.2609.txt,,AG,12,1012,tiempo,2000,60,0,si,urgentes,886,4932,33120.0,552.0,si,,,,127832.0,20973,877,808,808,100.0,0,119,0,2009.2,2096.7,1507,163693,0,351,483,13.054,28,0,0,0,23,252801,NO_EVALUABLE,0,16.0,LAPTOP-OMI6BJ6L,45a097c1b95bf1ad3f27d32ddffdc4ee8014640d7d379ca3df7bcd8b6f73c49a,b8d9ed2fd9f5011c1e05f5a5f6588b283367d7395a7bcc57ef6887d4ded60e12,60.0,200.0,19,120.0,ventanas,20261019,experimento_oficial_SIM_5D.csv
168,simulacion,SIM_5D,ALTA,115,1296,propio,ventas.202702.txt,ventas.202609.txt,bloqueo.2609.txt,,TABU,4,1004,tiempo,2000,60,0,,urgentes,1445,8235,8961.0,149.35,no,c4936-L1655 (c4936-L1655~1),,llegada tardía (planificada),79144.0,13172,636,471,472,99.79,0,54,0,2002.1,2040.5,109090,768692,0,13,304,8.216,15,0,0,0,38,132630,NO_EVALUABLE,0,16.0,LAPTOP-OMI6BJ6L,45a097c1b95bf1ad3f27d32ddffdc4ee8014640d7d379ca3df7bcd8b6f73c49a,b8d9ed2fd9f5011c1e05f5a5f6588b283367d7395a7bcc57ef6887d4ded60e12,60.0,200.0,5,53.35,ventanas,20270205,experimento_oficial_SIM_5D.csv
169,simulacion,SIM_5D,ALTA,115,1296,propio,ventas.202702.txt,ventas.202609.txt,bloqueo.2609.txt,,TABU,18,1018,tiempo,2000,60,0,,urgentes,1371,7562,15172.0,252.8667,no,c4084-L2875 (c4084-L2875~2),,llegada tardía (planificada),131526.0,22134,961,818,819,99.88,0,85,0,2005.3,2092.1,103184,751032,0,9,515,13.919,24,0,0,0,60,205650,NO_EVALUABLE,0,16.0,LAPTOP-OMI6BJ6L,45a097c1b95bf1ad3f27d32ddffdc4ee8014640d7d379ca3df7bcd8b6f73c49a,b8d9ed2fd9f5011c1e05f5a5f6588b283367d7395a7bcc57ef6887d4ded60e12,60.0,200.0,8,84.8667,ventanas,20270208,experimento_oficial_SIM_5D.csv
170,simulacion,SIM_5D,BAJA,78,1296,propio,ventas.202610.txt,ventas.202609.txt,bloqueo.2609.txt,,AG,38,1038,tiempo,2000,60,0,si,urgentes,1003,5555,21600.0,360.0,si,,,,143210.0,22992,997,908,908,100.0,0,119,0,2027.8,2176.0,1710,140220,0,247,541,14.622,30,0,0,0,33,270177,NO_EVALUABLE,0,16.0,LAPTOP-OMI6BJ6L,45a097c1b95bf1ad3f27d32ddffdc4ee8014640d7d379ca3df7bcd8b6f73c49a,b8d9ed2fd9f5011c1e05f5a5f6588b283367d7395a7bcc57ef6887d4ded60e12,60.0,200.0,11,120.0,ventanas,20261011,experimento_oficial_SIM_5D.csv
171,simulacion,SIM_5D,MEDIA,98,1296,propio,ventas.202611.txt,ventas.202609.txt,bloqueo.2609.txt,,TABU,14,1014,tiempo,2000,60,0,,urgentes,1101,6115,28311.0,471.85,no,c6031-L4314 (c6031-L4314),TA05,destino bloqueado,110169.0,18217,767,682,683,99.85,0,87,0,2003.4,2066.3,156844,1044695,0,39,426,11.514,26,0,0,0,32,189726,NO_EVALUABLE,0,16.0,LAPTOP-OMI6BJ6L,45a097c1b95bf1ad3f27d32ddffdc4ee8014640d7d379ca3df7bcd8b6f73c49a,b8d9ed2fd9f5011c1e05f5a5f6588b283367d7395a7bcc57ef6887d4ded60e12,60.0,200.0,17,87.85,ventanas,20261117,experimento_oficial_SIM_5D.csv
172,simulacion,SIM_5D,BAJA,78,1296,propio,ventas.202609.txt,ventas.202609.txt,bloqueo.2609.txt,,AG,36,1036,tiempo,2000,60,0,si,urgentes,847,4663,17280.0,288.0,si,,,,118032.0,19012,842,781,781,100.0,0,119,0,2009.2,2082.7,2191,178085,0,429,442,11.946,23,0,0,0,13,251453,NO_EVALUABLE,0,16.0,LAPTOP-OMI6BJ6L,45a097c1b95bf1ad3f27d32ddffdc4ee8014640d7d379ca3df7bcd8b6f73c49a,b8d9ed2fd9f5011c1e05f5a5f6588b283367d7395a7bcc57ef6887d4ded60e12,60.0,200.0,8,120.0,ventanas,20260908,experimento_oficial_SIM_5D.csv
173,simulacion,SIM_5D,BAJA,78,1296,propio,ventas.202609.txt,ventas.202609.txt,bloqueo.2609.txt,,TABU,18,1018,tiempo,2000,60,0,,urgentes,829,4714,14400.0,240.0,si,,,,120694.0,19848,824,744,744,100.0,0,119,0,2001.8,2066.0,198743,1360260,0,20,468,12.649,34,0,0,0,12,256703,NO_EVALUABLE,0,16.0,LAPTOP-OMI6BJ6L,45a097c1b95bf1ad3f27d32ddffdc4ee8014640d7d379ca3df7bcd8b6f73c49a,b8d9ed2fd9f5011c1e05f5a5f6588b283367d7395a7bcc57ef6887d4ded60e12,60.0,200.0,6,120.0,ventanas,20260906,experimento_oficial_SIM_5D.csv
174,simulacion,SIM_5D,MEDIA,98,1296,propio,ventas.202611.txt,ventas.202609.txt,bloqueo.2609.txt,,AG,18,1018,tiempo,2000,60,0,si,urgentes,1146,6266,17161.0,286.0167,no,c4269-L2555 (c4269-L2555),,destino bloqueado,160005.0,26280,1119,994,995,99.9,0,118,0,2038.2,2431.2,897,74185,0,247,590,15.946,27,0,0,0,41,273901,NO_EVALUABLE,1,16.0,LAPTOP-OMI6BJ6L,45a097c1b95bf1ad3f27d32ddffdc4ee8014640d7d379ca3df7bcd8b6f73c49a,b8d9ed2fd9f5011c1e05f5a5f6588b283367d7395a7bcc57ef6887d4ded60e12,60.0,200.0,8,118.0167,ventanas,20261108,experimento_oficial_SIM_5D.csv
175,simulacion,SIM_5D,MEDIA,98,1296,propio,ventas.202612.txt,ventas.202609.txt,bloqueo.2609.txt,,TABU,24,1024,tiempo,2000,60,0,,urgentes,1222,6719,23040.0,384.0,si,,,,175355.0,29086,1214,1074,1074,100.0,0,119,0,2003.1,2077.6,141749,919340,0,20,677,18.297,41,0,0,0,71,279215,NO_EVALUABLE,0,16.0,LAPTOP-OMI6BJ6L,45a097c1b95bf1ad3f27d32ddffdc4ee8014640d7d379ca3df7bcd8b6f73c49a,b8d9ed2fd9f5011c1e05f5a5f6588b283367d7395a7bcc57ef6887d4ded60e12,60.0,200.0,12,120.0,ventanas,20261212,experimento_oficial_SIM_5D.csv
176,simulacion,SIM_5D,ALTA,115,1296,propio,ventas.202702.txt,ventas.202609.txt,bloqueo.2609.txt,,TABU,15,1015,tiempo,2000,60,0,,urgentes,1341,7440,15631.0,260.5167,no,c4392-L2986 (c4392-L2986~1),,llegada tardía (planificada),101884.0,17000,778,617,618,99.84,0,68,0,2004.9,2068.5,72359,510644,0,24,406,10.973,24,0,0,0,46,167090,NO_EVALUABLE,0,16.0,LAPTOP-OMI6BJ6L,45a097c1b95bf1ad3f27d32ddffdc4ee8014640d7d379ca3df7bcd8b6f73c49a,b8d9ed2fd9f5011c1e05f5a5f6588b283367d7395a7bcc57ef6887d4ded60e12,60.0,200.0,9,68.5167,ventanas,20270209,experimento_oficial_SIM_5D.csv
177,simulacion,SIM_5D,ALTA,115,1296,propio,ventas.202701.txt,ventas.202609.txt,bloqueo.2609.txt,,TABU,13,1013,tiempo,2000,60,0,,urgentes,1283,6903,15840.0,264.0,si,,,,183093.0,30878,1272,1157,1157,100.0,0,119,0,2004.3,2064.2,91706,632765,0,28,740,20.0,39,0,0,0,69,308050,NO_EVALUABLE,0,16.0,LAPTOP-OMI6BJ6L,45a097c1b95bf1ad3f27d32ddffdc4ee8014640d7d379ca3df7bcd8b6f73c49a,b8d9ed2fd9f5011c1e05f5a5f6588b283367d7395a7bcc57ef6887d4ded60e12,60.0,200.0,7,120.0,ventanas,20270107,experimento_oficial_SIM_5D.csv
178,simulacion,SIM_5D,ALTA,115,1296,propio,ventas.202702.txt,ventas.202609.txt,bloqueo.2609.txt,,AG,19,1019,tiempo,2000,60,0,si,urgentes,1437,8069,9453.0,157.55,no,c1014-L1766 (c1014-L1766),,llegada tardía (planificada),55789.0,9063,491,325,326,99.69,0,37,0,2131.0,2645.7,238,27915,0,67,212,5.73,12,0,0,0,43,97697,NO_EVALUABLE,0,16.0,LAPTOP-OMI6BJ6L,45a097c1b95bf1ad3f27d32ddffdc4ee8014640d7d379ca3df7bcd8b6f73c49a,b8d9ed2fd9f5011c1e05f5a5f6588b283367d7395a7bcc57ef6887d4ded60e12,60.0,200.0,6,37.55,ventanas,20270206,experimento_oficial_SIM_5D.csv
179,simulacion,SIM_5D,BAJA,78,1296,propio,ventas.202610.txt,ventas.202609.txt,bloqueo.2609.txt,,TABU,3,1003,tiempo,2000,60,0,,urgentes,929,5204,25522.0,425.3667,no,c2478-L3446 (c2478-L3446),,destino bloqueado,38824.0,6094,334,260,261,99.62,0,42,0,2002.4,2079.2,118347,949299,0,15,154,4.162,13,0,0,0,3,88707,NO_EVALUABLE,0,16.0,LAPTOP-OMI6BJ6L,45a097c1b95bf1ad3f27d32ddffdc4ee8014640d7d379ca3df7bcd8b6f73c49a,b8d9ed2fd9f5011c1e05f5a5f6588b283367d7395a7bcc57ef6887d4ded60e12,60.0,200.0,17,41.3667,ventanas,20261017,experimento_oficial_SIM_5D.csv
180,simulacion,SIM_5D,BAJA,78,1296,propio,ventas.202610.txt,ventas.202609.txt,bloqueo.2609.txt,,TABU,31,1031,tiempo,2000,60,0,,urgentes,984,5281,7582.0,126.3667,no,c7742-L969 (c7742-L969),,destino bloqueado,3120.0,508,52,16,17,94.12,0,6,0,2011.3,2063.8,34354,346338,0,8,21,0.568,1,0,0,0,0,12205,NO_EVALUABLE,0,16.0,LAPTOP-OMI6BJ6L,45a097c1b95bf1ad3f27d32ddffdc4ee8014640d7d379ca3df7bcd8b6f73c49a,b8d9ed2fd9f5011c1e05f5a5f6588b283367d7395a7bcc57ef6887d4ded60e12,60.0,200.0,6,6.3667,ventanas,20261006,experimento_oficial_SIM_5D.csv
181,simulacion,SIM_5D,MEDIA,98,1296,propio,ventas.202611.txt,ventas.202609.txt,bloqueo.2609.txt,,AG,29,1029,tiempo,2000,60,0,si,urgentes,1148,6283,20894.0,348.2333,no,c2628-L3219 (c2628-L3219),,llegada tardía (planificada),85987.0,14163,639,508,509,99.8,0,61,0,2076.6,2233.3,1128,77099,0,69,322,8.703,16,0,0,0,42,149331,NO_EVALUABLE,0,16.0,LAPTOP-OMI6BJ6L,45a097c1b95bf1ad3f27d32ddffdc4ee8014640d7d379ca3df7bcd8b6f73c49a,b8d9ed2fd9f5011c1e05f5a5f6588b283367d7395a7bcc57ef6887d4ded60e12,60.0,200.0,13,60.2333,ventanas,20261113,experimento_oficial_SIM_5D.csv
182,simulacion,SIM_5D,BAJA,78,1296,propio,ventas.202610.txt,ventas.202609.txt,bloqueo.2609.txt,,AG,31,1031,tiempo,2000,60,0,si,urgentes,984,5281,7582.0,126.3667,no,c7742-L969 (c7742-L969),,destino bloqueado,2906.0,447,52,18,19,94.74,0,6,0,2000.0,2005.1,540,67823,0,5,15,0.405,2,0,0,0,0,12120,NO_EVALUABLE,0,16.0,LAPTOP-OMI6BJ6L,45a097c1b95bf1ad3f27d32ddffdc4ee8014640d7d379ca3df7bcd8b6f73c49a,b8d9ed2fd9f5011c1e05f5a5f6588b283367d7395a7bcc57ef6887d4ded60e12,60.0,200.0,6,6.3667,ventanas,20261006,experimento_oficial_SIM_5D.csv
183,simulacion,SIM_5D,ALTA,115,1296,propio,ventas.202701.txt,ventas.202609.txt,bloqueo.2609.txt,,AG,12,1012,tiempo,2000,60,0,si,urgentes,1344,7328,3082.0,51.3667,no,c3821-L539 (c3821-L539),,destino bloqueado,25437.0,4185,303,180,181,99.45,0,28,0,2009.6,2088.7,1360,162875,0,51,114,3.081,8,0,0,0,7,60182,NO_EVALUABLE,0,16.0,LAPTOP-OMI6BJ6L,45a097c1b95bf1ad3f27d32ddffdc4ee8014640d7d379ca3df7bcd8b6f73c49a,b8d9ed2fd9f5011c1e05f5a5f6588b283367d7395a7bcc57ef6887d4ded60e12,60.0,200.0,2,27.3667,ventanas,20270102,experimento_oficial_SIM_5D.csv
184,simulacion,SIM_5D,ALTA,115,1296,propio,ventas.202701.txt,ventas.202609.txt,bloqueo.2609.txt,,AG,17,1017,tiempo,2000,60,0,si,urgentes,1306,7098,6086.0,101.4333,no,c2849-L1040 (c2849-L1040),,llegada tardía (planificada),66989.0,10952,539,424,425,99.76,0,53,0,2019.0,2132.0,493,47845,0,167,261,7.054,15,0,0,0,20,117936,NO_EVALUABLE,0,16.0,LAPTOP-OMI6BJ6L,45a097c1b95bf1ad3f27d32ddffdc4ee8014640d7d379ca3df7bcd8b6f73c49a,b8d9ed2fd9f5011c1e05f5a5f6588b283367d7395a7bcc57ef6887d4ded60e12,60.0,200.0,3,53.4333,ventanas,20270103,experimento_oficial_SIM_5D.csv
185,simulacion,SIM_5D,MEDIA,98,1296,propio,ventas.202612.txt,ventas.202609.txt,bloqueo.2609.txt,,TABU,13,1013,tiempo,2000,60,0,,urgentes,1156,6409,21600.0,360.0,si,,,,168803.0,28228,1146,1043,1043,100.0,0,119,0,2003.2,2058.1,148330,990510,0,11,656,17.73,37,0,0,0,66,269234,NO_EVALUABLE,0,16.0,LAPTOP-OMI6BJ6L,45a097c1b95bf1ad3f27d32ddffdc4ee8014640d7d379ca3df7bcd8b6f73c49a,b8d9ed2fd9f5011c1e05f5a5f6588b283367d7395a7bcc57ef6887d4ded60e12,60.0,200.0,11,120.0,ventanas,20261211,experimento_oficial_SIM_5D.csv
186,simulacion,SIM_5D,MEDIA,98,1296,propio,ventas.202612.txt,ventas.202609.txt,bloqueo.2609.txt,,TABU,35,1035,tiempo,2000,60,0,,urgentes,1298,6978,27360.0,456.0,si,,,,190745.0,31849,1289,1170,1170,100.0,0,119,0,2002.7,2073.0,119848,814999,0,28,720,19.459,34,0,0,0,65,284159,NO_EVALUABLE,0,16.0,LAPTOP-OMI6BJ6L,45a097c1b95bf1ad3f27d32ddffdc4ee8014640d7d379ca3df7bcd8b6f73c49a,b8d9ed2fd9f5011c1e05f5a5f6588b283367d7395a7bcc57ef6887d4ded60e12,60.0,200.0,15,120.0,ventanas,20261215,experimento_oficial_SIM_5D.csv
187,simulacion,SIM_5D,MEDIA,98,1296,propio,ventas.202612.txt,ventas.202609.txt,bloqueo.2609.txt,,AG,24,1024,tiempo,2000,60,0,si,urgentes,1222,6719,23040.0,384.0,si,,,,170709.0,28210,1214,1076,1076,100.0,0,119,0,2085.4,2468.3,983,80242,0,183,638,17.243,29,0,0,0,79,288181,NO_EVALUABLE,0,16.0,LAPTOP-OMI6BJ6L,45a097c1b95bf1ad3f27d32ddffdc4ee8014640d7d379ca3df7bcd8b6f73c49a,b8d9ed2fd9f5011c1e05f5a5f6588b283367d7395a7bcc57ef6887d4ded60e12,60.0,200.0,12,120.0,ventanas,20261212,experimento_oficial_SIM_5D.csv
188,simulacion,SIM_5D,MEDIA,98,1296,propio,ventas.202611.txt,ventas.202609.txt,bloqueo.2609.txt,,TABU,11,1011,tiempo,2000,60,0,,urgentes,1129,6248,14400.0,240.0,si,,,,165849.0,27715,1114,1016,1016,100.0,0,119,0,2003.6,2072.8,139676,978698,0,26,637,17.216,41,0,0,0,44,268102,NO_EVALUABLE,1,16.0,LAPTOP-OMI6BJ6L,45a097c1b95bf1ad3f27d32ddffdc4ee8014640d7d379ca3df7bcd8b6f73c49a,b8d9ed2fd9f5011c1e05f5a5f6588b283367d7395a7bcc57ef6887d4ded60e12,60.0,200.0,6,120.0,ventanas,20261106,experimento_oficial_SIM_5D.csv
189,simulacion,SIM_5D,MEDIA,98,1296,propio,ventas.202611.txt,ventas.202609.txt,bloqueo.2609.txt,,AG,9,1009,tiempo,2000,60,0,si,urgentes,1057,5766,8640.0,144.0,si,,,,151590.0,24810,1049,950,950,100.0,0,119,0,2018.7,2231.3,1172,104110,0,354,556,15.027,27,0,0,0,41,261749,NO_EVALUABLE,0,16.0,LAPTOP-OMI6BJ6L,45a097c1b95bf1ad3f27d32ddffdc4ee8014640d7d379ca3df7bcd8b6f73c49a,b8d9ed2fd9f5011c1e05f5a5f6588b283367d7395a7bcc57ef6887d4ded60e12,60.0,200.0,2,120.0,ventanas,20261102,experimento_oficial_SIM_5D.csv
190,simulacion,SIM_5D,MEDIA,98,1296,propio,ventas.202612.txt,ventas.202609.txt,bloqueo.2609.txt,,AG,28,1028,tiempo,2000,60,0,si,urgentes,1124,6242,15840.0,264.0,si,,,,164583.0,27284,1111,1016,1016,100.0,0,119,0,2022.9,2249.6,803,83975,0,220,622,16.811,38,0,0,0,65,269317,NO_EVALUABLE,0,16.0,LAPTOP-OMI6BJ6L,45a097c1b95bf1ad3f27d32ddffdc4ee8014640d7d379ca3df7bcd8b6f73c49a,b8d9ed2fd9f5011c1e05f5a5f6588b283367d7395a7bcc57ef6887d4ded60e12,60.0,200.0,7,120.0,ventanas,20261207,experimento_oficial_SIM_5D.csv
191,simulacion,SIM_5D,MEDIA,98,1296,propio,ventas.202611.txt,ventas.202609.txt,bloqueo.2609.txt,,AG,10,1010,tiempo,2000,60,0,si,urgentes,1215,6566,17161.0,286.0167,no,c4269-L2555 (c4269-L2555),,destino bloqueado,88018.0,14279,682,560,561,99.82,0,70,0,2039.4,2275.8,724,61134,0,229,332,8.973,17,0,0,0,17,161229,NO_EVALUABLE,0,16.0,LAPTOP-OMI6BJ6L,45a097c1b95bf1ad3f27d32ddffdc4ee8014640d7d379ca3df7bcd8b6f73c49a,b8d9ed2fd9f5011c1e05f5a5f6588b283367d7395a7bcc57ef6887d4ded60e12,60.0,200.0,10,70.0167,ventanas,20261110,experimento_oficial_SIM_5D.csv
192,simulacion,SIM_5D,BAJA,78,1296,propio,ventas.202610.txt,ventas.202609.txt,bloqueo.2609.txt,,TABU,38,1038,tiempo,2000,60,0,,urgentes,1003,5555,21600.0,360.0,si,,,,149549.0,24418,997,903,903,100.0,0,119,0,2002.9,2077.7,157746,1039031,0,27,574,15.514,40,0,0,0,12,271491,NO_EVALUABLE,0,16.0,LAPTOP-OMI6BJ6L,45a097c1b95bf1ad3f27d32ddffdc4ee8014640d7d379ca3df7bcd8b6f73c49a,b8d9ed2fd9f5011c1e05f5a5f6588b283367d7395a7bcc57ef6887d4ded60e12,60.0,200.0,11,120.0,ventanas,20261011,experimento_oficial_SIM_5D.csv
193,simulacion,SIM_5D,BAJA,78,1296,propio,ventas.202609.txt,ventas.202609.txt,bloqueo.2609.txt,,TABU,28,1028,tiempo,2000,60,0,,urgentes,795,4478,7200.0,120.0,si,,,,115238.0,18912,788,721,721,100.0,0,119,0,2006.5,2082.9,238193,1620521,0,39,447,12.081,27,0,0,0,6,253636,NO_EVALUABLE,0,16.0,LAPTOP-OMI6BJ6L,45a097c1b95bf1ad3f27d32ddffdc4ee8014640d7d379ca3df7bcd8b6f73c49a,b8d9ed2fd9f5011c1e05f5a5f6588b283367d7395a7bcc57ef6887d4ded60e12,60.0,200.0,1,120.0,ventanas,20260901,experimento_oficial_SIM_5D.csv
194,simulacion,SIM_5D,MEDIA,98,1296,propio,ventas.202612.txt,ventas.202609.txt,bloqueo.2609.txt,,AG,13,1013,tiempo,2000,60,0,si,urgentes,1156,6409,21600.0,360.0,si,,,,166932.0,27529,1146,1040,1040,100.0,0,119,0,2022.1,2164.3,966,85898,0,207,631,17.054,26,0,0,0,64,268729,NO_EVALUABLE,0,16.0,LAPTOP-OMI6BJ6L,45a097c1b95bf1ad3f27d32ddffdc4ee8014640d7d379ca3df7bcd8b6f73c49a,b8d9ed2fd9f5011c1e05f5a5f6588b283367d7395a7bcc57ef6887d4ded60e12,60.0,200.0,11,120.0,ventanas,20261211,experimento_oficial_SIM_5D.csv
195,simulacion,SIM_5D,BAJA,78,1296,propio,ventas.202610.txt,ventas.202609.txt,bloqueo.2609.txt,,AG,19,1019,tiempo,2000,60,0,si,urgentes,932,5134,37440.0,624.0,si,,,,126526.0,21100,927,863,863,100.0,0,119,0,2015.5,2147.2,1517,120047,0,284,500,13.514,31,0,0,0,11,256859,NO_EVALUABLE,0,16.0,LAPTOP-OMI6BJ6L,45a097c1b95bf1ad3f27d32ddffdc4ee8014640d7d379ca3df7bcd8b6f73c49a,b8d9ed2fd9f5011c1e05f5a5f6588b283367d7395a7bcc57ef6887d4ded60e12,60.0,200.0,22,120.0,ventanas,20261022,experimento_oficial_SIM_5D.csv
196,simulacion,SIM_5D,ALTA,115,1296,propio,ventas.202701.txt,ventas.202609.txt,bloqueo.2609.txt,,AG,27,1027,tiempo,2000,60,0,si,urgentes,1335,7255,13581.0,226.35,no,c3409-L2413 (c3409-L2413~2),,llegada tardía (planificada),42545.0,6925,418,277,278,99.64,0,34,0,2118.2,2471.6,427,43956,0,153,171,4.622,11,0,0,0,9,86540,NO_EVALUABLE,0,16.0,LAPTOP-OMI6BJ6L,45a097c1b95bf1ad3f27d32ddffdc4ee8014640d7d379ca3df7bcd8b6f73c49a,b8d9ed2fd9f5011c1e05f5a5f6588b283367d7395a7bcc57ef6887d4ded60e12,60.0,200.0,9,34.35,ventanas,20270109,experimento_oficial_SIM_5D.csv
197,simulacion,SIM_5D,BAJA,78,1296,propio,ventas.202610.txt,ventas.202609.txt,bloqueo.2609.txt,,TABU,9,1009,tiempo,2000,60,0,,urgentes,982,5365,17280.0,288.0,si,,,,138767.0,23663,973,883,883,100.0,0,119,0,2004.3,2082.6,157694,1070103,0,80,568,15.351,37,0,0,0,5,266531,NO_EVALUABLE,0,16.0,LAPTOP-OMI6BJ6L,45a097c1b95bf1ad3f27d32ddffdc4ee8014640d7d379ca3df7bcd8b6f73c49a,b8d9ed2fd9f5011c1e05f5a5f6588b283367d7395a7bcc57ef6887d4ded60e12,60.0,200.0,8,120.0,ventanas,20261008,experimento_oficial_SIM_5D.csv
198,simulacion,SIM_5D,BAJA,78,1296,propio,ventas.202610.txt,ventas.202609.txt,bloqueo.2609.txt,,TABU,17,1017,tiempo,2000,60,0,,urgentes,912,5044,31680.0,528.0,si,,,,132141.0,21790,908,826,826,100.0,0,119,0,2004.3,2101.7,213225,1385370,0,30,496,13.405,31,0,0,0,28,255154,NO_EVALUABLE,0,16.0,LAPTOP-OMI6BJ6L,45a097c1b95bf1ad3f27d32ddffdc4ee8014640d7d379ca3df7bcd8b6f73c49a,b8d9ed2fd9f5011c1e05f5a5f6588b283367d7395a7bcc57ef6887d4ded60e12,60.0,200.0,18,120.0,ventanas,20261018,experimento_oficial_SIM_5D.csv
199,simulacion,SIM_5D,ALTA,115,1296,propio,ventas.202702.txt,ventas.202609.txt,bloqueo.2609.txt,,AG,2,1002,tiempo,2000,60,0,si,urgentes,1374,7618,15729.0,262.15,no,c0609-L3007 (c0609-L3007),TM07,llegada tardía (a bordo),58706.0,9558,540,376,377,99.73,0,47,0,2105.0,2522.6,1188,140767,0,216,237,6.405,14,0,0,0,25,119967,NO_EVALUABLE,0,16.0,LAPTOP-OMI6BJ6L,45a097c1b95bf1ad3f27d32ddffdc4ee8014640d7d379ca3df7bcd8b6f73c49a,b8d9ed2fd9f5011c1e05f5a5f6588b283367d7395a7bcc57ef6887d4ded60e12,60.0,200.0,10,46.15,ventanas,20270210,experimento_oficial_SIM_5D.csv
200,simulacion,SIM_5D,MEDIA,98,1296,propio,ventas.202612.txt,ventas.202609.txt,bloqueo.2609.txt,,AG,20,1020,tiempo,2000,60,0,si,urgentes,1145,6300,7200.0,120.0,si,,,,164157.0,27774,1136,1031,1031,100.0,0,119,0,2043.4,2304.3,1096,105259,0,189,639,17.27,29,0,0,0,44,273153,NO_EVALUABLE,0,16.0,LAPTOP-OMI6BJ6L,45a097c1b95bf1ad3f27d32ddffdc4ee8014640d7d379ca3df7bcd8b6f73c49a,b8d9ed2fd9f5011c1e05f5a5f6588b283367d7395a7bcc57ef6887d4ded60e12,60.0,200.0,1,120.0,ventanas,20261201,experimento_oficial_SIM_5D.csv
201,simulacion,SIM_5D,ALTA,115,1296,propio,ventas.202701.txt,ventas.202609.txt,bloqueo.2609.txt,,AG,3,1003,tiempo,2000,60,0,si,urgentes,1370,7465,8471.0,141.1833,no,c7361-L1532 (c7361-L1532),,llegada tardía (planificada),68150.0,11186,560,427,428,99.77,0,46,0,2040.2,2263.8,1092,107265,0,76,267,7.216,14,0,0,0,41,107606,NO_EVALUABLE,0,16.0,LAPTOP-OMI6BJ6L,45a097c1b95bf1ad3f27d32ddffdc4ee8014640d7d379ca3df7bcd8b6f73c49a,b8d9ed2fd9f5011c1e05f5a5f6588b283367d7395a7bcc57ef6887d4ded60e12,60.0,200.0,5,45.1833,ventanas,20270105,experimento_oficial_SIM_5D.csv
202,simulacion,SIM_5D,MEDIA,98,1296,propio,ventas.202612.txt,ventas.202609.txt,bloqueo.2609.txt,,TABU,21,1021,tiempo,2000,60,0,,urgentes,1137,6368,14400.0,240.0,si,,,,164602.0,27362,1130,1018,1018,100.0,0,119,0,2003.0,2064.3,160358,1072320,0,18,658,17.784,38,0,0,0,55,269108,NO_EVALUABLE,0,16.0,LAPTOP-OMI6BJ6L,45a097c1b95bf1ad3f27d32ddffdc4ee8014640d7d379ca3df7bcd8b6f73c49a,b8d9ed2fd9f5011c1e05f5a5f6588b283367d7395a7bcc57ef6887d4ded60e12,60.0,200.0,6,120.0,ventanas,20261206,experimento_oficial_SIM_5D.csv
203,simulacion,SIM_5D,MEDIA,98,1296,propio,ventas.202612.txt,ventas.202609.txt,bloqueo.2609.txt,,TABU,4,1004,tiempo,2000,60,0,,urgentes,1066,5944,17280.0,288.0,si,,,,154491.0,25611,1058,988,988,100.0,0,119,0,2002.0,2069.8,166776,1073571,0,36,603,16.297,36,0,0,0,36,264806,NO_EVALUABLE,0,16.0,LAPTOP-OMI6BJ6L,45a097c1b95bf1ad3f27d32ddffdc4ee8014640d7d379ca3df7bcd8b6f73c49a,b8d9ed2fd9f5011c1e05f5a5f6588b283367d7395a7bcc57ef6887d4ded60e12,60.0,200.0,8,120.0,ventanas,20261208,experimento_oficial_SIM_5D.csv
204,simulacion,SIM_5D,BAJA,78,1296,propio,ventas.202609.txt,ventas.202609.txt,bloqueo.2609.txt,,AG,22,1022,tiempo,2000,60,0,si,urgentes,885,4750,23040.0,384.0,si,,,,120835.0,19649,872,786,786,100.0,0,119,0,2009.6,2089.0,2141,213861,0,319,450,12.162,34,0,0,0,14,251630,NO_EVALUABLE,0,16.0,LAPTOP-OMI6BJ6L,45a097c1b95bf1ad3f27d32ddffdc4ee8014640d7d379ca3df7bcd8b6f73c49a,b8d9ed2fd9f5011c1e05f5a5f6588b283367d7395a7bcc57ef6887d4ded60e12,60.0,200.0,12,120.0,ventanas,20260912,experimento_oficial_SIM_5D.csv
205,simulacion,SIM_5D,BAJA,78,1296,propio,ventas.202610.txt,ventas.202609.txt,bloqueo.2609.txt,,TABU,30,1030,tiempo,2000,60,0,,urgentes,990,5447,27360.0,456.0,si,,,,143943.0,23651,985,905,905,100.0,0,119,0,2003.3,2064.6,198729,1332745,0,17,567,15.324,39,0,0,0,12,258592,NO_EVALUABLE,0,16.0,LAPTOP-OMI6BJ6L,45a097c1b95bf1ad3f27d32ddffdc4ee8014640d7d379ca3df7bcd8b6f73c49a,b8d9ed2fd9f5011c1e05f5a5f6588b283367d7395a7bcc57ef6887d4ded60e12,60.0,200.0,15,120.0,ventanas,20261015,experimento_oficial_SIM_5D.csv
206,simulacion,SIM_5D,ALTA,115,1296,propio,ventas.202701.txt,ventas.202609.txt,bloqueo.2609.txt,,AG,20,1020,tiempo,2000,60,0,si,urgentes,1261,6904,20160.0,336.0,si,,,,183068.0,30812,1251,1147,1147,100.0,0,119,0,2112.0,2358.4,338,36416,0,148,718,19.405,35,0,0,0,64,303950,NO_EVALUABLE,1,16.0,LAPTOP-OMI6BJ6L,45a097c1b95bf1ad3f27d32ddffdc4ee8014640d7d379ca3df7bcd8b6f73c49a,b8d9ed2fd9f5011c1e05f5a5f6588b283367d7395a7bcc57ef6887d4ded60e12,60.0,200.0,10,120.0,ventanas,20270110,experimento_oficial_SIM_5D.csv
1,simulacion,SIM_5D,MEDIA,98,1296,propio,ventas.202611.txt,ventas.202609.txt,bloqueo.2609.txt,,AG,34,2034,tiempo,2000,60,0,si,urgentes,1239,6616,17161.0,286.0167,no,c4269-L2555 (c4269-L2555),,destino bloqueado,49841.0,7994,450,329,330,99.7,0,46,0,2046.3,2309.4,480,40925,0,118,191,5.162,14,0,0,0,4,107615,NO_EVALUABLE,0,16.0,LAPTOP-OMI6BJ6L,45a097c1b95bf1ad3f27d32ddffdc4ee8014640d7d379ca3df7bcd8b6f73c49a,b8d9ed2fd9f5011c1e05f5a5f6588b283367d7395a7bcc57ef6887d4ded60e12,60.0,200.0,11,46.0167,ventanas,20261111,experimento_oficial_SIM_5D.csv
2,simulacion,SIM_5D,BAJA,78,1296,propio,ventas.202610.txt,ventas.202609.txt,bloqueo.2609.txt,,AG,40,2040,tiempo,2000,60,0,si,urgentes,911,5074,34560.0,576.0,si,,,,119342.0,19378,900,799,799,100.0,0,119,0,2013.6,2211.1,1565,114731,0,371,458,12.378,24,0,0,0,16,254454,NO_EVALUABLE,0,16.0,LAPTOP-OMI6BJ6L,45a097c1b95bf1ad3f27d32ddffdc4ee8014640d7d379ca3df7bcd8b6f73c49a,b8d9ed2fd9f5011c1e05f5a5f6588b283367d7395a7bcc57ef6887d4ded60e12,60.0,200.0,20,120.0,ventanas,20261020,experimento_oficial_SIM_5D.csv
3,simulacion,SIM_5D,MEDIA,98,1296,propio,ventas.202612.txt,ventas.202609.txt,bloqueo.2609.txt,,AG,22,2022,tiempo,2000,60,0,si,urgentes,1102,6080,18720.0,312.0,si,,,,156507.0,25964,1088,973,973,100.0,0,119,0,2036.0,2207.2,657,50424,0,134,591,15.973,35,0,0,0,48,279790,NO_EVALUABLE,0,16.0,LAPTOP-OMI6BJ6L,45a097c1b95bf1ad3f27d32ddffdc4ee8014640d7d379ca3df7bcd8b6f73c49a,b8d9ed2fd9f5011c1e05f5a5f6588b283367d7395a7bcc57ef6887d4ded60e12,60.0,200.0,9,120.0,ventanas,20261209,experimento_oficial_SIM_5D.csv
4,simulacion,SIM_5D,MEDIA,98,1296,propio,ventas.202612.txt,ventas.202609.txt,bloqueo.2609.txt,,AG,6,2006,tiempo,2000,60,0,si,urgentes,1210,6786,10080.0,168.0,si,,,,180996.0,30046,1199,1089,1089,100.0,0,119,0,2054.3,2292.8,485,42986,0,220,690,18.649,33,0,0,0,80,280534,NO_EVALUABLE,0,16.0,LAPTOP-OMI6BJ6L,45a097c1b95bf1ad3f27d32ddffdc4ee8014640d7d379ca3df7bcd8b6f73c49a,b8d9ed2fd9f5011c1e05f5a5f6588b283367d7395a7bcc57ef6887d4ded60e12,60.0,200.0,3,120.0,ventanas,20261203,experimento_oficial_SIM_5D.csv
5,simulacion,SIM_5D,MEDIA,98,1296,propio,ventas.202611.txt,ventas.202609.txt,bloqueo.2609.txt,,AG,17,2017,tiempo,2000,60,0,si,urgentes,1104,6152,27360.0,456.0,si,,,,162110.0,26758,1099,988,988,100.0,0,119,0,2017.3,2096.7,632,49260,0,115,618,16.703,42,0,0,0,44,263452,NO_EVALUABLE,0,16.0,LAPTOP-OMI6BJ6L,45a097c1b95bf1ad3f27d32ddffdc4ee8014640d7d379ca3df7bcd8b6f73c49a,b8d9ed2fd9f5011c1e05f5a5f6588b283367d7395a7bcc57ef6887d4ded60e12,60.0,200.0,15,120.0,ventanas,20261115,experimento_oficial_SIM_5D.csv
6,simulacion,SIM_5D,ALTA,115,1296,propio,ventas.202702.txt,ventas.202609.txt,bloqueo.2609.txt,,AG,4,2004,tiempo,2000,60,0,si,urgentes,1445,8235,8961.0,149.35,no,c4936-L1655 (c4936-L1655~1),,llegada tardía (planificada),79278.0,12951,636,457,458,99.78,0,54,0,2196.3,2702.9,562,43458,0,123,293,7.919,13,0,0,0,57,147943,NO_EVALUABLE,0,16.0,LAPTOP-OMI6BJ6L,45a097c1b95bf1ad3f27d32ddffdc4ee8014640d7d379ca3df7bcd8b6f73c49a,b8d9ed2fd9f5011c1e05f5a5f6588b283367d7395a7bcc57ef6887d4ded60e12,60.0,200.0,5,53.35,ventanas,20270205,experimento_oficial_SIM_5D.csv
7,simulacion,SIM_5D,ALTA,115,1296,propio,ventas.202701.txt,ventas.202609.txt,bloqueo.2609.txt,,TABU,7,2007,tiempo,2000,60,0,,urgentes,1253,6908,21600.0,360.0,si,,,,181388.0,30886,1242,1122,1122,100.0,0,119,0,2005.9,2129.8,71478,427042,0,11,710,19.189,36,0,0,0,60,304481,NO_EVALUABLE,1,16.0,LAPTOP-OMI6BJ6L,45a097c1b95bf1ad3f27d32ddffdc4ee8014640d7d379ca3df7bcd8b6f73c49a,b8d9ed2fd9f5011c1e05f5a5f6588b283367d7395a7bcc57ef6887d4ded60e12,60.0,200.0,11,120.0,ventanas,20270111,experimento_oficial_SIM_5D.csv
8,simulacion,SIM_5D,ALTA,115,1296,propio,ventas.202701.txt,ventas.202609.txt,bloqueo.2609.txt,,AG,24,2024,tiempo,2000,60,0,si,urgentes,1316,7072,14729.0,245.4833,no,c7136-L2668 (c7136-L2668),,llegada tardía (planificada),109138.0,18621,849,710,711,99.86,0,77,0,2209.9,2749.6,765,76909,0,44,450,12.162,23,0,0,0,38,218242,NO_EVALUABLE,0,16.0,LAPTOP-OMI6BJ6L,45a097c1b95bf1ad3f27d32ddffdc4ee8014640d7d379ca3df7bcd8b6f73c49a,b8d9ed2fd9f5011c1e05f5a5f6588b283367d7395a7bcc57ef6887d4ded60e12,60.0,200.0,8,77.4833,ventanas,20270108,experimento_oficial_SIM_5D.csv
9,simulacion,SIM_5D,BAJA,78,1296,propio,ventas.202610.txt,ventas.202609.txt,bloqueo.2609.txt,,TABU,26,2026,tiempo,2000,60,0,,urgentes,938,5150,29155.0,485.9167,no,c4704-L3903 (c4704-L3903),TA01,destino bloqueado,2946.0,438,43,18,19,94.74,0,5,0,2012.8,2033.7,30614,301020,0,3,16,0.432,1,0,0,0,0,10327,NO_EVALUABLE,0,16.0,LAPTOP-OMI6BJ6L,45a097c1b95bf1ad3f27d32ddffdc4ee8014640d7d379ca3df7bcd8b6f73c49a,b8d9ed2fd9f5011c1e05f5a5f6588b283367d7395a7bcc57ef6887d4ded60e12,60.0,200.0,21,5.9167,ventanas,20261021,experimento_oficial_SIM_5D.csv
10,simulacion,SIM_5D,MEDIA,98,1296,propio,ventas.202611.txt,ventas.202609.txt,bloqueo.2609.txt,,TABU,29,2029,tiempo,2000,60,0,,urgentes,1148,6283,20826.0,347.1,no,c7178-L3204 (c7178-L3204),TA06,llegada tardía (a bordo),83412.0,14055,632,507,508,99.8,0,60,0,2004.5,2056.1,89071,593924,0,17,328,8.865,17,0,0,0,23,142399,NO_EVALUABLE,0,16.0,LAPTOP-OMI6BJ6L,45a097c1b95bf1ad3f27d32ddffdc4ee8014640d7d379ca3df7bcd8b6f73c49a,b8d9ed2fd9f5011c1e05f5a5f6588b283367d7395a7bcc57ef6887d4ded60e12,60.0,200.0,13,59.1,ventanas,20261113,experimento_oficial_SIM_5D.csv
11,simulacion,SIM_5D,BAJA,78,1296,propio,ventas.202609.txt,ventas.202609.txt,bloqueo.2609.txt,,AG,28,2028,tiempo,2000,60,0,si,urgentes,795,4478,715.0,11.9167,no,c4523-L57 (c4523-L57),TM06,llegada tardía (a bordo),5334.0,974,73,40,41,97.56,0,11,0,2000.9,2003.8,821,99453,0,44,30,0.811,3,0,0,0,0,22855,NO_EVALUABLE,0,16.0,LAPTOP-OMI6BJ6L,45a097c1b95bf1ad3f27d32ddffdc4ee8014640d7d379ca3df7bcd8b6f73c49a,b8d9ed2fd9f5011c1e05f5a5f6588b283367d7395a7bcc57ef6887d4ded60e12,60.0,200.0,1,11.9167,ventanas,20260901,experimento_oficial_SIM_5D.csv
12,simulacion,SIM_5D,ALTA,115,1296,propio,ventas.202702.txt,ventas.202609.txt,bloqueo.2609.txt,,TABU,21,2021,tiempo,2000,60,0,,urgentes,1355,7479,19502.0,325.0333,no,c4548-L3691 (c4548-L3691),TA04,llegada tardía (a bordo),83718.0,13647,650,506,507,99.8,0,61,0,2008.1,2175.2,79304,547626,0,11,326,8.811,20,0,0,0,34,141728,NO_EVALUABLE,0,16.0,LAPTOP-OMI6BJ6L,45a097c1b95bf1ad3f27d32ddffdc4ee8014640d7d379ca3df7bcd8b6f73c49a,b8d9ed2fd9f5011c1e05f5a5f6588b283367d7395a7bcc57ef6887d4ded60e12,60.0,200.0,12,61.0333,ventanas,20270212,experimento_oficial_SIM_5D.csv
13,simulacion,SIM_5D,ALTA,115,1296,propio,ventas.202702.txt,ventas.202609.txt,bloqueo.2609.txt,,TABU,11,2011,tiempo,2000,60,0,,urgentes,1423,7874,20047.0,334.1167,no,c0928-L3807 (c0928-L3807),,llegada tardía (planificada),65689.0,10639,543,383,384,99.74,0,47,0,2004.4,2064.6,86693,652286,0,27,255,6.892,14,0,0,0,30,109286,NO_EVALUABLE,0,16.0,LAPTOP-OMI6BJ6L,45a097c1b95bf1ad3f27d32ddffdc4ee8014640d7d379ca3df7bcd8b6f73c49a,b8d9ed2fd9f5011c1e05f5a5f6588b283367d7395a7bcc57ef6887d4ded60e12,60.0,200.0,13,46.1167,ventanas,20270213,experimento_oficial_SIM_5D.csv
14,simulacion,SIM_5D,BAJA,78,1296,propio,ventas.202609.txt,ventas.202609.txt,bloqueo.2609.txt,,TABU,21,2021,tiempo,2000,60,0,,urgentes,894,4800,21600.0,360.0,si,,,,125765.0,20938,886,801,801,100.0,0,119,0,2002.2,2073.8,215295,1360970,0,39,494,13.351,27,0,0,0,1,251783,NO_EVALUABLE,0,16.0,LAPTOP-OMI6BJ6L,45a097c1b95bf1ad3f27d32ddffdc4ee8014640d7d379ca3df7bcd8b6f73c49a,b8d9ed2fd9f5011c1e05f5a5f6588b283367d7395a7bcc57ef6887d4ded60e12,60.0,200.0,11,120.0,ventanas,20260911,experimento_oficial_SIM_5D.csv
15,simulacion,SIM_5D,BAJA,78,1296,propio,ventas.202610.txt,ventas.202609.txt,bloqueo.2609.txt,,TABU,24,2024,tiempo,2000,60,0,,urgentes,950,5297,28800.0,480.0,si,,,,142721.0,22904,945,878,878,100.0,0,119,0,2002.4,2079.4,177200,1163799,0,135,536,14.486,36,0,0,0,20,257727,NO_EVALUABLE,0,16.0,LAPTOP-OMI6BJ6L,45a097c1b95bf1ad3f27d32ddffdc4ee8014640d7d379ca3df7bcd8b6f73c49a,b8d9ed2fd9f5011c1e05f5a5f6588b283367d7395a7bcc57ef6887d4ded60e12,60.0,200.0,16,120.0,ventanas,20261016,experimento_oficial_SIM_5D.csv
16,simulacion,SIM_5D,MEDIA,98,1296,propio,ventas.202612.txt,ventas.202609.txt,bloqueo.2609.txt,,TABU,25,2025,tiempo,2000,60,0,,urgentes,1304,6959,28800.0,480.0,si,,,,185764.0,31427,1292,1168,1168,100.0,0,119,0,2003.4,2068.9,102982,753406,0,13,723,19.541,40,0,0,0,56,285710,NO_EVALUABLE,0,16.0,LAPTOP-OMI6BJ6L,45a097c1b95bf1ad3f27d32ddffdc4ee8014640d7d379ca3df7bcd8b6f73c49a,b8d9ed2fd9f5011c1e05f5a5f6588b283367d7395a7bcc57ef6887d4ded60e12,60.0,200.0,16,120.0,ventanas,20261216,experimento_oficial_SIM_5D.csv
17,simulacion,SIM_5D,MEDIA,98,1296,propio,ventas.202611.txt,ventas.202609.txt,bloqueo.2609.txt,,AG,12,2012,tiempo,2000,60,0,si,urgentes,1012,5534,7200.0,120.0,si,,,,148817.0,24730,1008,935,935,100.0,0,119,0,2013.4,2086.5,1411,129573,0,315,570,15.405,30,0,0,0,30,259213,NO_EVALUABLE,0,16.0,LAPTOP-OMI6BJ6L,45a097c1b95bf1ad3f27d32ddffdc4ee8014640d7d379ca3df7bcd8b6f73c49a,b8d9ed2fd9f5011c1e05f5a5f6588b283367d7395a7bcc57ef6887d4ded60e12,60.0,200.0,1,120.0,ventanas,20261101,experimento_oficial_SIM_5D.csv
18,simulacion,SIM_5D,BAJA,78,1296,propio,ventas.202609.txt,ventas.202609.txt,bloqueo.2609.txt,,AG,10,2010,tiempo,2000,60,0,si,urgentes,819,4649,10080.0,168.0,si,,,,111245.0,18123,814,741,741,100.0,0,119,0,2011.6,2082.9,2126,177728,0,391,415,11.216,24,0,0,0,14,254528,NO_EVALUABLE,0,16.0,LAPTOP-OMI6BJ6L,45a097c1b95bf1ad3f27d32ddffdc4ee8014640d7d379ca3df7bcd8b6f73c49a,b8d9ed2fd9f5011c1e05f5a5f6588b283367d7395a7bcc57ef6887d4ded60e12,60.0,200.0,3,120.0,ventanas,20260903,experimento_oficial_SIM_5D.csv
19,simulacion,SIM_5D,MEDIA,98,1296,propio,ventas.202611.txt,ventas.202609.txt,bloqueo.2609.txt,,AG,3,2003,tiempo,2000,60,0,si,urgentes,1035,5843,27136.0,452.2667,no,c3519-L4153 (c3519-L4153~2),,llegada tardía (planificada),113248.0,18441,812,691,692,99.86,0,92,0,2014.2,2094.5,1146,109511,0,297,412,11.135,21,0,0,0,42,199956,NO_EVALUABLE,0,16.0,LAPTOP-OMI6BJ6L,45a097c1b95bf1ad3f27d32ddffdc4ee8014640d7d379ca3df7bcd8b6f73c49a,b8d9ed2fd9f5011c1e05f5a5f6588b283367d7395a7bcc57ef6887d4ded60e12,60.0,200.0,16,92.2667,ventanas,20261116,experimento_oficial_SIM_5D.csv
20,simulacion,SIM_5D,MEDIA,98,1296,propio,ventas.202611.txt,ventas.202609.txt,bloqueo.2609.txt,,TABU,23,2023,tiempo,2000,60,0,,urgentes,1039,5730,10080.0,168.0,si,,,,148600.0,24990,1032,921,921,100.0,0,119,0,2004.3,2072.9,192129,1296848,0,33,587,15.865,37,0,0,0,14,260087,NO_EVALUABLE,0,16.0,LAPTOP-OMI6BJ6L,45a097c1b95bf1ad3f27d32ddffdc4ee8014640d7d379ca3df7bcd8b6f73c49a,b8d9ed2fd9f5011c1e05f5a5f6588b283367d7395a7bcc57ef6887d4ded60e12,60.0,200.0,3,120.0,ventanas,20261103,experimento_oficial_SIM_5D.csv
21,simulacion,SIM_5D,ALTA,115,1296,propio,ventas.202701.txt,ventas.202609.txt,bloqueo.2609.txt,,TABU,12,2012,tiempo,2000,60,0,,urgentes,1344,7328,3082.0,51.3667,no,c3821-L539 (c3821-L539),,destino bloqueado,29064.0,4737,303,189,190,99.47,0,28,0,2002.7,2064.3,94469,797628,0,13,126,3.405,7,0,0,0,2,60226,NO_EVALUABLE,0,16.0,LAPTOP-OMI6BJ6L,45a097c1b95bf1ad3f27d32ddffdc4ee8014640d7d379ca3df7bcd8b6f73c49a,b8d9ed2fd9f5011c1e05f5a5f6588b283367d7395a7bcc57ef6887d4ded60e12,60.0,200.0,2,27.3667,ventanas,20270102,experimento_oficial_SIM_5D.csv
22,simulacion,SIM_5D,MEDIA,98,1296,propio,ventas.202611.txt,ventas.202609.txt,bloqueo.2609.txt,,TABU,12,2012,tiempo,2000,60,0,,urgentes,1012,5534,7200.0,120.0,si,,,,150315.0,24894,1008,931,931,100.0,0,119,0,2003.4,2088.3,187350,1264768,0,24,576,15.568,37,0,0,0,27,260729,NO_EVALUABLE,0,16.0,LAPTOP-OMI6BJ6L,45a097c1b95bf1ad3f27d32ddffdc4ee8014640d7d379ca3df7bcd8b6f73c49a,b8d9ed2fd9f5011c1e05f5a5f6588b283367d7395a7bcc57ef6887d4ded60e12,60.0,200.0,1,120.0,ventanas,20261101,experimento_oficial_SIM_5D.csv
23,simulacion,SIM_5D,ALTA,115,1296,propio,ventas.202701.txt,ventas.202609.txt,bloqueo.2609.txt,,TABU,14,2014,tiempo,2000,60,0,,urgentes,1332,7232,3082.0,51.3667,no,c3821-L539 (c3821-L539),,destino bloqueado,72558.0,12208,583,439,440,99.77,0,51,0,2001.3,2069.7,76901,511424,0,26,283,7.649,15,0,0,0,19,111523,NO_EVALUABLE,0,16.0,LAPTOP-OMI6BJ6L,45a097c1b95bf1ad3f27d32ddffdc4ee8014640d7d379ca3df7bcd8b6f73c49a,b8d9ed2fd9f5011c1e05f5a5f6588b283367d7395a7bcc57ef6887d4ded60e12,60.0,200.0,1,51.3667,ventanas,20270101,experimento_oficial_SIM_5D.csv
24,simulacion,SIM_5D,MEDIA,98,1296,propio,ventas.202612.txt,ventas.202609.txt,bloqueo.2609.txt,,AG,35,2035,tiempo,2000,60,0,si,urgentes,1298,6978,27360.0,456.0,si,,,,188316.0,31820,1289,1176,1176,100.0,0,119,0,2096.2,2469.2,561,61132,0,179,721,19.486,38,0,0,0,59,293663,NO_EVALUABLE,0,16.0,LAPTOP-OMI6BJ6L,45a097c1b95bf1ad3f27d32ddffdc4ee8014640d7d379ca3df7bcd8b6f73c49a,b8d9ed2fd9f5011c1e05f5a5f6588b283367d7395a7bcc57ef6887d4ded60e12,60.0,200.0,15,120.0,ventanas,20261215,experimento_oficial_SIM_5D.csv
25,simulacion,SIM_5D,BAJA,78,1296,propio,ventas.202609.txt,ventas.202609.txt,bloqueo.2609.txt,,TABU,37,2037,tiempo,2000,60,0,,urgentes,897,4884,27360.0,456.0,si,,,,130761.0,21647,890,817,817,100.0,0,119,0,2002.2,2073.4,197865,1267404,0,24,496,13.405,31,0,0,0,14,264237,NO_EVALUABLE,0,16.0,LAPTOP-OMI6BJ6L,45a097c1b95bf1ad3f27d32ddffdc4ee8014640d7d379ca3df7bcd8b6f73c49a,b8d9ed2fd9f5011c1e05f5a5f6588b283367d7395a7bcc57ef6887d4ded60e12,60.0,200.0,15,120.0,ventanas,20260915,experimento_oficial_SIM_5D.csv
26,simulacion,SIM_5D,BAJA,78,1296,propio,ventas.202610.txt,ventas.202609.txt,bloqueo.2609.txt,,TABU,16,2016,tiempo,2000,60,0,,urgentes,974,5387,20160.0,336.0,si,,,,147293.0,24704,964,895,895,100.0,0,119,0,2007.0,2091.8,167050,1103658,0,18,586,15.838,33,0,0,0,17,264208,NO_EVALUABLE,0,16.0,LAPTOP-OMI6BJ6L,45a097c1b95bf1ad3f27d32ddffdc4ee8014640d7d379ca3df7bcd8b6f73c49a,b8d9ed2fd9f5011c1e05f5a5f6588b283367d7395a7bcc57ef6887d4ded60e12,60.0,200.0,10,120.0,ventanas,20261010,experimento_oficial_SIM_5D.csv
27,simulacion,SIM_5D,ALTA,115,1296,propio,ventas.202702.txt,ventas.202609.txt,bloqueo.2609.txt,,AG,18,2018,tiempo,2000,60,0,si,urgentes,1371,7562,11748.0,195.8,no,c3036-L2247 (c3036-L2247),TB12,llegada tardía (a bordo),34027.0,5537,321,207,208,99.52,0,28,0,2011.0,2051.0,1099,111080,0,11,134,3.622,8,0,0,0,18,62193,NO_EVALUABLE,0,16.0,LAPTOP-OMI6BJ6L,45a097c1b95bf1ad3f27d32ddffdc4ee8014640d7d379ca3df7bcd8b6f73c49a,b8d9ed2fd9f5011c1e05f5a5f6588b283367d7395a7bcc57ef6887d4ded60e12,60.0,200.0,8,27.8,ventanas,20270208,experimento_oficial_SIM_5D.csv
28,simulacion,SIM_5D,MEDIA,98,1296,propio,ventas.202612.txt,ventas.202609.txt,bloqueo.2609.txt,,TABU,19,2019,tiempo,2000,60,0,,urgentes,1153,6499,8495.0,141.5833,no,c4517-L1314 (c4517-L1314~1),TA07,llegada tardía (a bordo),55968.0,9167,456,333,334,99.7,0,45,0,2004.5,2069.0,74791,542223,0,17,217,5.865,14,0,0,0,16,100373,NO_EVALUABLE,0,16.0,LAPTOP-OMI6BJ6L,45a097c1b95bf1ad3f27d32ddffdc4ee8014640d7d379ca3df7bcd8b6f73c49a,b8d9ed2fd9f5011c1e05f5a5f6588b283367d7395a7bcc57ef6887d4ded60e12,60.0,200.0,5,45.5833,ventanas,20261205,experimento_oficial_SIM_5D.csv
29,simulacion,SIM_5D,MEDIA,98,1296,propio,ventas.202611.txt,ventas.202609.txt,bloqueo.2609.txt,,AG,8,2008,tiempo,2000,60,0,si,urgentes,1059,5841,11520.0,192.0,si,,,,151635.0,25212,1051,961,961,100.0,0,119,0,2029.6,2263.5,1049,90999,0,202,591,15.973,36,0,0,0,37,265022,NO_EVALUABLE,0,16.0,LAPTOP-OMI6BJ6L,45a097c1b95bf1ad3f27d32ddffdc4ee8014640d7d379ca3df7bcd8b6f73c49a,b8d9ed2fd9f5011c1e05f5a5f6588b283367d7395a7bcc57ef6887d4ded60e12,60.0,200.0,4,120.0,ventanas,20261104,experimento_oficial_SIM_5D.csv
30,simulacion,SIM_5D,BAJA,78,1296,propio,ventas.202609.txt,ventas.202609.txt,bloqueo.2609.txt,,TABU,20,2020,tiempo,2000,60,0,,urgentes,886,4907,34560.0,576.0,si,,,,127069.0,21263,881,786,786,100.0,0,119,0,2002.3,2075.2,187758,1332227,0,43,512,13.838,39,0,0,0,6,263467,NO_EVALUABLE,0,16.0,LAPTOP-OMI6BJ6L,45a097c1b95bf1ad3f27d32ddffdc4ee8014640d7d379ca3df7bcd8b6f73c49a,b8d9ed2fd9f5011c1e05f5a5f6588b283367d7395a7bcc57ef6887d4ded60e12,60.0,200.0,20,120.0,ventanas,20260920,experimento_oficial_SIM_5D.csv
31,simulacion,SIM_5D,MEDIA,98,1296,propio,ventas.202612.txt,ventas.202609.txt,bloqueo.2609.txt,,AG,31,2031,tiempo,2000,60,0,si,urgentes,1165,6536,11520.0,192.0,si,,,,175014.0,28422,1157,1067,1067,100.0,0,119,0,2038.6,2192.1,954,76227,0,299,646,17.459,35,0,0,0,88,271420,NO_EVALUABLE,0,16.0,LAPTOP-OMI6BJ6L,45a097c1b95bf1ad3f27d32ddffdc4ee8014640d7d379ca3df7bcd8b6f73c49a,b8d9ed2fd9f5011c1e05f5a5f6588b283367d7395a7bcc57ef6887d4ded60e12,60.0,200.0,4,120.0,ventanas,20261204,experimento_oficial_SIM_5D.csv
32,simulacion,SIM_5D,MEDIA,98,1296,propio,ventas.202612.txt,ventas.202609.txt,bloqueo.2609.txt,,TABU,30,2030,tiempo,2000,60,0,,urgentes,1309,7100,24480.0,408.0,si,,,,187907.0,31368,1290,1154,1154,100.0,0,120,0,2005.5,2091.6,131470,962871,0,16,727,19.649,40,0,0,0,54,288998,NO_EVALUABLE,0,16.0,LAPTOP-OMI6BJ6L,45a097c1b95bf1ad3f27d32ddffdc4ee8014640d7d379ca3df7bcd8b6f73c49a,b8d9ed2fd9f5011c1e05f5a5f6588b283367d7395a7bcc57ef6887d4ded60e12,60.0,200.0,13,120.0,ventanas,20261213,experimento_oficial_SIM_5D.csv
33,simulacion,SIM_5D,ALTA,115,1296,propio,ventas.202701.txt,ventas.202609.txt,bloqueo.2609.txt,,AG,13,2013,tiempo,2000,60,0,si,urgentes,1283,6903,15840.0,264.0,si,,,,185232.0,30986,1272,1155,1155,100.0,0,119,0,2201.8,2744.6,523,51325,0,78,714,19.297,33,0,0,0,60,333487,NO_EVALUABLE,0,16.0,LAPTOP-OMI6BJ6L,45a097c1b95bf1ad3f27d32ddffdc4ee8014640d7d379ca3df7bcd8b6f73c49a,b8d9ed2fd9f5011c1e05f5a5f6588b283367d7395a7bcc57ef6887d4ded60e12,60.0,200.0,7,120.0,ventanas,20270107,experimento_oficial_SIM_5D.csv
34,simulacion,SIM_5D,ALTA,115,1296,propio,ventas.202701.txt,ventas.202609.txt,bloqueo.2609.txt,,TABU,10,2010,tiempo,2000,60,0,,urgentes,1277,7088,25920.0,432.0,si,,,,188438.0,31656,1265,1145,1145,100.0,0,119,0,2006.6,2078.2,99322,713529,0,25,723,19.541,34,0,0,0,71,291069,NO_EVALUABLE,1,16.0,LAPTOP-OMI6BJ6L,45a097c1b95bf1ad3f27d32ddffdc4ee8014640d7d379ca3df7bcd8b6f73c49a,b8d9ed2fd9f5011c1e05f5a5f6588b283367d7395a7bcc57ef6887d4ded60e12,60.0,200.0,14,120.0,ventanas,20270114,experimento_oficial_SIM_5D.csv
35,simulacion,SIM_5D,BAJA,78,1296,propio,ventas.202609.txt,ventas.202609.txt,bloqueo.2609.txt,,AG,37,2037,tiempo,2000,60,0,si,urgentes,897,4884,27360.0,456.0,si,,,,127554.0,20930,890,817,817,100.0,0,119,0,2035.1,2279.1,1288,111304,0,229,479,12.946,34,0,0,0,27,268389,NO_EVALUABLE,0,16.0,LAPTOP-OMI6BJ6L,45a097c1b95bf1ad3f27d32ddffdc4ee8014640d7d379ca3df7bcd8b6f73c49a,b8d9ed2fd9f5011c1e05f5a5f6588b283367d7395a7bcc57ef6887d4ded60e12,60.0,200.0,15,120.0,ventanas,20260915,experimento_oficial_SIM_5D.csv
36,simulacion,SIM_5D,MEDIA,98,1296,propio,ventas.202611.txt,ventas.202609.txt,bloqueo.2609.txt,,TABU,34,2034,tiempo,2000,60,0,,urgentes,1239,6616,18001.0,300.0167,no,c9431-L2703 (c9431-L2703),,llegada tardía (planificada),77022.0,12800,592,475,476,99.79,0,60,0,2002.0,2040.4,82603,599255,0,25,309,8.351,17,0,0,0,18,143921,NO_EVALUABLE,0,16.0,LAPTOP-OMI6BJ6L,45a097c1b95bf1ad3f27d32ddffdc4ee8014640d7d379ca3df7bcd8b6f73c49a,b8d9ed2fd9f5011c1e05f5a5f6588b283367d7395a7bcc57ef6887d4ded60e12,60.0,200.0,11,60.0167,ventanas,20261111,experimento_oficial_SIM_5D.csv
37,simulacion,SIM_5D,BAJA,78,1296,propio,ventas.202609.txt,ventas.202609.txt,bloqueo.2609.txt,,TABU,2,2002,tiempo,2000,60,0,,urgentes,878,4817,30240.0,504.0,si,,,,128368.0,21448,875,795,795,100.0,0,119,0,2007.1,2076.7,156696,1043759,0,36,485,13.108,36,0,0,0,13,263708,NO_EVALUABLE,0,16.0,LAPTOP-OMI6BJ6L,45a097c1b95bf1ad3f27d32ddffdc4ee8014640d7d379ca3df7bcd8b6f73c49a,b8d9ed2fd9f5011c1e05f5a5f6588b283367d7395a7bcc57ef6887d4ded60e12,60.0,200.0,17,120.0,ventanas,20260917,experimento_oficial_SIM_5D.csv
38,simulacion,SIM_5D,MEDIA,98,1296,propio,ventas.202612.txt,ventas.202609.txt,bloqueo.2609.txt,,AG,27,2027,tiempo,2000,60,0,si,urgentes,1146,6309,15664.0,261.0667,no,c0431-L2431 (c0431-L2431),,llegada tardía (planificada),52412.0,8603,417,321,322,99.69,0,45,0,2012.2,2088.4,609,59898,0,81,193,5.216,11,0,0,0,14,99886,NO_EVALUABLE,0,16.0,LAPTOP-OMI6BJ6L,45a097c1b95bf1ad3f27d32ddffdc4ee8014640d7d379ca3df7bcd8b6f73c49a,b8d9ed2fd9f5011c1e05f5a5f6588b283367d7395a7bcc57ef6887d4ded60e12,60.0,200.0,10,45.0667,ventanas,20261210,experimento_oficial_SIM_5D.csv
39,simulacion,SIM_5D,BAJA,78,1296,propio,ventas.202609.txt,ventas.202609.txt,bloqueo.2609.txt,,AG,21,2021,tiempo,2000,60,0,si,urgentes,894,4800,21600.0,360.0,si,,,,123358.0,20363,886,806,806,100.0,0,119,0,2009.0,2088.0,1328,102354,0,449,470,12.703,30,0,0,0,8,252455,NO_EVALUABLE,0,16.0,LAPTOP-OMI6BJ6L,45a097c1b95bf1ad3f27d32ddffdc4ee8014640d7d379ca3df7bcd8b6f73c49a,b8d9ed2fd9f5011c1e05f5a5f6588b283367d7395a7bcc57ef6887d4ded60e12,60.0,200.0,11,120.0,ventanas,20260911,experimento_oficial_SIM_5D.csv
40,simulacion,SIM_5D,MEDIA,98,1296,propio,ventas.202611.txt,ventas.202609.txt,bloqueo.2609.txt,,TABU,17,2017,tiempo,2000,60,0,,urgentes,1104,6152,27136.0,452.2667,no,c3519-L4153 (c3519-L4153~2),,llegada tardía (planificada),156377.0,26198,1068,943,944,99.89,0,116,0,2002.1,2066.5,153441,1024683,0,26,618,16.703,37,0,0,0,44,253617,NO_EVALUABLE,0,16.0,LAPTOP-OMI6BJ6L,45a097c1b95bf1ad3f27d32ddffdc4ee8014640d7d379ca3df7bcd8b6f73c49a,b8d9ed2fd9f5011c1e05f5a5f6588b283367d7395a7bcc57ef6887d4ded60e12,60.0,200.0,15,116.2667,ventanas,20261115,experimento_oficial_SIM_5D.csv
41,simulacion,SIM_5D,BAJA,78,1296,propio,ventas.202610.txt,ventas.202609.txt,bloqueo.2609.txt,,AG,13,2013,tiempo,2000,60,0,si,urgentes,1034,5427,7582.0,126.3667,no,c7742-L969 (c7742-L969),,destino bloqueado,56633.0,9514,482,389,390,99.74,0,54,0,2012.4,2055.9,600,55522,0,84,233,6.297,14,0,0,0,11,119748,NO_EVALUABLE,0,16.0,LAPTOP-OMI6BJ6L,45a097c1b95bf1ad3f27d32ddffdc4ee8014640d7d379ca3df7bcd8b6f73c49a,b8d9ed2fd9f5011c1e05f5a5f6588b283367d7395a7bcc57ef6887d4ded60e12,60.0,200.0,4,54.3667,ventanas,20261004,experimento_oficial_SIM_5D.csv
42,simulacion,SIM_5D,BAJA,78,1296,propio,ventas.202609.txt,ventas.202609.txt,bloqueo.2609.txt,,AG,27,2027,tiempo,2000,60,0,si,urgentes,884,4800,20160.0,336.0,si,,,,120266.0,19647,873,804,804,100.0,0,119,0,2008.2,2089.5,1666,148570,0,257,462,12.486,28,0,0,0,10,249947,NO_EVALUABLE,0,16.0,LAPTOP-OMI6BJ6L,45a097c1b95bf1ad3f27d32ddffdc4ee8014640d7d379ca3df7bcd8b6f73c49a,b8d9ed2fd9f5011c1e05f5a5f6588b283367d7395a7bcc57ef6887d4ded60e12,60.0,200.0,10,120.0,ventanas,20260910,experimento_oficial_SIM_5D.csv
43,simulacion,SIM_5D,MEDIA,98,1296,propio,ventas.202612.txt,ventas.202609.txt,bloqueo.2609.txt,,AG,4,2004,tiempo,2000,60,0,si,urgentes,1066,5944,15664.0,261.0667,no,c0431-L2431 (c0431-L2431),,llegada tardía (planificada),116622.0,19365,834,734,735,99.86,0,93,0,2029.7,2174.9,804,70306,0,111,448,12.108,30,0,0,0,22,210028,NO_EVALUABLE,0,16.0,LAPTOP-OMI6BJ6L,45a097c1b95bf1ad3f27d32ddffdc4ee8014640d7d379ca3df7bcd8b6f73c49a,b8d9ed2fd9f5011c1e05f5a5f6588b283367d7395a7bcc57ef6887d4ded60e12,60.0,200.0,8,93.0667,ventanas,20261208,experimento_oficial_SIM_5D.csv
44,simulacion,SIM_5D,MEDIA,98,1296,propio,ventas.202611.txt,ventas.202609.txt,bloqueo.2609.txt,,AG,14,2014,tiempo,2000,60,0,si,urgentes,1101,6115,28311.0,471.85,no,c6031-L4314 (c6031-L4314),TA07,destino bloqueado,107456.0,17737,767,677,678,99.85,0,87,0,2019.6,2145.0,941,83014,0,121,426,11.514,28,0,0,0,25,191566,NO_EVALUABLE,0,16.0,LAPTOP-OMI6BJ6L,45a097c1b95bf1ad3f27d32ddffdc4ee8014640d7d379ca3df7bcd8b6f73c49a,b8d9ed2fd9f5011c1e05f5a5f6588b283367d7395a7bcc57ef6887d4ded60e12,60.0,200.0,17,87.85,ventanas,20261117,experimento_oficial_SIM_5D.csv
45,simulacion,SIM_5D,BAJA,78,1296,propio,ventas.202609.txt,ventas.202609.txt,bloqueo.2609.txt,,AG,29,2029,tiempo,2000,60,0,si,urgentes,795,4472,11520.0,192.0,si,,,,107822.0,17170,790,727,727,100.0,0,119,0,2008.4,2104.2,1963,161293,0,304,400,10.811,23,0,0,0,16,253176,NO_EVALUABLE,0,16.0,LAPTOP-OMI6BJ6L,45a097c1b95bf1ad3f27d32ddffdc4ee8014640d7d379ca3df7bcd8b6f73c49a,b8d9ed2fd9f5011c1e05f5a5f6588b283367d7395a7bcc57ef6887d4ded60e12,60.0,200.0,4,120.0,ventanas,20260904,experimento_oficial_SIM_5D.csv
46,simulacion,SIM_5D,BAJA,78,1296,propio,ventas.202610.txt,ventas.202609.txt,bloqueo.2609.txt,,TABU,40,2040,tiempo,2000,60,0,,urgentes,911,5074,34560.0,576.0,si,,,,126607.0,20705,900,800,800,100.0,0,119,0,2002.8,2063.1,244148,1553811,0,33,494,13.351,35,0,0,0,11,253063,NO_EVALUABLE,0,16.0,LAPTOP-OMI6BJ6L,45a097c1b95bf1ad3f27d32ddffdc4ee8014640d7d379ca3df7bcd8b6f73c49a,b8d9ed2fd9f5011c1e05f5a5f6588b283367d7395a7bcc57ef6887d4ded60e12,60.0,200.0,20,120.0,ventanas,20261020,experimento_oficial_SIM_5D.csv
47,simulacion,SIM_5D,ALTA,115,1296,propio,ventas.202701.txt,ventas.202609.txt,bloqueo.2609.txt,,AG,23,2023,tiempo,2000,60,0,si,urgentes,1295,7036,6660.0,111.0,no,c9307-L1173 (c9307-L1173),,llegada tardía (planificada),46923.0,7733,438,295,296,99.66,0,39,0,2018.3,2103.3,593,60976,0,128,183,4.946,13,0,0,0,22,85253,NO_EVALUABLE,0,16.0,LAPTOP-OMI6BJ6L,45a097c1b95bf1ad3f27d32ddffdc4ee8014640d7d379ca3df7bcd8b6f73c49a,b8d9ed2fd9f5011c1e05f5a5f6588b283367d7395a7bcc57ef6887d4ded60e12,60.0,200.0,4,39.0,ventanas,20270104,experimento_oficial_SIM_5D.csv
48,simulacion,SIM_5D,ALTA,115,1296,propio,ventas.202702.txt,ventas.202609.txt,bloqueo.2609.txt,,AG,28,2028,tiempo,2000,60,0,si,urgentes,1456,8318,8961.0,149.35,no,c4936-L1655 (c4936-L1655~1),,llegada tardía (planificada),125438.0,20835,919,748,749,99.87,0,77,0,2130.2,2619.1,398,41115,0,151,487,13.162,23,0,0,0,72,200310,NO_EVALUABLE,0,16.0,LAPTOP-OMI6BJ6L,45a097c1b95bf1ad3f27d32ddffdc4ee8014640d7d379ca3df7bcd8b6f73c49a,b8d9ed2fd9f5011c1e05f5a5f6588b283367d7395a7bcc57ef6887d4ded60e12,60.0,200.0,4,77.35,ventanas,20270204,experimento_oficial_SIM_5D.csv
49,simulacion,SIM_5D,BAJA,78,1296,propio,ventas.202609.txt,ventas.202609.txt,bloqueo.2609.txt,,TABU,15,2015,tiempo,2000,60,0,,urgentes,810,4530,12960.0,216.0,si,,,,115913.0,19165,800,730,730,100.0,0,119,0,2003.9,2089.9,231227,1545160,0,43,460,12.432,32,0,0,0,13,256288,NO_EVALUABLE,0,16.0,LAPTOP-OMI6BJ6L,45a097c1b95bf1ad3f27d32ddffdc4ee8014640d7d379ca3df7bcd8b6f73c49a,b8d9ed2fd9f5011c1e05f5a5f6588b283367d7395a7bcc57ef6887d4ded60e12,60.0,200.0,5,120.0,ventanas,20260905,experimento_oficial_SIM_5D.csv
50,simulacion,SIM_5D,MEDIA,98,1296,propio,ventas.202611.txt,ventas.202609.txt,bloqueo.2609.txt,,TABU,9,2009,tiempo,2000,60,0,,urgentes,1057,5766,8640.0,144.0,si,,,,152759.0,25483,1049,941,941,100.0,0,119,0,2002.8,2083.4,166792,1102796,0,34,587,15.865,32,0,0,0,29,263268,NO_EVALUABLE,0,16.0,LAPTOP-OMI6BJ6L,45a097c1b95bf1ad3f27d32ddffdc4ee8014640d7d379ca3df7bcd8b6f73c49a,b8d9ed2fd9f5011c1e05f5a5f6588b283367d7395a7bcc57ef6887d4ded60e12,60.0,200.0,2,120.0,ventanas,20261102,experimento_oficial_SIM_5D.csv
51,simulacion,SIM_5D,BAJA,78,1296,propio,ventas.202610.txt,ventas.202609.txt,bloqueo.2609.txt,,TABU,35,2035,tiempo,2000,60,0,,urgentes,968,5198,15840.0,264.0,si,,,,138057.0,22900,959,889,889,100.0,0,119,0,2002.0,2055.6,177792,1168022,0,24,541,14.622,34,0,0,0,16,262774,NO_EVALUABLE,0,16.0,LAPTOP-OMI6BJ6L,45a097c1b95bf1ad3f27d32ddffdc4ee8014640d7d379ca3df7bcd8b6f73c49a,b8d9ed2fd9f5011c1e05f5a5f6588b283367d7395a7bcc57ef6887d4ded60e12,60.0,200.0,7,120.0,ventanas,20261007,experimento_oficial_SIM_5D.csv
52,simulacion,SIM_5D,MEDIA,98,1296,propio,ventas.202612.txt,ventas.202609.txt,bloqueo.2609.txt,,TABU,27,2027,tiempo,2000,60,0,,urgentes,1146,6309,20160.0,336.0,si,,,,165852.0,27251,1137,1022,1022,100.0,0,119,0,2003.2,2064.9,132065,883386,0,37,618,16.703,39,0,0,0,57,271868,NO_EVALUABLE,0,16.0,LAPTOP-OMI6BJ6L,45a097c1b95bf1ad3f27d32ddffdc4ee8014640d7d379ca3df7bcd8b6f73c49a,b8d9ed2fd9f5011c1e05f5a5f6588b283367d7395a7bcc57ef6887d4ded60e12,60.0,200.0,10,120.0,ventanas,20261210,experimento_oficial_SIM_5D.csv
53,simulacion,SIM_5D,MEDIA,98,1296,propio,ventas.202612.txt,ventas.202609.txt,bloqueo.2609.txt,,AG,32,2032,tiempo,2000,60,0,si,urgentes,1302,7090,22924.0,382.0667,no,c9880-L3652 (c9880-L3652~2),,llegada tardía (planificada),97564.0,16276,746,596,597,99.83,0,70,0,2089.4,2322.7,612,59121,0,116,379,10.243,19,0,0,0,31,172589,NO_EVALUABLE,0,16.0,LAPTOP-OMI6BJ6L,45a097c1b95bf1ad3f27d32ddffdc4ee8014640d7d379ca3df7bcd8b6f73c49a,b8d9ed2fd9f5011c1e05f5a5f6588b283367d7395a7bcc57ef6887d4ded60e12,60.0,200.0,14,70.0667,ventanas,20261214,experimento_oficial_SIM_5D.csv
54,simulacion,SIM_5D,ALTA,115,1296,propio,ventas.202702.txt,ventas.202609.txt,bloqueo.2609.txt,,TABU,1,2001,tiempo,2000,60,0,,urgentes,1374,8019,3737.0,62.2833,no,c6321-L636 (c6321-L636),,destino bloqueado,46157.0,7699,419,281,282,99.65,0,38,0,2005.3,2048.6,56253,453283,0,3,189,5.108,14,0,0,0,21,88177,NO_EVALUABLE,0,16.0,LAPTOP-OMI6BJ6L,45a097c1b95bf1ad3f27d32ddffdc4ee8014640d7d379ca3df7bcd8b6f73c49a,b8d9ed2fd9f5011c1e05f5a5f6588b283367d7395a7bcc57ef6887d4ded60e12,60.0,200.0,2,38.2833,ventanas,20270202,experimento_oficial_SIM_5D.csv
55,simulacion,SIM_5D,ALTA,115,1296,propio,ventas.202702.txt,ventas.202609.txt,bloqueo.2609.txt,,AG,11,2011,tiempo,2000,60,0,si,urgentes,1423,7874,19515.0,325.25,no,c8448-L3694 (c8448-L3694~2),,llegada tardía (planificada),44924.0,7275,404,267,268,99.63,0,38,0,2081.2,2356.7,1046,104845,0,83,179,4.838,9,0,0,0,11,91541,NO_EVALUABLE,0,16.0,LAPTOP-OMI6BJ6L,45a097c1b95bf1ad3f27d32ddffdc4ee8014640d7d379ca3df7bcd8b6f73c49a,b8d9ed2fd9f5011c1e05f5a5f6588b283367d7395a7bcc57ef6887d4ded60e12,60.0,200.0,13,37.25,ventanas,20270213,experimento_oficial_SIM_5D.csv
56,simulacion,SIM_5D,ALTA,115,1296,propio,ventas.202702.txt,ventas.202609.txt,bloqueo.2609.txt,,AG,9,2009,tiempo,2000,60,0,si,urgentes,1395,7695,19502.0,325.0333,no,c4548-L3691 (c4548-L3691),TA08,llegada tardía (a bordo),136704.0,22656,969,824,825,99.88,0,85,0,2095.6,2358.9,399,43025,0,58,515,13.919,22,0,0,0,73,215071,NO_EVALUABLE,0,16.0,LAPTOP-OMI6BJ6L,45a097c1b95bf1ad3f27d32ddffdc4ee8014640d7d379ca3df7bcd8b6f73c49a,b8d9ed2fd9f5011c1e05f5a5f6588b283367d7395a7bcc57ef6887d4ded60e12,60.0,200.0,11,85.0333,ventanas,20270211,experimento_oficial_SIM_5D.csv
57,simulacion,SIM_5D,BAJA,78,1296,propio,ventas.202609.txt,ventas.202609.txt,bloqueo.2609.txt,,AG,11,2011,tiempo,2000,60,0,si,urgentes,833,4673,15840.0,264.0,si,,,,115662.0,18493,825,755,755,100.0,0,119,0,2009.7,2083.0,2423,201153,0,435,434,11.73,25,0,0,0,28,253341,NO_EVALUABLE,0,16.0,LAPTOP-OMI6BJ6L,45a097c1b95bf1ad3f27d32ddffdc4ee8014640d7d379ca3df7bcd8b6f73c49a,b8d9ed2fd9f5011c1e05f5a5f6588b283367d7395a7bcc57ef6887d4ded60e12,60.0,200.0,7,120.0,ventanas,20260907,experimento_oficial_SIM_5D.csv
58,simulacion,SIM_5D,BAJA,78,1296,propio,ventas.202610.txt,ventas.202609.txt,bloqueo.2609.txt,,TABU,19,2019,tiempo,2000,60,0,,urgentes,932,5134,37440.0,624.0,si,,,,130744.0,21963,927,861,861,100.0,0,119,0,2004.7,2079.9,202553,1316718,0,26,549,14.838,36,0,0,0,17,258245,NO_EVALUABLE,0,16.0,LAPTOP-OMI6BJ6L,45a097c1b95bf1ad3f27d32ddffdc4ee8014640d7d379ca3df7bcd8b6f73c49a,b8d9ed2fd9f5011c1e05f5a5f6588b283367d7395a7bcc57ef6887d4ded60e12,60.0,200.0,22,120.0,ventanas,20261022,experimento_oficial_SIM_5D.csv
59,simulacion,SIM_5D,MEDIA,98,1296,propio,ventas.202611.txt,ventas.202609.txt,bloqueo.2609.txt,,AG,23,2023,tiempo,2000,60,0,si,urgentes,1039,5730,8402.0,140.0333,no,c4052-L1187 (c4052-L1187),,llegada tardía (planificada),110591.0,17885,791,672,673,99.85,0,92,0,2023.7,2256.1,1140,107096,0,218,414,11.189,21,0,0,0,35,201744,NO_EVALUABLE,0,16.0,LAPTOP-OMI6BJ6L,45a097c1b95bf1ad3f27d32ddffdc4ee8014640d7d379ca3df7bcd8b6f73c49a,b8d9ed2fd9f5011c1e05f5a5f6588b283367d7395a7bcc57ef6887d4ded60e12,60.0,200.0,3,92.0333,ventanas,20261103,experimento_oficial_SIM_5D.csv
60,simulacion,SIM_5D,ALTA,115,1296,propio,ventas.202701.txt,ventas.202609.txt,bloqueo.2609.txt,,AG,16,2016,tiempo,2000,60,0,si,urgentes,1305,7266,22867.0,381.1167,no,c8525-L4089 (c8525-L4089),,llegada tardía (planificada),57445.0,9603,479,344,345,99.71,0,45,0,2015.8,2060.9,363,34713,0,99,221,5.973,13,0,0,0,13,101381,NO_EVALUABLE,0,16.0,LAPTOP-OMI6BJ6L,45a097c1b95bf1ad3f27d32ddffdc4ee8014640d7d379ca3df7bcd8b6f73c49a,b8d9ed2fd9f5011c1e05f5a5f6588b283367d7395a7bcc57ef6887d4ded60e12,60.0,200.0,15,45.1167,ventanas,20270115,experimento_oficial_SIM_5D.csv
61,simulacion,SIM_5D,BAJA,78,1296,propio,ventas.202610.txt,ventas.202609.txt,bloqueo.2609.txt,,AG,24,2024,tiempo,2000,60,0,si,urgentes,950,5297,25522.0,425.3667,no,c2478-L3446 (c2478-L3446),TA06,destino bloqueado,69923.0,11407,529,444,445,99.78,0,65,0,2009.2,2064.4,923,81973,0,148,279,7.541,16,0,0,0,14,140310,NO_EVALUABLE,0,16.0,LAPTOP-OMI6BJ6L,45a097c1b95bf1ad3f27d32ddffdc4ee8014640d7d379ca3df7bcd8b6f73c49a,b8d9ed2fd9f5011c1e05f5a5f6588b283367d7395a7bcc57ef6887d4ded60e12,60.0,200.0,16,65.3667,ventanas,20261016,experimento_oficial_SIM_5D.csv
62,simulacion,SIM_5D,ALTA,115,1296,propio,ventas.202701.txt,ventas.202609.txt,bloqueo.2609.txt,,AG,25,2025,tiempo,2000,60,0,si,urgentes,1265,7010,24480.0,408.0,si,,,,186178.0,31223,1253,1129,1129,100.0,0,119,0,2112.0,2336.7,373,45631,0,93,722,19.514,37,0,0,0,67,306874,NO_EVALUABLE,1,16.0,LAPTOP-OMI6BJ6L,45a097c1b95bf1ad3f27d32ddffdc4ee8014640d7d379ca3df7bcd8b6f73c49a,b8d9ed2fd9f5011c1e05f5a5f6588b283367d7395a7bcc57ef6887d4ded60e12,60.0,200.0,13,120.0,ventanas,20270113,experimento_oficial_SIM_5D.csv
63,simulacion,SIM_5D,BAJA,78,1296,propio,ventas.202610.txt,ventas.202609.txt,bloqueo.2609.txt,,AG,23,2023,tiempo,2000,60,0,si,urgentes,985,5218,2496.0,41.6,no,c3612-L260 (c3612-L260),,destino bloqueado,10519.0,1625,117,80,81,98.77,0,17,0,2004.2,2041.1,1023,103192,0,66,47,1.27,3,0,0,0,0,35363,NO_EVALUABLE,0,16.0,LAPTOP-OMI6BJ6L,45a097c1b95bf1ad3f27d32ddffdc4ee8014640d7d379ca3df7bcd8b6f73c49a,b8d9ed2fd9f5011c1e05f5a5f6588b283367d7395a7bcc57ef6887d4ded60e12,60.0,200.0,2,17.6,ventanas,20261002,experimento_oficial_SIM_5D.csv
64,simulacion,SIM_5D,MEDIA,98,1296,propio,ventas.202611.txt,ventas.202609.txt,bloqueo.2609.txt,,AG,11,2011,tiempo,2000,60,0,si,urgentes,1129,6248,14400.0,240.0,si,,,,162021.0,27004,1114,1028,1028,100.0,0,119,0,2023.9,2127.8,603,58815,0,360,618,16.703,32,0,0,0,52,269034,NO_EVALUABLE,1,16.0,LAPTOP-OMI6BJ6L,45a097c1b95bf1ad3f27d32ddffdc4ee8014640d7d379ca3df7bcd8b6f73c49a,b8d9ed2fd9f5011c1e05f5a5f6588b283367d7395a7bcc57ef6887d4ded60e12,60.0,200.0,6,120.0,ventanas,20261106,experimento_oficial_SIM_5D.csv
65,simulacion,SIM_5D,BAJA,78,1296,propio,ventas.202609.txt,ventas.202609.txt,bloqueo.2609.txt,,AG,7,2007,tiempo,2000,60,0,si,urgentes,940,5143,37440.0,624.0,si,,,,132597.0,22388,928,837,837,100.0,0,119,0,2019.8,2124.5,1340,106833,0,183,519,14.027,28,0,0,0,17,265496,NO_EVALUABLE,0,16.0,LAPTOP-OMI6BJ6L,45a097c1b95bf1ad3f27d32ddffdc4ee8014640d7d379ca3df7bcd8b6f73c49a,b8d9ed2fd9f5011c1e05f5a5f6588b283367d7395a7bcc57ef6887d4ded60e12,60.0,200.0,22,120.0,ventanas,20260922,experimento_oficial_SIM_5D.csv
66,simulacion,SIM_5D,ALTA,115,1296,propio,ventas.202702.txt,ventas.202609.txt,bloqueo.2609.txt,,TABU,8,2008,tiempo,2000,60,0,,urgentes,1431,8270,3737.0,62.2833,no,c6321-L636 (c6321-L636),,destino bloqueado,12631.0,2022,154,80,81,98.77,0,14,0,2003.5,2078.6,42391,324772,0,29,58,1.568,4,0,0,0,4,29375,NO_EVALUABLE,0,16.0,LAPTOP-OMI6BJ6L,45a097c1b95bf1ad3f27d32ddffdc4ee8014640d7d379ca3df7bcd8b6f73c49a,b8d9ed2fd9f5011c1e05f5a5f6588b283367d7395a7bcc57ef6887d4ded60e12,60.0,200.0,3,14.2833,ventanas,20270203,experimento_oficial_SIM_5D.csv
67,simulacion,SIM_5D,ALTA,115,1296,propio,ventas.202701.txt,ventas.202609.txt,bloqueo.2609.txt,,AG,7,2007,tiempo,2000,60,0,si,urgentes,1253,6908,21600.0,360.0,si,,,,183344.0,30329,1242,1118,1118,100.0,0,119,0,2134.2,2412.9,379,37184,0,65,685,18.514,41,0,0,0,68,315732,NO_EVALUABLE,1,16.0,LAPTOP-OMI6BJ6L,45a097c1b95bf1ad3f27d32ddffdc4ee8014640d7d379ca3df7bcd8b6f73c49a,b8d9ed2fd9f5011c1e05f5a5f6588b283367d7395a7bcc57ef6887d4ded60e12,60.0,200.0,11,120.0,ventanas,20270111,experimento_oficial_SIM_5D.csv
68,simulacion,SIM_5D,ALTA,115,1296,propio,ventas.202702.txt,ventas.202609.txt,bloqueo.2609.txt,,AG,1,2001,tiempo,2000,60,0,si,urgentes,1374,8019,3737.0,62.2833,no,c6321-L636 (c6321-L636),,destino bloqueado,47798.0,7803,419,282,283,99.65,0,38,0,2030.9,2183.7,438,53335,0,41,191,5.162,11,0,0,0,34,88301,NO_EVALUABLE,0,16.0,LAPTOP-OMI6BJ6L,45a097c1b95bf1ad3f27d32ddffdc4ee8014640d7d379ca3df7bcd8b6f73c49a,b8d9ed2fd9f5011c1e05f5a5f6588b283367d7395a7bcc57ef6887d4ded60e12,60.0,200.0,2,38.2833,ventanas,20270202,experimento_oficial_SIM_5D.csv
69,simulacion,SIM_5D,ALTA,115,1296,propio,ventas.202701.txt,ventas.202609.txt,bloqueo.2609.txt,,AG,26,2026,tiempo,2000,60,0,si,urgentes,1317,7145,14400.0,240.0,si,,,,186621.0,30954,1303,1173,1173,100.0,0,119,0,2161.1,2760.8,575,60939,0,40,731,19.757,39,0,0,0,74,320832,NO_EVALUABLE,0,16.0,LAPTOP-OMI6BJ6L,45a097c1b95bf1ad3f27d32ddffdc4ee8014640d7d379ca3df7bcd8b6f73c49a,b8d9ed2fd9f5011c1e05f5a5f6588b283367d7395a7bcc57ef6887d4ded60e12,60.0,200.0,6,120.0,ventanas,20270106,experimento_oficial_SIM_5D.csv
70,simulacion,SIM_5D,BAJA,78,1296,propio,ventas.202610.txt,ventas.202609.txt,bloqueo.2609.txt,,AG,26,2026,tiempo,2000,60,0,si,urgentes,938,5150,29155.0,485.9167,no,c4704-L3903 (c4704-L3903),,destino bloqueado,2415.0,361,43,17,18,94.44,0,5,0,2003.5,2015.9,458,59931,0,8,14,0.378,1,0,0,0,0,10253,NO_EVALUABLE,0,16.0,LAPTOP-OMI6BJ6L,45a097c1b95bf1ad3f27d32ddffdc4ee8014640d7d379ca3df7bcd8b6f73c49a,b8d9ed2fd9f5011c1e05f5a5f6588b283367d7395a7bcc57ef6887d4ded60e12,60.0,200.0,21,5.9167,ventanas,20261021,experimento_oficial_SIM_5D.csv
71,simulacion,SIM_5D,ALTA,115,1296,propio,ventas.202701.txt,ventas.202609.txt,bloqueo.2609.txt,,AG,5,2005,tiempo,2000,60,0,si,urgentes,1252,6929,21065.0,351.0833,no,c1821-L3755 (c1821-L3755),TA09,destino bloqueado,126929.0,21278,889,772,773,99.87,0,87,0,2154.8,2409.9,229,26625,0,155,488,13.189,24,0,0,0,54,234030,NO_EVALUABLE,1,16.0,LAPTOP-OMI6BJ6L,45a097c1b95bf1ad3f27d32ddffdc4ee8014640d7d379ca3df7bcd8b6f73c49a,b8d9ed2fd9f5011c1e05f5a5f6588b283367d7395a7bcc57ef6887d4ded60e12,60.0,200.0,12,87.0833,ventanas,20270112,experimento_oficial_SIM_5D.csv
72,simulacion,SIM_5D,MEDIA,98,1296,propio,ventas.202612.txt,ventas.202609.txt,bloqueo.2609.txt,,TABU,2,2002,tiempo,2000,60,0,,urgentes,1238,6657,30240.0,504.0,si,,,,184301.0,30832,1232,1130,1130,100.0,0,120,0,2004.8,2081.2,124082,886179,0,35,699,18.892,40,0,0,0,38,284335,NO_EVALUABLE,0,16.0,LAPTOP-OMI6BJ6L,45a097c1b95bf1ad3f27d32ddffdc4ee8014640d7d379ca3df7bcd8b6f73c49a,b8d9ed2fd9f5011c1e05f5a5f6588b283367d7395a7bcc57ef6887d4ded60e12,60.0,200.0,17,120.0,ventanas,20261217,experimento_oficial_SIM_5D.csv
73,simulacion,SIM_5D,BAJA,78,1296,propio,ventas.202610.txt,ventas.202609.txt,bloqueo.2609.txt,,AG,17,2017,tiempo,2000,60,0,si,urgentes,912,5044,31680.0,528.0,si,,,,130247.0,20993,908,833,833,100.0,0,119,0,2010.3,2090.3,1285,106845,0,352,493,13.324,33,0,0,0,26,255124,NO_EVALUABLE,0,16.0,LAPTOP-OMI6BJ6L,45a097c1b95bf1ad3f27d32ddffdc4ee8014640d7d379ca3df7bcd8b6f73c49a,b8d9ed2fd9f5011c1e05f5a5f6588b283367d7395a7bcc57ef6887d4ded60e12,60.0,200.0,18,120.0,ventanas,20261018,experimento_oficial_SIM_5D.csv
74,simulacion,SIM_5D,MEDIA,98,1296,propio,ventas.202612.txt,ventas.202609.txt,bloqueo.2609.txt,,AG,19,2019,tiempo,2000,60,0,si,urgentes,1153,6499,9845.0,164.0833,no,c2278-L1546 (c2278-L1546~2),,llegada tardía (planificada),93144.0,15228,693,550,551,99.82,0,68,0,2052.5,2250.7,550,53911,0,127,342,9.243,19,0,0,0,65,159262,NO_EVALUABLE,0,16.0,LAPTOP-OMI6BJ6L,45a097c1b95bf1ad3f27d32ddffdc4ee8014640d7d379ca3df7bcd8b6f73c49a,b8d9ed2fd9f5011c1e05f5a5f6588b283367d7395a7bcc57ef6887d4ded60e12,60.0,200.0,5,68.0833,ventanas,20261205,experimento_oficial_SIM_5D.csv
75,simulacion,SIM_5D,BAJA,78,1296,propio,ventas.202609.txt,ventas.202609.txt,bloqueo.2609.txt,,AG,1,2001,tiempo,2000,60,0,si,urgentes,912,4890,24480.0,408.0,si,,,,124410.0,20338,910,818,818,100.0,0,119,0,2028.9,2375.7,1374,119577,0,259,454,12.27,27,0,0,0,22,263352,NO_EVALUABLE,0,16.0,LAPTOP-OMI6BJ6L,45a097c1b95bf1ad3f27d32ddffdc4ee8014640d7d379ca3df7bcd8b6f73c49a,b8d9ed2fd9f5011c1e05f5a5f6588b283367d7395a7bcc57ef6887d4ded60e12,60.0,200.0,13,120.0,ventanas,20260913,experimento_oficial_SIM_5D.csv
76,simulacion,SIM_5D,ALTA,115,1296,propio,ventas.202701.txt,ventas.202609.txt,bloqueo.2609.txt,,TABU,20,2020,tiempo,2000,60,0,,urgentes,1261,6904,17022.0,283.7,no,c0942-L3073 (c0942-L3073~1),TA10,llegada tardía (a bordo),98462.0,16474,725,608,609,99.84,0,67,0,2002.7,2073.9,56162,417380,0,24,374,10.108,20,0,0,0,36,167697,NO_EVALUABLE,0,16.0,LAPTOP-OMI6BJ6L,45a097c1b95bf1ad3f27d32ddffdc4ee8014640d7d379ca3df7bcd8b6f73c49a,b8d9ed2fd9f5011c1e05f5a5f6588b283367d7395a7bcc57ef6887d4ded60e12,60.0,200.0,10,67.7,ventanas,20270110,experimento_oficial_SIM_5D.csv
77,simulacion,SIM_5D,BAJA,78,1296,propio,ventas.202609.txt,ventas.202609.txt,bloqueo.2609.txt,,TABU,27,2027,tiempo,2000,60,0,,urgentes,884,4800,20160.0,336.0,si,,,,124436.0,20432,873,794,794,100.0,0,119,0,2007.8,2092.1,237877,1456031,0,49,488,13.189,35,0,0,0,3,250883,NO_EVALUABLE,0,16.0,LAPTOP-OMI6BJ6L,45a097c1b95bf1ad3f27d32ddffdc4ee8014640d7d379ca3df7bcd8b6f73c49a,b8d9ed2fd9f5011c1e05f5a5f6588b283367d7395a7bcc57ef6887d4ded60e12,60.0,200.0,10,120.0,ventanas,20260910,experimento_oficial_SIM_5D.csv
78,simulacion,SIM_5D,ALTA,115,1296,propio,ventas.202701.txt,ventas.202609.txt,bloqueo.2609.txt,,TABU,24,2024,tiempo,2000,60,0,,urgentes,1316,7072,15708.0,261.8,no,c3508-L2847 (c3508-L2847~1),TA08,llegada tardía (a bordo),141846.0,23858,1024,896,897,99.89,0,93,0,2006.0,2084.1,87867,663147,0,31,567,15.324,28,0,0,0,57,247685,NO_EVALUABLE,0,16.0,LAPTOP-OMI6BJ6L,45a097c1b95bf1ad3f27d32ddffdc4ee8014640d7d379ca3df7bcd8b6f73c49a,b8d9ed2fd9f5011c1e05f5a5f6588b283367d7395a7bcc57ef6887d4ded60e12,60.0,200.0,8,93.8,ventanas,20270108,experimento_oficial_SIM_5D.csv
79,simulacion,SIM_5D,MEDIA,98,1296,propio,ventas.202611.txt,ventas.202609.txt,bloqueo.2609.txt,,AG,5,2005,tiempo,2000,60,0,si,urgentes,1085,6010,12542.0,209.0333,no,c5351-L1812 (c5351-L1812~2),,llegada tardía (planificada),150506.0,24485,1018,930,931,99.89,0,113,0,2025.7,2248.3,1134,105237,0,161,547,14.784,29,0,0,0,49,252646,NO_EVALUABLE,0,16.0,LAPTOP-OMI6BJ6L,45a097c1b95bf1ad3f27d32ddffdc4ee8014640d7d379ca3df7bcd8b6f73c49a,b8d9ed2fd9f5011c1e05f5a5f6588b283367d7395a7bcc57ef6887d4ded60e12,60.0,200.0,5,113.0333,ventanas,20261105,experimento_oficial_SIM_5D.csv
80,simulacion,SIM_5D,BAJA,78,1296,propio,ventas.202610.txt,ventas.202609.txt,bloqueo.2609.txt,,AG,8,2008,tiempo,2000,60,0,si,urgentes,1010,5640,23040.0,384.0,si,,,,149270.0,24466,1002,909,909,100.0,0,119,0,2042.9,2190.5,858,83753,0,281,554,14.973,32,0,0,0,29,276235,NO_EVALUABLE,0,16.0,LAPTOP-OMI6BJ6L,45a097c1b95bf1ad3f27d32ddffdc4ee8014640d7d379ca3df7bcd8b6f73c49a,b8d9ed2fd9f5011c1e05f5a5f6588b283367d7395a7bcc57ef6887d4ded60e12,60.0,200.0,12,120.0,ventanas,20261012,experimento_oficial_SIM_5D.csv
81,simulacion,SIM_5D,BAJA,78,1296,propio,ventas.202610.txt,ventas.202609.txt,bloqueo.2609.txt,,TABU,4,2004,tiempo,2000,60,0,,urgentes,1017,5348,7582.0,126.3667,no,c7742-L969 (c7742-L969),,destino bloqueado,86209.0,14383,671,579,580,99.83,0,78,0,2003.2,2057.2,134517,979437,0,23,350,9.459,25,0,0,0,21,174047,NO_EVALUABLE,0,16.0,LAPTOP-OMI6BJ6L,45a097c1b95bf1ad3f27d32ddffdc4ee8014640d7d379ca3df7bcd8b6f73c49a,b8d9ed2fd9f5011c1e05f5a5f6588b283367d7395a7bcc57ef6887d4ded60e12,60.0,200.0,3,78.3667,ventanas,20261003,experimento_oficial_SIM_5D.csv
82,simulacion,SIM_5D,BAJA,78,1296,propio,ventas.202610.txt,ventas.202609.txt,bloqueo.2609.txt,,AG,9,2009,tiempo,2000,60,0,si,urgentes,982,5365,17280.0,288.0,si,,,,135848.0,22393,973,878,878,100.0,0,119,0,2016.2,2090.7,960,97034,0,159,532,14.378,33,0,0,0,21,265239,NO_EVALUABLE,0,16.0,LAPTOP-OMI6BJ6L,45a097c1b95bf1ad3f27d32ddffdc4ee8014640d7d379ca3df7bcd8b6f73c49a,b8d9ed2fd9f5011c1e05f5a5f6588b283367d7395a7bcc57ef6887d4ded60e12,60.0,200.0,8,120.0,ventanas,20261008,experimento_oficial_SIM_5D.csv
83,simulacion,SIM_5D,ALTA,115,1296,propio,ventas.202701.txt,ventas.202609.txt,bloqueo.2609.txt,,TABU,17,2017,tiempo,2000,60,0,,urgentes,1306,7098,6739.0,112.3167,no,c1132-L1195 (c1132-L1195),TA10,llegada tardía (a bordo),91305.0,15294,697,551,552,99.82,0,64,0,1999.9,2007.1,81554,568132,0,18,363,9.811,21,0,0,0,26,144479,NO_EVALUABLE,0,16.0,LAPTOP-OMI6BJ6L,45a097c1b95bf1ad3f27d32ddffdc4ee8014640d7d379ca3df7bcd8b6f73c49a,b8d9ed2fd9f5011c1e05f5a5f6588b283367d7395a7bcc57ef6887d4ded60e12,60.0,200.0,3,64.3167,ventanas,20270103,experimento_oficial_SIM_5D.csv
84,simulacion,SIM_5D,ALTA,115,1296,propio,ventas.202701.txt,ventas.202609.txt,bloqueo.2609.txt,,TABU,26,2026,tiempo,2000,60,0,,urgentes,1317,7145,14400.0,240.0,si,,,,186092.0,31274,1303,1175,1175,100.0,0,119,0,2005.2,2073.1,91040,619606,0,40,743,20.081,39,0,0,0,54,303475,NO_EVALUABLE,0,16.0,LAPTOP-OMI6BJ6L,45a097c1b95bf1ad3f27d32ddffdc4ee8014640d7d379ca3df7bcd8b6f73c49a,b8d9ed2fd9f5011c1e05f5a5f6588b283367d7395a7bcc57ef6887d4ded60e12,60.0,200.0,6,120.0,ventanas,20270106,experimento_oficial_SIM_5D.csv
85,simulacion,SIM_5D,ALTA,115,1296,propio,ventas.202702.txt,ventas.202609.txt,bloqueo.2609.txt,,AG,15,2015,tiempo,2000,60,0,si,urgentes,1341,7440,15735.0,262.25,no,c4001-L3009 (c4001-L3009~1),,llegada tardía (planificada),107126.0,17894,812,639,640,99.84,0,70,0,2146.0,2449.7,350,38548,0,70,423,11.432,25,0,0,0,41,187034,NO_EVALUABLE,0,16.0,LAPTOP-OMI6BJ6L,45a097c1b95bf1ad3f27d32ddffdc4ee8014640d7d379ca3df7bcd8b6f73c49a,b8d9ed2fd9f5011c1e05f5a5f6588b283367d7395a7bcc57ef6887d4ded60e12,60.0,200.0,9,70.25,ventanas,20270209,experimento_oficial_SIM_5D.csv
86,simulacion,SIM_5D,MEDIA,98,1296,propio,ventas.202611.txt,ventas.202609.txt,bloqueo.2609.txt,,TABU,5,2005,tiempo,2000,60,0,,urgentes,1085,6010,12960.0,216.0,si,,,,160044.0,26672,1076,983,983,100.0,0,119,0,2004.6,2068.9,163777,1081312,0,41,619,16.73,37,0,0,0,42,265904,NO_EVALUABLE,1,16.0,LAPTOP-OMI6BJ6L,45a097c1b95bf1ad3f27d32ddffdc4ee8014640d7d379ca3df7bcd8b6f73c49a,b8d9ed2fd9f5011c1e05f5a5f6588b283367d7395a7bcc57ef6887d4ded60e12,60.0,200.0,5,120.0,ventanas,20261105,experimento_oficial_SIM_5D.csv
87,simulacion,SIM_5D,BAJA,78,1296,propio,ventas.202609.txt,ventas.202609.txt,bloqueo.2609.txt,,TABU,29,2029,tiempo,2000,60,0,,urgentes,795,4472,11520.0,192.0,si,,,,115939.0,19340,790,726,726,100.0,0,119,0,2003.2,2069.2,204491,1348748,0,16,462,12.486,32,0,0,0,12,256779,NO_EVALUABLE,0,16.0,LAPTOP-OMI6BJ6L,45a097c1b95bf1ad3f27d32ddffdc4ee8014640d7d379ca3df7bcd8b6f73c49a,b8d9ed2fd9f5011c1e05f5a5f6588b283367d7395a7bcc57ef6887d4ded60e12,60.0,200.0,4,120.0,ventanas,20260904,experimento_oficial_SIM_5D.csv
88,simulacion,SIM_5D,MEDIA,98,1296,propio,ventas.202612.txt,ventas.202609.txt,bloqueo.2609.txt,,TABU,6,2006,tiempo,2000,60,0,,urgentes,1210,6786,10080.0,168.0,si,,,,180162.0,29752,1199,1083,1083,100.0,0,119,0,2005.4,2088.1,139099,959124,0,25,672,18.162,36,0,0,0,108,271598,NO_EVALUABLE,0,16.0,LAPTOP-OMI6BJ6L,45a097c1b95bf1ad3f27d32ddffdc4ee8014640d7d379ca3df7bcd8b6f73c49a,b8d9ed2fd9f5011c1e05f5a5f6588b283367d7395a7bcc57ef6887d4ded60e12,60.0,200.0,3,120.0,ventanas,20261203,experimento_oficial_SIM_5D.csv
89,simulacion,SIM_5D,BAJA,78,1296,propio,ventas.202609.txt,ventas.202609.txt,bloqueo.2609.txt,,AG,20,2020,tiempo,2000,60,0,si,urgentes,886,4907,34560.0,576.0,si,,,,124184.0,20929,881,785,785,100.0,0,119,0,2018.0,2154.2,1756,149270,0,298,495,13.378,29,0,0,0,7,263312,NO_EVALUABLE,0,16.0,LAPTOP-OMI6BJ6L,45a097c1b95bf1ad3f27d32ddffdc4ee8014640d7d379ca3df7bcd8b6f73c49a,b8d9ed2fd9f5011c1e05f5a5f6588b283367d7395a7bcc57ef6887d4ded60e12,60.0,200.0,20,120.0,ventanas,20260920,experimento_oficial_SIM_5D.csv
90,simulacion,SIM_5D,BAJA,78,1296,propio,ventas.202609.txt,ventas.202609.txt,bloqueo.2609.txt,,TABU,33,2033,tiempo,2000,60,0,,urgentes,871,4795,25920.0,432.0,si,,,,128308.0,21419,870,800,800,100.0,0,119,0,2002.0,2068.7,201827,1326981,0,34,503,13.595,38,0,0,0,14,264089,NO_EVALUABLE,0,16.0,LAPTOP-OMI6BJ6L,45a097c1b95bf1ad3f27d32ddffdc4ee8014640d7d379ca3df7bcd8b6f73c49a,b8d9ed2fd9f5011c1e05f5a5f6588b283367d7395a7bcc57ef6887d4ded60e12,60.0,200.0,14,120.0,ventanas,20260914,experimento_oficial_SIM_5D.csv
91,simulacion,SIM_5D,BAJA,78,1296,propio,ventas.202609.txt,ventas.202609.txt,bloqueo.2609.txt,,AG,2,2002,tiempo,2000,60,0,si,urgentes,878,4817,30240.0,504.0,si,,,,123857.0,20269,875,799,799,100.0,0,119,0,2015.6,2114.0,1031,90301,0,342,446,12.054,23,0,0,0,26,263105,NO_EVALUABLE,0,16.0,LAPTOP-OMI6BJ6L,45a097c1b95bf1ad3f27d32ddffdc4ee8014640d7d379ca3df7bcd8b6f73c49a,b8d9ed2fd9f5011c1e05f5a5f6588b283367d7395a7bcc57ef6887d4ded60e12,60.0,200.0,17,120.0,ventanas,20260917,experimento_oficial_SIM_5D.csv
92,simulacion,SIM_5D,BAJA,78,1296,propio,ventas.202610.txt,ventas.202609.txt,bloqueo.2609.txt,,TABU,23,2023,tiempo,2000,60,0,,urgentes,985,5218,2496.0,41.6,no,c3612-L260 (c3612-L260),TA07,destino bloqueado,12459.0,1843,117,82,83,98.8,0,17,0,2003.4,2069.9,78947,661317,0,25,51,1.378,4,0,0,0,0,35069,NO_EVALUABLE,0,16.0,LAPTOP-OMI6BJ6L,45a097c1b95bf1ad3f27d32ddffdc4ee8014640d7d379ca3df7bcd8b6f73c49a,b8d9ed2fd9f5011c1e05f5a5f6588b283367d7395a7bcc57ef6887d4ded60e12,60.0,200.0,2,17.6,ventanas,20261002,experimento_oficial_SIM_5D.csv
93,simulacion,SIM_5D,MEDIA,98,1296,propio,ventas.202612.txt,ventas.202609.txt,bloqueo.2609.txt,,AG,21,2021,tiempo,2000,60,0,si,urgentes,1137,6368,14400.0,240.0,si,,,,162911.0,26849,1130,1016,1016,100.0,0,119,0,2040.0,2248.5,996,92701,0,184,618,16.703,31,0,0,0,76,273631,NO_EVALUABLE,0,16.0,LAPTOP-OMI6BJ6L,45a097c1b95bf1ad3f27d32ddffdc4ee8014640d7d379ca3df7bcd8b6f73c49a,b8d9ed2fd9f5011c1e05f5a5f6588b283367d7395a7bcc57ef6887d4ded60e12,60.0,200.0,6,120.0,ventanas,20261206,experimento_oficial_SIM_5D.csv
94,simulacion,SIM_5D,BAJA,78,1296,propio,ventas.202609.txt,ventas.202609.txt,bloqueo.2609.txt,,TABU,7,2007,tiempo,2000,60,0,,urgentes,940,5143,37440.0,624.0,si,,,,139721.0,23416,928,836,836,100.0,0,119,0,2005.8,2097.8,179010,1118486,0,22,537,14.514,34,0,0,0,13,265553,NO_EVALUABLE,0,16.0,LAPTOP-OMI6BJ6L,45a097c1b95bf1ad3f27d32ddffdc4ee8014640d7d379ca3df7bcd8b6f73c49a,b8d9ed2fd9f5011c1e05f5a5f6588b283367d7395a7bcc57ef6887d4ded60e12,60.0,200.0,22,120.0,ventanas,20260922,experimento_oficial_SIM_5D.csv
95,simulacion,SIM_5D,MEDIA,98,1296,propio,ventas.202611.txt,ventas.202609.txt,bloqueo.2609.txt,,AG,7,2007,tiempo,2000,60,0,si,urgentes,1128,6294,28311.0,471.85,no,c6031-L4314 (c6031-L4314),,destino bloqueado,78508.0,12969,577,495,496,99.8,0,63,0,2014.3,2084.3,750,66596,0,80,303,8.189,19,0,0,0,27,137068,NO_EVALUABLE,0,16.0,LAPTOP-OMI6BJ6L,45a097c1b95bf1ad3f27d32ddffdc4ee8014640d7d379ca3df7bcd8b6f73c49a,b8d9ed2fd9f5011c1e05f5a5f6588b283367d7395a7bcc57ef6887d4ded60e12,60.0,200.0,18,63.85,ventanas,20261118,experimento_oficial_SIM_5D.csv
96,simulacion,SIM_5D,BAJA,78,1296,propio,ventas.202609.txt,ventas.202609.txt,bloqueo.2609.txt,,TABU,11,2011,tiempo,2000,60,0,,urgentes,833,4673,15840.0,264.0,si,,,,121660.0,20118,825,760,760,100.0,0,119,0,2003.8,2081.8,231878,1556052,0,31,473,12.784,35,0,0,0,14,254630,NO_EVALUABLE,0,16.0,LAPTOP-OMI6BJ6L,45a097c1b95bf1ad3f27d32ddffdc4ee8014640d7d379ca3df7bcd8b6f73c49a,b8d9ed2fd9f5011c1e05f5a5f6588b283367d7395a7bcc57ef6887d4ded60e12,60.0,200.0,7,120.0,ventanas,20260907,experimento_oficial_SIM_5D.csv
97,simulacion,SIM_5D,MEDIA,98,1296,propio,ventas.202611.txt,ventas.202609.txt,bloqueo.2609.txt,,AG,15,2015,tiempo,2000,60,0,si,urgentes,1212,6531,17161.0,286.0167,no,c4269-L2555 (c4269-L2555),,destino bloqueado,20335.0,3250,228,134,135,99.26,0,22,0,2029.3,2251.2,514,54305,0,82,84,2.27,8,0,0,0,1,49972,NO_EVALUABLE,0,16.0,LAPTOP-OMI6BJ6L,45a097c1b95bf1ad3f27d32ddffdc4ee8014640d7d379ca3df7bcd8b6f73c49a,b8d9ed2fd9f5011c1e05f5a5f6588b283367d7395a7bcc57ef6887d4ded60e12,60.0,200.0,12,22.0167,ventanas,20261112,experimento_oficial_SIM_5D.csv
98,simulacion,SIM_5D,MEDIA,98,1296,propio,ventas.202612.txt,ventas.202609.txt,bloqueo.2609.txt,,AG,30,2030,tiempo,2000,60,0,si,urgentes,1309,7100,24480.0,408.0,si,,,,186171.0,30603,1290,1150,1150,100.0,0,120,0,2097.0,2434.7,1243,146168,0,150,700,18.919,39,0,0,0,69,298329,NO_EVALUABLE,0,16.0,LAPTOP-OMI6BJ6L,45a097c1b95bf1ad3f27d32ddffdc4ee8014640d7d379ca3df7bcd8b6f73c49a,b8d9ed2fd9f5011c1e05f5a5f6588b283367d7395a7bcc57ef6887d4ded60e12,60.0,200.0,13,120.0,ventanas,20261213,experimento_oficial_SIM_5D.csv
99,simulacion,SIM_5D,MEDIA,98,1296,propio,ventas.202611.txt,ventas.202609.txt,bloqueo.2609.txt,,AG,26,2026,tiempo,2000,60,0,si,urgentes,1184,6452,18001.0,300.0167,no,c9431-L2703 (c9431-L2703),,llegada tardía (planificada),151501.0,25139,1044,923,924,99.89,0,108,0,2086.1,2530.6,683,63482,0,115,579,15.649,33,0,0,0,37,264392,NO_EVALUABLE,1,16.0,LAPTOP-OMI6BJ6L,45a097c1b95bf1ad3f27d32ddffdc4ee8014640d7d379ca3df7bcd8b6f73c49a,b8d9ed2fd9f5011c1e05f5a5f6588b283367d7395a7bcc57ef6887d4ded60e12,60.0,200.0,9,108.0167,ventanas,20261109,experimento_oficial_SIM_5D.csv
100,simulacion,SIM_5D,ALTA,115,1296,propio,ventas.202702.txt,ventas.202609.txt,bloqueo.2609.txt,,TABU,9,2009,tiempo,2000,60,0,,urgentes,1395,7695,19936.0,332.2667,no,c1434-L3783 (c1434-L3783~2),,llegada tardía (planificada),148635.0,24661,1073,907,908,99.89,0,92,0,2004.9,2075.6,81470,552277,0,14,568,15.351,27,0,0,0,82,225614,NO_EVALUABLE,0,16.0,LAPTOP-OMI6BJ6L,45a097c1b95bf1ad3f27d32ddffdc4ee8014640d7d379ca3df7bcd8b6f73c49a,b8d9ed2fd9f5011c1e05f5a5f6588b283367d7395a7bcc57ef6887d4ded60e12,60.0,200.0,11,92.2667,ventanas,20270211,experimento_oficial_SIM_5D.csv
101,simulacion,SIM_5D,MEDIA,98,1296,propio,ventas.202611.txt,ventas.202609.txt,bloqueo.2609.txt,,TABU,33,2033,tiempo,2000,60,0,,urgentes,1104,6145,15840.0,264.0,si,,,,159816.0,26537,1098,1001,1001,100.0,0,120,0,2003.2,2089.4,183890,1228184,0,32,620,16.757,37,0,0,0,42,269839,NO_EVALUABLE,1,16.0,LAPTOP-OMI6BJ6L,45a097c1b95bf1ad3f27d32ddffdc4ee8014640d7d379ca3df7bcd8b6f73c49a,b8d9ed2fd9f5011c1e05f5a5f6588b283367d7395a7bcc57ef6887d4ded60e12,60.0,200.0,7,120.0,ventanas,20261107,experimento_oficial_SIM_5D.csv
102,simulacion,SIM_5D,ALTA,115,1296,propio,ventas.202701.txt,ventas.202609.txt,bloqueo.2609.txt,,AG,14,2014,tiempo,2000,60,0,si,urgentes,1332,7232,2831.0,47.1833,no,c3657-L494 (c3657-L494),,llegada tardía (planificada),62666.0,10318,534,401,402,99.75,0,47,0,2017.2,2111.1,424,36663,0,43,248,6.703,15,0,0,0,26,103417,NO_EVALUABLE,0,16.0,LAPTOP-OMI6BJ6L,45a097c1b95bf1ad3f27d32ddffdc4ee8014640d7d379ca3df7bcd8b6f73c49a,b8d9ed2fd9f5011c1e05f5a5f6588b283367d7395a7bcc57ef6887d4ded60e12,60.0,200.0,1,47.1833,ventanas,20270101,experimento_oficial_SIM_5D.csv
103,simulacion,SIM_5D,ALTA,115,1296,propio,ventas.202702.txt,ventas.202609.txt,bloqueo.2609.txt,,TABU,19,2019,tiempo,2000,60,0,,urgentes,1437,8069,9453.0,157.55,no,c1014-L1766 (c1014-L1766),,llegada tardía (planificada),55393.0,9145,491,320,321,99.69,0,37,0,2003.1,2085.3,38426,306917,0,5,222,6.0,12,0,0,0,41,94573,NO_EVALUABLE,0,16.0,LAPTOP-OMI6BJ6L,45a097c1b95bf1ad3f27d32ddffdc4ee8014640d7d379ca3df7bcd8b6f73c49a,b8d9ed2fd9f5011c1e05f5a5f6588b283367d7395a7bcc57ef6887d4ded60e12,60.0,200.0,6,37.55,ventanas,20270206,experimento_oficial_SIM_5D.csv
104,simulacion,SIM_5D,ALTA,115,1296,propio,ventas.202702.txt,ventas.202609.txt,bloqueo.2609.txt,,AG,6,2006,tiempo,2000,60,0,si,urgentes,1447,8012,11723.0,195.3833,no,c6503-L2240 (c6503-L2240),TA10,llegada tardía (a bordo),87322.0,14602,643,502,503,99.8,0,52,0,2123.5,2345.3,1002,128361,0,59,347,9.378,18,0,0,0,56,135732,NO_EVALUABLE,0,16.0,LAPTOP-OMI6BJ6L,45a097c1b95bf1ad3f27d32ddffdc4ee8014640d7d379ca3df7bcd8b6f73c49a,b8d9ed2fd9f5011c1e05f5a5f6588b283367d7395a7bcc57ef6887d4ded60e12,60.0,200.0,7,51.3833,ventanas,20270207,experimento_oficial_SIM_5D.csv
105,simulacion,SIM_5D,BAJA,78,1296,propio,ventas.202610.txt,ventas.202609.txt,bloqueo.2609.txt,,TABU,12,2012,tiempo,2000,60,0,,urgentes,886,4932,33120.0,552.0,si,,,,130984.0,21721,877,818,818,100.0,0,119,0,2003.7,2079.5,205563,1374635,0,32,515,13.919,38,0,0,0,20,254508,NO_EVALUABLE,0,16.0,LAPTOP-OMI6BJ6L,45a097c1b95bf1ad3f27d32ddffdc4ee8014640d7d379ca3df7bcd8b6f73c49a,b8d9ed2fd9f5011c1e05f5a5f6588b283367d7395a7bcc57ef6887d4ded60e12,60.0,200.0,19,120.0,ventanas,20261019,experimento_oficial_SIM_5D.csv
106,simulacion,SIM_5D,MEDIA,98,1296,propio,ventas.202612.txt,ventas.202609.txt,bloqueo.2609.txt,,TABU,28,2028,tiempo,2000,60,0,,urgentes,1124,6242,15840.0,264.0,si,,,,164626.0,27018,1111,1021,1021,100.0,0,119,0,2002.7,2079.4,131923,871397,0,9,632,17.081,41,0,0,0,69,268919,NO_EVALUABLE,0,16.0,LAPTOP-OMI6BJ6L,45a097c1b95bf1ad3f27d32ddffdc4ee8014640d7d379ca3df7bcd8b6f73c49a,b8d9ed2fd9f5011c1e05f5a5f6588b283367d7395a7bcc57ef6887d4ded60e12,60.0,200.0,7,120.0,ventanas,20261207,experimento_oficial_SIM_5D.csv
107,simulacion,SIM_5D,BAJA,78,1296,propio,ventas.202610.txt,ventas.202609.txt,bloqueo.2609.txt,,AG,16,2016,tiempo,2000,60,0,si,urgentes,974,5387,20160.0,336.0,si,,,,144578.0,23928,964,898,898,100.0,0,119,0,2018.9,2133.8,923,88491,0,205,557,15.054,37,0,0,0,15,266581,NO_EVALUABLE,0,16.0,LAPTOP-OMI6BJ6L,45a097c1b95bf1ad3f27d32ddffdc4ee8014640d7d379ca3df7bcd8b6f73c49a,b8d9ed2fd9f5011c1e05f5a5f6588b283367d7395a7bcc57ef6887d4ded60e12,60.0,200.0,10,120.0,ventanas,20261010,experimento_oficial_SIM_5D.csv
108,simulacion,SIM_5D,MEDIA,98,1296,propio,ventas.202611.txt,ventas.202609.txt,bloqueo.2609.txt,,AG,33,2033,tiempo,2000,60,0,si,urgentes,1104,6145,15840.0,264.0,si,,,,158751.0,26276,1098,996,996,100.0,0,120,0,2019.2,2123.6,1494,138882,0,224,610,16.486,35,0,0,0,55,267777,NO_EVALUABLE,1,16.0,LAPTOP-OMI6BJ6L,45a097c1b95bf1ad3f27d32ddffdc4ee8014640d7d379ca3df7bcd8b6f73c49a,b8d9ed2fd9f5011c1e05f5a5f6588b283367d7395a7bcc57ef6887d4ded60e12,60.0,200.0,7,120.0,ventanas,20261107,experimento_oficial_SIM_5D.csv
109,simulacion,SIM_5D,MEDIA,98,1296,propio,ventas.202611.txt,ventas.202609.txt,bloqueo.2609.txt,,TABU,18,2018,tiempo,2000,60,0,,urgentes,1146,6266,17161.0,286.0167,no,c4269-L2555 (c4269-L2555),,destino bloqueado,163934.0,27370,1119,983,984,99.9,0,118,0,2004.4,2078.1,133605,813418,0,24,630,17.027,37,0,0,0,46,272184,NO_EVALUABLE,1,16.0,LAPTOP-OMI6BJ6L,45a097c1b95bf1ad3f27d32ddffdc4ee8014640d7d379ca3df7bcd8b6f73c49a,b8d9ed2fd9f5011c1e05f5a5f6588b283367d7395a7bcc57ef6887d4ded60e12,60.0,200.0,8,118.0167,ventanas,20261108,experimento_oficial_SIM_5D.csv
110,simulacion,SIM_5D,MEDIA,98,1296,propio,ventas.202612.txt,ventas.202609.txt,bloqueo.2609.txt,,TABU,20,2020,tiempo,2000,60,0,,urgentes,1145,6300,7200.0,120.0,si,,,,165894.0,27900,1136,1030,1030,100.0,0,119,0,2003.8,2064.5,158876,1086063,0,33,642,17.351,40,0,0,0,61,268055,NO_EVALUABLE,0,16.0,LAPTOP-OMI6BJ6L,45a097c1b95bf1ad3f27d32ddffdc4ee8014640d7d379ca3df7bcd8b6f73c49a,b8d9ed2fd9f5011c1e05f5a5f6588b283367d7395a7bcc57ef6887d4ded60e12,60.0,200.0,1,120.0,ventanas,20261201,experimento_oficial_SIM_5D.csv
111,simulacion,SIM_5D,ALTA,115,1296,propio,ventas.202702.txt,ventas.202609.txt,bloqueo.2609.txt,,AG,21,2021,tiempo,2000,60,0,si,urgentes,1355,7479,19883.0,331.3833,no,c1341-L3771 (c1341-L3771),,llegada tardía (planificada),100666.0,16436,737,591,592,99.83,0,67,0,2086.6,2293.6,615,59704,0,110,381,10.297,21,0,0,0,33,162350,NO_EVALUABLE,0,16.0,LAPTOP-OMI6BJ6L,45a097c1b95bf1ad3f27d32ddffdc4ee8014640d7d379ca3df7bcd8b6f73c49a,b8d9ed2fd9f5011c1e05f5a5f6588b283367d7395a7bcc57ef6887d4ded60e12,60.0,200.0,12,67.3833,ventanas,20270212,experimento_oficial_SIM_5D.csv
112,simulacion,SIM_5D,BAJA,78,1296,propio,ventas.202610.txt,ventas.202609.txt,bloqueo.2609.txt,,AG,35,2035,tiempo,2000,60,0,si,urgentes,968,5198,15840.0,264.0,si,,,,138274.0,22647,959,893,893,100.0,0,119,0,2015.1,2096.8,1427,121889,0,256,542,14.649,34,0,0,0,26,261861,NO_EVALUABLE,0,16.0,LAPTOP-OMI6BJ6L,45a097c1b95bf1ad3f27d32ddffdc4ee8014640d7d379ca3df7bcd8b6f73c49a,b8d9ed2fd9f5011c1e05f5a5f6588b283367d7395a7bcc57ef6887d4ded60e12,60.0,200.0,7,120.0,ventanas,20261007,experimento_oficial_SIM_5D.csv
113,simulacion,SIM_5D,BAJA,78,1296,propio,ventas.202610.txt,ventas.202609.txt,bloqueo.2609.txt,,AG,4,2004,tiempo,2000,60,0,si,urgentes,1017,5348,7582.0,126.3667,no,c7742-L969 (c7742-L969),,destino bloqueado,85599.0,14119,671,575,576,99.83,0,78,0,2032.3,2206.4,1179,119831,0,125,343,9.27,21,0,0,0,14,176069,NO_EVALUABLE,0,16.0,LAPTOP-OMI6BJ6L,45a097c1b95bf1ad3f27d32ddffdc4ee8014640d7d379ca3df7bcd8b6f73c49a,b8d9ed2fd9f5011c1e05f5a5f6588b283367d7395a7bcc57ef6887d4ded60e12,60.0,200.0,3,78.3667,ventanas,20261003,experimento_oficial_SIM_5D.csv
114,simulacion,SIM_5D,ALTA,115,1296,propio,ventas.202702.txt,ventas.202609.txt,bloqueo.2609.txt,,TABU,6,2006,tiempo,2000,60,0,,urgentes,1447,8012,11859.0,197.65,no,c7004-L2269 (c7004-L2269~2),,llegada tardía (planificada),89754.0,14987,673,525,526,99.81,0,54,0,2003.6,2083.9,76720,651797,0,39,352,9.514,18,0,0,0,62,129723,NO_EVALUABLE,0,16.0,LAPTOP-OMI6BJ6L,45a097c1b95bf1ad3f27d32ddffdc4ee8014640d7d379ca3df7bcd8b6f73c49a,b8d9ed2fd9f5011c1e05f5a5f6588b283367d7395a7bcc57ef6887d4ded60e12,60.0,200.0,7,53.65,ventanas,20270207,experimento_oficial_SIM_5D.csv
115,simulacion,SIM_5D,ALTA,115,1296,propio,ventas.202701.txt,ventas.202609.txt,bloqueo.2609.txt,,TABU,23,2023,tiempo,2000,60,0,,urgentes,1295,7036,7443.0,124.05,no,c2107-L1333 (c2107-L1333),,llegada tardía (planificada),71676.0,11986,579,440,441,99.77,0,52,0,2005.3,2090.7,87147,649514,0,43,280,7.568,13,0,0,0,36,117356,NO_EVALUABLE,0,16.0,LAPTOP-OMI6BJ6L,45a097c1b95bf1ad3f27d32ddffdc4ee8014640d7d379ca3df7bcd8b6f73c49a,b8d9ed2fd9f5011c1e05f5a5f6588b283367d7395a7bcc57ef6887d4ded60e12,60.0,200.0,4,52.05,ventanas,20270104,experimento_oficial_SIM_5D.csv
116,simulacion,SIM_5D,MEDIA,98,1296,propio,ventas.202612.txt,ventas.202609.txt,bloqueo.2609.txt,,AG,16,2016,tiempo,2000,60,0,si,urgentes,1165,6496,8640.0,144.0,si,,,,170719.0,28431,1157,1046,1046,100.0,0,119,0,2044.6,2309.9,949,97240,0,132,648,17.514,29,0,0,0,67,274504,NO_EVALUABLE,0,16.0,LAPTOP-OMI6BJ6L,45a097c1b95bf1ad3f27d32ddffdc4ee8014640d7d379ca3df7bcd8b6f73c49a,b8d9ed2fd9f5011c1e05f5a5f6588b283367d7395a7bcc57ef6887d4ded60e12,60.0,200.0,2,120.0,ventanas,20261202,experimento_oficial_SIM_5D.csv
117,simulacion,SIM_5D,BAJA,78,1296,propio,ventas.202609.txt,ventas.202609.txt,bloqueo.2609.txt,,AG,33,2033,tiempo,2000,60,0,si,urgentes,871,4795,25920.0,432.0,si,,,,126874.0,20950,870,811,811,100.0,0,119,0,2020.1,2254.0,1293,116415,0,218,476,12.865,26,0,0,0,13,262657,NO_EVALUABLE,0,16.0,LAPTOP-OMI6BJ6L,45a097c1b95bf1ad3f27d32ddffdc4ee8014640d7d379ca3df7bcd8b6f73c49a,b8d9ed2fd9f5011c1e05f5a5f6588b283367d7395a7bcc57ef6887d4ded60e12,60.0,200.0,14,120.0,ventanas,20260914,experimento_oficial_SIM_5D.csv
118,simulacion,SIM_5D,ALTA,115,1296,propio,ventas.202701.txt,ventas.202609.txt,bloqueo.2609.txt,,TABU,25,2025,tiempo,2000,60,0,,urgentes,1265,7010,21065.0,351.0833,no,c1821-L3755 (c1821-L3755),,destino bloqueado,84770.0,14074,629,506,507,99.8,0,63,0,2003.7,2068.2,61998,482641,0,18,332,8.973,19,0,0,0,26,154447,NO_EVALUABLE,1,16.0,LAPTOP-OMI6BJ6L,45a097c1b95bf1ad3f27d32ddffdc4ee8014640d7d379ca3df7bcd8b6f73c49a,b8d9ed2fd9f5011c1e05f5a5f6588b283367d7395a7bcc57ef6887d4ded60e12,60.0,200.0,13,63.0833,ventanas,20270113,experimento_oficial_SIM_5D.csv
119,simulacion,SIM_5D,ALTA,115,1296,propio,ventas.202702.txt,ventas.202609.txt,bloqueo.2609.txt,,AG,8,2008,tiempo,2000,60,0,si,urgentes,1431,8270,3737.0,62.2833,no,c6321-L636 (c6321-L636),,destino bloqueado,10421.0,1643,154,69,70,98.57,0,14,0,2003.2,2008.3,349,36631,0,80,52,1.405,4,0,0,0,2,29765,NO_EVALUABLE,0,16.0,LAPTOP-OMI6BJ6L,45a097c1b95bf1ad3f27d32ddffdc4ee8014640d7d379ca3df7bcd8b6f73c49a,b8d9ed2fd9f5011c1e05f5a5f6588b283367d7395a7bcc57ef6887d4ded60e12,60.0,200.0,3,14.2833,ventanas,20270203,experimento_oficial_SIM_5D.csv
120,simulacion,SIM_5D,ALTA,115,1296,propio,ventas.202702.txt,ventas.202609.txt,bloqueo.2609.txt,,TABU,28,2028,tiempo,2000,60,0,,urgentes,1456,8318,7598.0,126.6333,no,c0975-L1369 (c0975-L1369),,llegada tardía (planificada),77275.0,12850,625,470,471,99.79,0,54,0,2003.1,2055.2,65201,447389,0,20,314,8.486,18,0,0,0,34,124620,NO_EVALUABLE,0,16.0,LAPTOP-OMI6BJ6L,45a097c1b95bf1ad3f27d32ddffdc4ee8014640d7d379ca3df7bcd8b6f73c49a,b8d9ed2fd9f5011c1e05f5a5f6588b283367d7395a7bcc57ef6887d4ded60e12,60.0,200.0,4,54.6333,ventanas,20270204,experimento_oficial_SIM_5D.csv
121,simulacion,SIM_5D,MEDIA,98,1296,propio,ventas.202612.txt,ventas.202609.txt,bloqueo.2609.txt,,TABU,16,2016,tiempo,2000,60,0,,urgentes,1165,6496,8640.0,144.0,si,,,,175238.0,28998,1157,1037,1037,100.0,0,119,0,2002.6,2075.3,153019,1067485,0,23,654,17.676,36,0,0,0,75,269839,NO_EVALUABLE,0,16.0,LAPTOP-OMI6BJ6L,45a097c1b95bf1ad3f27d32ddffdc4ee8014640d7d379ca3df7bcd8b6f73c49a,b8d9ed2fd9f5011c1e05f5a5f6588b283367d7395a7bcc57ef6887d4ded60e12,60.0,200.0,2,120.0,ventanas,20261202,experimento_oficial_SIM_5D.csv
122,simulacion,SIM_5D,ALTA,115,1296,propio,ventas.202701.txt,ventas.202609.txt,bloqueo.2609.txt,,TABU,16,2016,tiempo,2000,60,0,,urgentes,1305,7266,23972.0,399.5333,no,c9915-L4281 (c9915-L4281~2),,llegada tardía (planificada),92816.0,15507,679,553,554,99.82,0,63,0,2005.9,2065.2,73358,498809,0,12,357,9.649,22,0,0,0,34,147379,NO_EVALUABLE,0,16.0,LAPTOP-OMI6BJ6L,45a097c1b95bf1ad3f27d32ddffdc4ee8014640d7d379ca3df7bcd8b6f73c49a,b8d9ed2fd9f5011c1e05f5a5f6588b283367d7395a7bcc57ef6887d4ded60e12,60.0,200.0,15,63.5333,ventanas,20270115,experimento_oficial_SIM_5D.csv
123,simulacion,SIM_5D,MEDIA,98,1296,propio,ventas.202611.txt,ventas.202609.txt,bloqueo.2609.txt,,TABU,1,2001,tiempo,2000,60,0,,urgentes,1112,6118,25920.0,432.0,si,,,,162386.0,27479,1106,1003,1003,100.0,0,119,0,2002.3,2061.6,143234,930307,0,22,635,17.162,34,0,0,0,41,263867,NO_EVALUABLE,0,16.0,LAPTOP-OMI6BJ6L,45a097c1b95bf1ad3f27d32ddffdc4ee8014640d7d379ca3df7bcd8b6f73c49a,b8d9ed2fd9f5011c1e05f5a5f6588b283367d7395a7bcc57ef6887d4ded60e12,60.0,200.0,14,120.0,ventanas,20261114,experimento_oficial_SIM_5D.csv
124,simulacion,SIM_5D,BAJA,78,1296,propio,ventas.202610.txt,ventas.202609.txt,bloqueo.2609.txt,,TABU,8,2008,tiempo,2000,60,0,,urgentes,1010,5640,23040.0,384.0,si,,,,149234.0,24674,1002,913,913,100.0,0,119,0,2004.2,2082.7,141679,948504,0,21,578,15.622,33,0,0,0,16,269883,NO_EVALUABLE,0,16.0,LAPTOP-OMI6BJ6L,45a097c1b95bf1ad3f27d32ddffdc4ee8014640d7d379ca3df7bcd8b6f73c49a,b8d9ed2fd9f5011c1e05f5a5f6588b283367d7395a7bcc57ef6887d4ded60e12,60.0,200.0,12,120.0,ventanas,20261012,experimento_oficial_SIM_5D.csv
125,simulacion,SIM_5D,BAJA,78,1296,propio,ventas.202609.txt,ventas.202609.txt,bloqueo.2609.txt,,AG,18,2018,tiempo,2000,60,0,si,urgentes,829,4714,14400.0,240.0,si,,,,116194.0,18466,824,755,755,100.0,0,119,0,2007.6,2074.8,1782,166246,0,360,427,11.541,33,0,0,0,21,253692,NO_EVALUABLE,0,16.0,LAPTOP-OMI6BJ6L,45a097c1b95bf1ad3f27d32ddffdc4ee8014640d7d379ca3df7bcd8b6f73c49a,b8d9ed2fd9f5011c1e05f5a5f6588b283367d7395a7bcc57ef6887d4ded60e12,60.0,200.0,6,120.0,ventanas,20260906,experimento_oficial_SIM_5D.csv
126,simulacion,SIM_5D,MEDIA,98,1296,propio,ventas.202611.txt,ventas.202609.txt,bloqueo.2609.txt,,TABU,7,2007,tiempo,2000,60,0,,urgentes,1128,6294,28311.0,471.85,no,c6031-L4314 (c6031-L4314),,destino bloqueado,78620.0,13188,577,488,489,99.8,0,63,0,2006.0,2071.8,110721,741819,0,24,315,8.514,21,0,0,0,28,138958,NO_EVALUABLE,0,16.0,LAPTOP-OMI6BJ6L,45a097c1b95bf1ad3f27d32ddffdc4ee8014640d7d379ca3df7bcd8b6f73c49a,b8d9ed2fd9f5011c1e05f5a5f6588b283367d7395a7bcc57ef6887d4ded60e12,60.0,200.0,18,63.85,ventanas,20261118,experimento_oficial_SIM_5D.csv
127,simulacion,SIM_5D,MEDIA,98,1296,propio,ventas.202611.txt,ventas.202609.txt,bloqueo.2609.txt,,TABU,3,2003,tiempo,2000,60,0,,urgentes,1035,5843,28311.0,471.85,no,c6031-L4314 (c6031-L4314),,destino bloqueado,144429.0,23751,962,877,878,99.89,0,111,0,2002.4,2058.6,183665,1245289,0,34,554,14.973,27,0,0,0,34,241130,NO_EVALUABLE,0,16.0,LAPTOP-OMI6BJ6L,45a097c1b95bf1ad3f27d32ddffdc4ee8014640d7d379ca3df7bcd8b6f73c49a,b8d9ed2fd9f5011c1e05f5a5f6588b283367d7395a7bcc57ef6887d4ded60e12,60.0,200.0,16,111.85,ventanas,20261116,experimento_oficial_SIM_5D.csv
128,simulacion,SIM_5D,ALTA,115,1296,propio,ventas.202701.txt,ventas.202609.txt,bloqueo.2609.txt,,TABU,3,2003,tiempo,2000,60,0,,urgentes,1370,7465,7966.0,132.7667,no,c5575-L1426 (c5575-L1426),,llegada tardía (planificada),49228.0,8320,448,316,317,99.68,0,37,0,2004.8,2079.9,79422,629906,0,14,200,5.405,14,0,0,0,27,85204,NO_EVALUABLE,0,16.0,LAPTOP-OMI6BJ6L,45a097c1b95bf1ad3f27d32ddffdc4ee8014640d7d379ca3df7bcd8b6f73c49a,b8d9ed2fd9f5011c1e05f5a5f6588b283367d7395a7bcc57ef6887d4ded60e12,60.0,200.0,5,36.7667,ventanas,20270105,experimento_oficial_SIM_5D.csv
129,simulacion,SIM_5D,BAJA,78,1296,propio,ventas.202609.txt,ventas.202609.txt,bloqueo.2609.txt,,AG,34,2034,tiempo,2000,60,0,si,urgentes,895,4881,18720.0,312.0,si,,,,125594.0,20576,892,815,815,100.0,0,119,0,2007.5,2086.7,1443,115448,0,332,470,12.703,31,0,0,0,14,251435,NO_EVALUABLE,0,16.0,LAPTOP-OMI6BJ6L,45a097c1b95bf1ad3f27d32ddffdc4ee8014640d7d379ca3df7bcd8b6f73c49a,b8d9ed2fd9f5011c1e05f5a5f6588b283367d7395a7bcc57ef6887d4ded60e12,60.0,200.0,9,120.0,ventanas,20260909,experimento_oficial_SIM_5D.csv
130,simulacion,SIM_5D,BAJA,78,1296,propio,ventas.202609.txt,ventas.202609.txt,bloqueo.2609.txt,,TABU,32,2032,tiempo,2000,60,0,,urgentes,833,4640,31680.0,528.0,si,,,,123219.0,21106,827,758,758,100.0,0,119,0,2004.2,2096.3,188179,1169443,0,59,488,13.189,40,0,0,0,8,259841,NO_EVALUABLE,0,16.0,LAPTOP-OMI6BJ6L,45a097c1b95bf1ad3f27d32ddffdc4ee8014640d7d379ca3df7bcd8b6f73c49a,b8d9ed2fd9f5011c1e05f5a5f6588b283367d7395a7bcc57ef6887d4ded60e12,60.0,200.0,18,120.0,ventanas,20260918,experimento_oficial_SIM_5D.csv
131,simulacion,SIM_5D,BAJA,78,1296,propio,ventas.202609.txt,ventas.202609.txt,bloqueo.2609.txt,,TABU,5,2005,tiempo,2000,60,0,,urgentes,792,4533,8640.0,144.0,si,,,,112133.0,18385,783,698,698,100.0,0,119,0,2003.1,2079.0,287206,1956859,0,26,426,11.514,29,0,0,0,5,252543,NO_EVALUABLE,0,16.0,LAPTOP-OMI6BJ6L,45a097c1b95bf1ad3f27d32ddffdc4ee8014640d7d379ca3df7bcd8b6f73c49a,b8d9ed2fd9f5011c1e05f5a5f6588b283367d7395a7bcc57ef6887d4ded60e12,60.0,200.0,2,120.0,ventanas,20260902,experimento_oficial_SIM_5D.csv
132,simulacion,SIM_5D,MEDIA,98,1296,propio,ventas.202611.txt,ventas.202609.txt,bloqueo.2609.txt,,TABU,8,2008,tiempo,2000,60,0,,urgentes,1059,5841,10822.0,180.3667,no,c3730-L1547 (c3730-L1547~2),TB07,llegada tardía (a bordo),137549.0,23210,947,839,840,99.88,0,108,0,2003.2,2060.5,173676,1072415,0,31,528,14.27,31,0,0,0,38,237562,NO_EVALUABLE,0,16.0,LAPTOP-OMI6BJ6L,45a097c1b95bf1ad3f27d32ddffdc4ee8014640d7d379ca3df7bcd8b6f73c49a,b8d9ed2fd9f5011c1e05f5a5f6588b283367d7395a7bcc57ef6887d4ded60e12,60.0,200.0,4,108.3667,ventanas,20261104,experimento_oficial_SIM_5D.csv
133,simulacion,SIM_5D,BAJA,78,1296,propio,ventas.202610.txt,ventas.202609.txt,bloqueo.2609.txt,,AG,30,2030,tiempo,2000,60,0,si,urgentes,990,5447,27360.0,456.0,si,,,,143754.0,23218,985,900,900,100.0,0,119,0,2015.5,2151.7,1259,113151,0,226,519,14.027,33,0,0,0,35,262851,NO_EVALUABLE,0,16.0,LAPTOP-OMI6BJ6L,45a097c1b95bf1ad3f27d32ddffdc4ee8014640d7d379ca3df7bcd8b6f73c49a,b8d9ed2fd9f5011c1e05f5a5f6588b283367d7395a7bcc57ef6887d4ded60e12,60.0,200.0,15,120.0,ventanas,20261015,experimento_oficial_SIM_5D.csv
134,simulacion,SIM_5D,BAJA,78,1296,propio,ventas.202609.txt,ventas.202609.txt,bloqueo.2609.txt,,TABU,34,2034,tiempo,2000,60,0,,urgentes,895,4881,18720.0,312.0,si,,,,129133.0,21335,892,811,811,100.0,0,119,0,2005.5,2269.7,233783,1474173,0,38,501,13.541,39,0,0,0,3,251355,NO_EVALUABLE,0,16.0,LAPTOP-OMI6BJ6L,45a097c1b95bf1ad3f27d32ddffdc4ee8014640d7d379ca3df7bcd8b6f73c49a,b8d9ed2fd9f5011c1e05f5a5f6588b283367d7395a7bcc57ef6887d4ded60e12,60.0,200.0,9,120.0,ventanas,20260909,experimento_oficial_SIM_5D.csv
135,simulacion,SIM_5D,BAJA,78,1296,propio,ventas.202610.txt,ventas.202609.txt,bloqueo.2609.txt,,TABU,14,2014,tiempo,2000,60,0,,urgentes,1010,5424,7582.0,126.3667,no,c7742-L969 (c7742-L969),,destino bloqueado,25148.0,4269,255,172,173,99.42,0,30,0,2001.4,2014.8,80343,596890,0,10,112,3.027,8,0,0,0,0,62741,NO_EVALUABLE,0,16.0,LAPTOP-OMI6BJ6L,45a097c1b95bf1ad3f27d32ddffdc4ee8014640d7d379ca3df7bcd8b6f73c49a,b8d9ed2fd9f5011c1e05f5a5f6588b283367d7395a7bcc57ef6887d4ded60e12,60.0,200.0,5,30.3667,ventanas,20261005,experimento_oficial_SIM_5D.csv
136,simulacion,SIM_5D,BAJA,78,1296,propio,ventas.202609.txt,ventas.202609.txt,bloqueo.2609.txt,,TABU,10,2010,tiempo,2000,60,0,,urgentes,819,4649,4059.0,67.65,no,c3299-L424 (c3299-L424),TB02,llegada tardía (a bordo),13024.0,2111,129,90,91,98.9,0,19,0,2004.3,2086.7,101676,749451,0,24,61,1.649,7,0,0,0,0,39308,NO_EVALUABLE,0,16.0,LAPTOP-OMI6BJ6L,45a097c1b95bf1ad3f27d32ddffdc4ee8014640d7d379ca3df7bcd8b6f73c49a,b8d9ed2fd9f5011c1e05f5a5f6588b283367d7395a7bcc57ef6887d4ded60e12,60.0,200.0,3,19.65,ventanas,20260903,experimento_oficial_SIM_5D.csv
137,simulacion,SIM_5D,BAJA,78,1296,propio,ventas.202610.txt,ventas.202609.txt,bloqueo.2609.txt,,TABU,13,2013,tiempo,2000,60,0,,urgentes,1034,5427,7582.0,126.3667,no,c7742-L969 (c7742-L969),,destino bloqueado,56902.0,9646,482,389,390,99.74,0,54,0,2008.1,2094.2,84347,582215,0,19,236,6.378,15,0,0,0,3,120339,NO_EVALUABLE,0,16.0,LAPTOP-OMI6BJ6L,45a097c1b95bf1ad3f27d32ddffdc4ee8014640d7d379ca3df7bcd8b6f73c49a,b8d9ed2fd9f5011c1e05f5a5f6588b283367d7395a7bcc57ef6887d4ded60e12,60.0,200.0,4,54.3667,ventanas,20261004,experimento_oficial_SIM_5D.csv
138,simulacion,SIM_5D,ALTA,115,1296,propio,ventas.202701.txt,ventas.202609.txt,bloqueo.2609.txt,,AG,10,2010,tiempo,2000,60,0,si,urgentes,1277,7088,25920.0,432.0,si,,,,191524.0,31816,1265,1138,1138,100.0,0,119,0,2111.6,2463.1,408,51801,0,168,723,19.541,35,0,0,0,80,303695,NO_EVALUABLE,1,16.0,LAPTOP-OMI6BJ6L,45a097c1b95bf1ad3f27d32ddffdc4ee8014640d7d379ca3df7bcd8b6f73c49a,b8d9ed2fd9f5011c1e05f5a5f6588b283367d7395a7bcc57ef6887d4ded60e12,60.0,200.0,14,120.0,ventanas,20270114,experimento_oficial_SIM_5D.csv
139,simulacion,SIM_5D,BAJA,78,1296,propio,ventas.202609.txt,ventas.202609.txt,bloqueo.2609.txt,,AG,32,2032,tiempo,2000,60,0,si,urgentes,833,4640,31680.0,528.0,si,,,,114677.0,19221,827,763,763,100.0,0,119,0,2009.8,2085.2,1666,135792,0,393,449,12.135,24,0,0,0,10,256433,NO_EVALUABLE,0,16.0,LAPTOP-OMI6BJ6L,45a097c1b95bf1ad3f27d32ddffdc4ee8014640d7d379ca3df7bcd8b6f73c49a,b8d9ed2fd9f5011c1e05f5a5f6588b283367d7395a7bcc57ef6887d4ded60e12,60.0,200.0,18,120.0,ventanas,20260918,experimento_oficial_SIM_5D.csv
140,simulacion,SIM_5D,ALTA,115,1296,propio,ventas.202702.txt,ventas.202609.txt,bloqueo.2609.txt,,TABU,2,2002,tiempo,2000,60,0,,urgentes,1374,7618,16095.0,268.25,no,c0635-L3086 (c0635-L3086),,llegada tardía (planificada),75397.0,12496,601,447,448,99.78,0,53,0,2002.7,2048.2,90160,759319,0,11,295,7.973,16,0,0,0,32,130196,NO_EVALUABLE,0,16.0,LAPTOP-OMI6BJ6L,45a097c1b95bf1ad3f27d32ddffdc4ee8014640d7d379ca3df7bcd8b6f73c49a,b8d9ed2fd9f5011c1e05f5a5f6588b283367d7395a7bcc57ef6887d4ded60e12,60.0,200.0,10,52.25,ventanas,20270210,experimento_oficial_SIM_5D.csv
141,simulacion,SIM_5D,MEDIA,98,1296,propio,ventas.202611.txt,ventas.202609.txt,bloqueo.2609.txt,,TABU,15,2015,tiempo,2000,60,0,,urgentes,1212,6531,23040.0,384.0,si,,,,182495.0,30542,1205,1121,1121,100.0,0,119,0,2003.8,2071.1,109621,734627,0,31,685,18.514,36,0,0,0,74,285367,NO_EVALUABLE,0,16.0,LAPTOP-OMI6BJ6L,45a097c1b95bf1ad3f27d32ddffdc4ee8014640d7d379ca3df7bcd8b6f73c49a,b8d9ed2fd9f5011c1e05f5a5f6588b283367d7395a7bcc57ef6887d4ded60e12,60.0,200.0,12,120.0,ventanas,20261112,experimento_oficial_SIM_5D.csv
142,simulacion,SIM_5D,MEDIA,98,1296,propio,ventas.202612.txt,ventas.202609.txt,bloqueo.2609.txt,,TABU,22,2022,tiempo,2000,60,0,,urgentes,1102,6080,18720.0,312.0,si,,,,163300.0,26652,1088,989,989,100.0,0,119,0,2006.5,2080.7,158762,1004761,0,71,597,16.135,34,0,0,0,46,267749,NO_EVALUABLE,0,16.0,LAPTOP-OMI6BJ6L,45a097c1b95bf1ad3f27d32ddffdc4ee8014640d7d379ca3df7bcd8b6f73c49a,b8d9ed2fd9f5011c1e05f5a5f6588b283367d7395a7bcc57ef6887d4ded60e12,60.0,200.0,9,120.0,ventanas,20261209,experimento_oficial_SIM_5D.csv
143,simulacion,SIM_5D,MEDIA,98,1296,propio,ventas.202611.txt,ventas.202609.txt,bloqueo.2609.txt,,TABU,10,2010,tiempo,2000,60,0,,urgentes,1215,6566,17161.0,286.0167,no,c4269-L2555 (c4269-L2555),,destino bloqueado,90692.0,14680,682,563,564,99.82,0,70,0,2001.8,2023.1,97370,669411,0,19,353,9.541,22,0,0,0,13,160626,NO_EVALUABLE,0,16.0,LAPTOP-OMI6BJ6L,45a097c1b95bf1ad3f27d32ddffdc4ee8014640d7d379ca3df7bcd8b6f73c49a,b8d9ed2fd9f5011c1e05f5a5f6588b283367d7395a7bcc57ef6887d4ded60e12,60.0,200.0,10,70.0167,ventanas,20261110,experimento_oficial_SIM_5D.csv
144,simulacion,SIM_5D,BAJA,78,1296,propio,ventas.202609.txt,ventas.202609.txt,bloqueo.2609.txt,,AG,6,2006,tiempo,2000,60,0,si,urgentes,991,5378,38880.0,648.0,si,,,,139226.0,23145,979,895,895,100.0,0,120,0,2012.7,2060.8,1535,171794,0,201,531,14.351,44,0,0,0,22,265354,NO_EVALUABLE,0,16.0,LAPTOP-OMI6BJ6L,45a097c1b95bf1ad3f27d32ddffdc4ee8014640d7d379ca3df7bcd8b6f73c49a,b8d9ed2fd9f5011c1e05f5a5f6588b283367d7395a7bcc57ef6887d4ded60e12,60.0,200.0,23,120.0,ventanas,20260923,experimento_oficial_SIM_5D.csv
145,simulacion,SIM_5D,BAJA,78,1296,propio,ventas.202609.txt,ventas.202609.txt,bloqueo.2609.txt,,TABU,36,2036,tiempo,2000,60,0,,urgentes,847,4663,11341.0,189.0167,no,c5160-L1238 (c5160-L1238),,llegada tardía (planificada),11516.0,1946,128,80,81,98.77,0,21,0,2000.7,2018.5,89381,680484,0,11,57,1.541,4,0,0,0,0,43438,NO_EVALUABLE,0,16.0,LAPTOP-OMI6BJ6L,45a097c1b95bf1ad3f27d32ddffdc4ee8014640d7d379ca3df7bcd8b6f73c49a,b8d9ed2fd9f5011c1e05f5a5f6588b283367d7395a7bcc57ef6887d4ded60e12,60.0,200.0,8,21.0167,ventanas,20260908,experimento_oficial_SIM_5D.csv
146,simulacion,SIM_5D,BAJA,78,1296,propio,ventas.202609.txt,ventas.202609.txt,bloqueo.2609.txt,,AG,5,2005,tiempo,2000,60,0,si,urgentes,792,4533,8640.0,144.0,si,,,,105492.0,17201,783,701,701,100.0,0,119,0,2010.3,2086.8,2993,300377,0,359,406,10.973,25,0,0,0,12,252925,NO_EVALUABLE,0,16.0,LAPTOP-OMI6BJ6L,45a097c1b95bf1ad3f27d32ddffdc4ee8014640d7d379ca3df7bcd8b6f73c49a,b8d9ed2fd9f5011c1e05f5a5f6588b283367d7395a7bcc57ef6887d4ded60e12,60.0,200.0,2,120.0,ventanas,20260902,experimento_oficial_SIM_5D.csv
147,simulacion,SIM_5D,ALTA,115,1296,propio,ventas.202702.txt,ventas.202609.txt,bloqueo.2609.txt,,TABU,22,2022,tiempo,2000,60,0,,urgentes,1329,7650,3737.0,62.2833,no,c6321-L636 (c6321-L636),,destino bloqueado,88284.0,14628,683,544,545,99.82,0,62,0,2004.0,2071.3,76648,541126,0,33,350,9.459,19,0,0,0,54,148040,NO_EVALUABLE,0,16.0,LAPTOP-OMI6BJ6L,45a097c1b95bf1ad3f27d32ddffdc4ee8014640d7d379ca3df7bcd8b6f73c49a,b8d9ed2fd9f5011c1e05f5a5f6588b283367d7395a7bcc57ef6887d4ded60e12,60.0,200.0,1,62.2833,ventanas,20270201,experimento_oficial_SIM_5D.csv
148,simulacion,SIM_5D,BAJA,78,1296,propio,ventas.202609.txt,ventas.202609.txt,bloqueo.2609.txt,,TABU,22,2022,tiempo,2000,60,0,,urgentes,885,4750,19910.0,331.8333,no,c8839-L2249 (c8839-L2249),,llegada tardía (planificada),60574.0,10108,485,399,400,99.75,0,67,0,2005.3,2086.4,167026,1225461,0,23,239,6.459,20,0,0,0,0,141650,NO_EVALUABLE,0,16.0,LAPTOP-OMI6BJ6L,45a097c1b95bf1ad3f27d32ddffdc4ee8014640d7d379ca3df7bcd8b6f73c49a,b8d9ed2fd9f5011c1e05f5a5f6588b283367d7395a7bcc57ef6887d4ded60e12,60.0,200.0,12,67.8333,ventanas,20260912,experimento_oficial_SIM_5D.csv
149,simulacion,SIM_5D,BAJA,78,1296,propio,ventas.202609.txt,ventas.202609.txt,bloqueo.2609.txt,,TABU,25,2025,tiempo,2000,60,0,,urgentes,931,5199,36000.0,600.0,si,,,,138625.0,23146,925,828,828,100.0,0,119,0,2004.0,2061.7,172316,1113883,0,24,536,14.486,38,0,0,0,16,265429,NO_EVALUABLE,0,16.0,LAPTOP-OMI6BJ6L,45a097c1b95bf1ad3f27d32ddffdc4ee8014640d7d379ca3df7bcd8b6f73c49a,b8d9ed2fd9f5011c1e05f5a5f6588b283367d7395a7bcc57ef6887d4ded60e12,60.0,200.0,21,120.0,ventanas,20260921,experimento_oficial_SIM_5D.csv
150,simulacion,SIM_5D,MEDIA,98,1296,propio,ventas.202612.txt,ventas.202609.txt,bloqueo.2609.txt,,TABU,32,2032,tiempo,2000,60,0,,urgentes,1302,7090,25920.0,432.0,si,,,,189265.0,31767,1282,1166,1166,100.0,0,119,0,2004.7,2076.2,123000,817685,0,48,724,19.568,40,0,0,0,66,285636,NO_EVALUABLE,0,16.0,LAPTOP-OMI6BJ6L,45a097c1b95bf1ad3f27d32ddffdc4ee8014640d7d379ca3df7bcd8b6f73c49a,b8d9ed2fd9f5011c1e05f5a5f6588b283367d7395a7bcc57ef6887d4ded60e12,60.0,200.0,14,120.0,ventanas,20261214,experimento_oficial_SIM_5D.csv
151,simulacion,SIM_5D,MEDIA,98,1296,propio,ventas.202611.txt,ventas.202609.txt,bloqueo.2609.txt,,TABU,26,2026,tiempo,2000,60,0,,urgentes,1184,6452,18016.0,300.2667,no,c4129-L2705 (c4129-L2705~1),,llegada tardía (planificada),151779.0,25545,1044,934,935,99.89,0,108,0,2004.2,2069.6,116590,769411,0,15,582,15.73,31,0,0,0,45,253831,NO_EVALUABLE,1,16.0,LAPTOP-OMI6BJ6L,45a097c1b95bf1ad3f27d32ddffdc4ee8014640d7d379ca3df7bcd8b6f73c49a,b8d9ed2fd9f5011c1e05f5a5f6588b283367d7395a7bcc57ef6887d4ded60e12,60.0,200.0,9,108.2667,ventanas,20261109,experimento_oficial_SIM_5D.csv
152,simulacion,SIM_5D,BAJA,78,1296,propio,ventas.202610.txt,ventas.202609.txt,bloqueo.2609.txt,,AG,39,2039,tiempo,2000,60,0,si,urgentes,978,5469,25522.0,425.3667,no,c2478-L3446 (c2478-L3446),,destino bloqueado,132740.0,21617,918,849,850,99.88,0,113,0,2020.7,2230.8,1123,103018,0,291,498,13.459,30,0,0,0,29,251553,NO_EVALUABLE,0,16.0,LAPTOP-OMI6BJ6L,45a097c1b95bf1ad3f27d32ddffdc4ee8014640d7d379ca3df7bcd8b6f73c49a,b8d9ed2fd9f5011c1e05f5a5f6588b283367d7395a7bcc57ef6887d4ded60e12,60.0,200.0,14,113.3667,ventanas,20261014,experimento_oficial_SIM_5D.csv
153,simulacion,SIM_5D,ALTA,115,1296,propio,ventas.202701.txt,ventas.202609.txt,bloqueo.2609.txt,,TABU,27,2027,tiempo,2000,60,0,,urgentes,1335,7255,16960.0,282.6667,no,c1958-L3064 (c1958-L3064),,llegada tardía (planificada),145974.0,24613,1015,895,896,99.89,0,90,0,2005.0,2100.4,72756,521539,0,31,571,15.432,29,0,0,0,54,238066,NO_EVALUABLE,0,16.0,LAPTOP-OMI6BJ6L,45a097c1b95bf1ad3f27d32ddffdc4ee8014640d7d379ca3df7bcd8b6f73c49a,b8d9ed2fd9f5011c1e05f5a5f6588b283367d7395a7bcc57ef6887d4ded60e12,60.0,200.0,9,90.6667,ventanas,20270109,experimento_oficial_SIM_5D.csv
154,simulacion,SIM_5D,BAJA,78,1296,propio,ventas.202609.txt,ventas.202609.txt,bloqueo.2609.txt,,TABU,1,2001,tiempo,2000,60,0,,urgentes,912,4890,24480.0,408.0,si,,,,127598.0,21352,910,825,825,100.0,0,119,0,2003.3,2066.5,189258,1247005,0,27,510,13.784,34,0,0,0,20,260626,NO_EVALUABLE,0,16.0,LAPTOP-OMI6BJ6L,45a097c1b95bf1ad3f27d32ddffdc4ee8014640d7d379ca3df7bcd8b6f73c49a,b8d9ed2fd9f5011c1e05f5a5f6588b283367d7395a7bcc57ef6887d4ded60e12,60.0,200.0,13,120.0,ventanas,20260913,experimento_oficial_SIM_5D.csv
155,simulacion,SIM_5D,BAJA,78,1296,propio,ventas.202609.txt,ventas.202609.txt,bloqueo.2609.txt,,AG,15,2015,tiempo,2000,60,0,si,urgentes,810,4530,12960.0,216.0,si,,,,114471.0,18355,800,739,739,100.0,0,119,0,2011.2,2120.7,1842,168207,0,381,421,11.378,36,0,0,0,21,255960,NO_EVALUABLE,0,16.0,LAPTOP-OMI6BJ6L,45a097c1b95bf1ad3f27d32ddffdc4ee8014640d7d379ca3df7bcd8b6f73c49a,b8d9ed2fd9f5011c1e05f5a5f6588b283367d7395a7bcc57ef6887d4ded60e12,60.0,200.0,5,120.0,ventanas,20260905,experimento_oficial_SIM_5D.csv
156,simulacion,SIM_5D,BAJA,78,1296,propio,ventas.202609.txt,ventas.202609.txt,bloqueo.2609.txt,,AG,25,2025,tiempo,2000,60,0,si,urgentes,931,5199,36000.0,600.0,si,,,,134345.0,22305,925,837,837,100.0,0,119,0,2020.5,2150.3,1246,110531,0,217,514,13.892,30,0,0,0,16,265001,NO_EVALUABLE,0,16.0,LAPTOP-OMI6BJ6L,45a097c1b95bf1ad3f27d32ddffdc4ee8014640d7d379ca3df7bcd8b6f73c49a,b8d9ed2fd9f5011c1e05f5a5f6588b283367d7395a7bcc57ef6887d4ded60e12,60.0,200.0,21,120.0,ventanas,20260921,experimento_oficial_SIM_5D.csv
157,simulacion,SIM_5D,MEDIA,98,1296,propio,ventas.202611.txt,ventas.202609.txt,bloqueo.2609.txt,,AG,1,2001,tiempo,2000,60,0,si,urgentes,1112,6118,25920.0,432.0,si,,,,160942.0,26559,1106,1014,1014,100.0,0,119,0,2025.7,2256.6,704,60542,0,306,614,16.595,32,0,0,0,50,265271,NO_EVALUABLE,0,16.0,LAPTOP-OMI6BJ6L,45a097c1b95bf1ad3f27d32ddffdc4ee8014640d7d379ca3df7bcd8b6f73c49a,b8d9ed2fd9f5011c1e05f5a5f6588b283367d7395a7bcc57ef6887d4ded60e12,60.0,200.0,14,120.0,ventanas,20261114,experimento_oficial_SIM_5D.csv
158,simulacion,SIM_5D,ALTA,115,1296,propio,ventas.202701.txt,ventas.202609.txt,bloqueo.2609.txt,,TABU,5,2005,tiempo,2000,60,0,,urgentes,1252,6929,23040.0,384.0,si,,,,187225.0,31236,1240,1120,1120,100.0,0,119,0,2003.3,2075.7,93359,615013,0,52,718,19.405,39,0,0,0,71,293452,NO_EVALUABLE,1,16.0,LAPTOP-OMI6BJ6L,45a097c1b95bf1ad3f27d32ddffdc4ee8014640d7d379ca3df7bcd8b6f73c49a,b8d9ed2fd9f5011c1e05f5a5f6588b283367d7395a7bcc57ef6887d4ded60e12,60.0,200.0,12,120.0,ventanas,20270112,experimento_oficial_SIM_5D.csv
159,simulacion,SIM_5D,ALTA,115,1296,propio,ventas.202702.txt,ventas.202609.txt,bloqueo.2609.txt,,AG,22,2022,tiempo,2000,60,0,si,urgentes,1329,7650,3737.0,62.2833,no,c6321-L636 (c6321-L636),,destino bloqueado,84666.0,14139,683,543,544,99.82,0,62,0,2093.2,2446.7,512,49628,0,93,336,9.081,16,0,0,0,44,153897,NO_EVALUABLE,0,16.0,LAPTOP-OMI6BJ6L,45a097c1b95bf1ad3f27d32ddffdc4ee8014640d7d379ca3df7bcd8b6f73c49a,b8d9ed2fd9f5011c1e05f5a5f6588b283367d7395a7bcc57ef6887d4ded60e12,60.0,200.0,1,62.2833,ventanas,20270201,experimento_oficial_SIM_5D.csv
160,simulacion,SIM_5D,MEDIA,98,1296,propio,ventas.202612.txt,ventas.202609.txt,bloqueo.2609.txt,,AG,25,2025,tiempo,2000,60,0,si,urgentes,1304,6959,28800.0,480.0,si,,,,182392.0,30593,1292,1159,1159,100.0,0,119,0,2104.6,2444.3,491,51222,0,125,689,18.622,34,0,0,0,63,301344,NO_EVALUABLE,0,16.0,LAPTOP-OMI6BJ6L,45a097c1b95bf1ad3f27d32ddffdc4ee8014640d7d379ca3df7bcd8b6f73c49a,b8d9ed2fd9f5011c1e05f5a5f6588b283367d7395a7bcc57ef6887d4ded60e12,60.0,200.0,16,120.0,ventanas,20261216,experimento_oficial_SIM_5D.csv
161,simulacion,SIM_5D,BAJA,78,1296,propio,ventas.202609.txt,ventas.202609.txt,bloqueo.2609.txt,,TABU,6,2006,tiempo,2000,60,0,,urgentes,991,5378,38880.0,648.0,si,,,,143575.0,24195,979,892,892,100.0,0,120,0,2002.9,2081.9,165331,1163577,0,12,560,15.135,35,0,0,0,19,264830,NO_EVALUABLE,0,16.0,LAPTOP-OMI6BJ6L,45a097c1b95bf1ad3f27d32ddffdc4ee8014640d7d379ca3df7bcd8b6f73c49a,b8d9ed2fd9f5011c1e05f5a5f6588b283367d7395a7bcc57ef6887d4ded60e12,60.0,200.0,23,120.0,ventanas,20260923,experimento_oficial_SIM_5D.csv
162,simulacion,SIM_5D,BAJA,78,1296,propio,ventas.202610.txt,ventas.202609.txt,bloqueo.2609.txt,,TABU,39,2039,tiempo,2000,60,0,,urgentes,978,5469,25920.0,432.0,si,,,,142066.0,23464,972,878,878,100.0,0,119,0,2005.0,2088.9,157097,1038548,0,33,570,15.405,33,0,0,0,8,265427,NO_EVALUABLE,0,16.0,LAPTOP-OMI6BJ6L,45a097c1b95bf1ad3f27d32ddffdc4ee8014640d7d379ca3df7bcd8b6f73c49a,b8d9ed2fd9f5011c1e05f5a5f6588b283367d7395a7bcc57ef6887d4ded60e12,60.0,200.0,14,120.0,ventanas,20261014,experimento_oficial_SIM_5D.csv
163,simulacion,SIM_5D,BAJA,78,1296,propio,ventas.202610.txt,ventas.202609.txt,bloqueo.2609.txt,,AG,14,2014,tiempo,2000,60,0,si,urgentes,1010,5424,7582.0,126.3667,no,c7742-L969 (c7742-L969),TA03,destino bloqueado,24448.0,3851,255,180,181,99.45,0,30,0,2002.1,2032.3,668,59376,0,78,95,2.568,6,0,0,0,0,62509,NO_EVALUABLE,0,16.0,LAPTOP-OMI6BJ6L,45a097c1b95bf1ad3f27d32ddffdc4ee8014640d7d379ca3df7bcd8b6f73c49a,b8d9ed2fd9f5011c1e05f5a5f6588b283367d7395a7bcc57ef6887d4ded60e12,60.0,200.0,5,30.3667,ventanas,20261005,experimento_oficial_SIM_5D.csv
164,simulacion,SIM_5D,MEDIA,98,1296,propio,ventas.202612.txt,ventas.202609.txt,bloqueo.2609.txt,,AG,2,2002,tiempo,2000,60,0,si,urgentes,1238,6657,30240.0,504.0,si,,,,182300.0,31084,1232,1131,1131,100.0,0,120,0,2081.0,2320.3,1189,123831,0,94,689,18.622,36,0,0,0,45,294731,NO_EVALUABLE,0,16.0,LAPTOP-OMI6BJ6L,45a097c1b95bf1ad3f27d32ddffdc4ee8014640d7d379ca3df7bcd8b6f73c49a,b8d9ed2fd9f5011c1e05f5a5f6588b283367d7395a7bcc57ef6887d4ded60e12,60.0,200.0,17,120.0,ventanas,20261217,experimento_oficial_SIM_5D.csv
165,simulacion,SIM_5D,BAJA,78,1296,propio,ventas.202610.txt,ventas.202609.txt,bloqueo.2609.txt,,AG,3,2003,tiempo,2000,60,0,si,urgentes,929,5204,30240.0,504.0,si,,,,131460.0,21409,923,857,857,100.0,0,120,0,2009.6,2087.5,2110,213942,0,371,510,13.784,29,0,0,0,17,258308,NO_EVALUABLE,0,16.0,LAPTOP-OMI6BJ6L,45a097c1b95bf1ad3f27d32ddffdc4ee8014640d7d379ca3df7bcd8b6f73c49a,b8d9ed2fd9f5011c1e05f5a5f6588b283367d7395a7bcc57ef6887d4ded60e12,60.0,200.0,17,120.0,ventanas,20261017,experimento_oficial_SIM_5D.csv
166,simulacion,SIM_5D,MEDIA,98,1296,propio,ventas.202612.txt,ventas.202609.txt,bloqueo.2609.txt,,TABU,31,2031,tiempo,2000,60,0,,urgentes,1165,6536,9829.0,163.8167,no,c8081-L1391 (c8081-L1391~1),,llegada tardía (planificada),129069.0,21454,896,772,773,99.87,0,91,0,2004.7,2080.8,126418,811821,0,33,487,13.162,29,0,0,0,54,204663,NO_EVALUABLE,0,16.0,LAPTOP-OMI6BJ6L,45a097c1b95bf1ad3f27d32ddffdc4ee8014640d7d379ca3df7bcd8b6f73c49a,b8d9ed2fd9f5011c1e05f5a5f6588b283367d7395a7bcc57ef6887d4ded60e12,60.0,200.0,4,91.8167,ventanas,20261204,experimento_oficial_SIM_5D.csv
167,simulacion,SIM_5D,BAJA,78,1296,propio,ventas.202610.txt,ventas.202609.txt,bloqueo.2609.txt,,AG,12,2012,tiempo,2000,60,0,si,urgentes,886,4932,33120.0,552.0,si,,,,124967.0,20169,877,811,811,100.0,0,119,0,2009.4,2081.8,1408,141875,0,377,468,12.649,32,0,0,0,21,252591,NO_EVALUABLE,0,16.0,LAPTOP-OMI6BJ6L,45a097c1b95bf1ad3f27d32ddffdc4ee8014640d7d379ca3df7bcd8b6f73c49a,b8d9ed2fd9f5011c1e05f5a5f6588b283367d7395a7bcc57ef6887d4ded60e12,60.0,200.0,19,120.0,ventanas,20261019,experimento_oficial_SIM_5D.csv
168,simulacion,SIM_5D,ALTA,115,1296,propio,ventas.202702.txt,ventas.202609.txt,bloqueo.2609.txt,,TABU,4,2004,tiempo,2000,60,0,,urgentes,1445,8235,8423.0,140.3833,no,c7061-L1549 (c7061-L1549),,llegada tardía (planificada),59724.0,9847,512,362,363,99.72,0,45,0,2003.9,2061.0,97816,686625,0,20,242,6.541,15,0,0,0,25,107475,NO_EVALUABLE,0,16.0,LAPTOP-OMI6BJ6L,45a097c1b95bf1ad3f27d32ddffdc4ee8014640d7d379ca3df7bcd8b6f73c49a,b8d9ed2fd9f5011c1e05f5a5f6588b283367d7395a7bcc57ef6887d4ded60e12,60.0,200.0,5,44.3833,ventanas,20270205,experimento_oficial_SIM_5D.csv
169,simulacion,SIM_5D,ALTA,115,1296,propio,ventas.202702.txt,ventas.202609.txt,bloqueo.2609.txt,,TABU,18,2018,tiempo,2000,60,0,,urgentes,1371,7562,15642.0,260.7,no,c8209-L2987 (c8209-L2987),,llegada tardía (planificada),151704.0,25344,1067,912,913,99.89,0,93,0,2005.2,2082.1,104643,779434,0,11,588,15.892,32,0,0,0,79,229277,NO_EVALUABLE,0,16.0,LAPTOP-OMI6BJ6L,45a097c1b95bf1ad3f27d32ddffdc4ee8014640d7d379ca3df7bcd8b6f73c49a,b8d9ed2fd9f5011c1e05f5a5f6588b283367d7395a7bcc57ef6887d4ded60e12,60.0,200.0,8,92.7,ventanas,20270208,experimento_oficial_SIM_5D.csv
170,simulacion,SIM_5D,BAJA,78,1296,propio,ventas.202610.txt,ventas.202609.txt,bloqueo.2609.txt,,AG,38,2038,tiempo,2000,60,0,si,urgentes,1003,5555,21600.0,360.0,si,,,,144654.0,23264,997,913,913,100.0,0,119,0,2030.5,2163.5,1357,120001,0,277,536,14.486,29,0,0,0,26,272037,NO_EVALUABLE,0,16.0,LAPTOP-OMI6BJ6L,45a097c1b95bf1ad3f27d32ddffdc4ee8014640d7d379ca3df7bcd8b6f73c49a,b8d9ed2fd9f5011c1e05f5a5f6588b283367d7395a7bcc57ef6887d4ded60e12,60.0,200.0,11,120.0,ventanas,20261011,experimento_oficial_SIM_5D.csv
171,simulacion,SIM_5D,MEDIA,98,1296,propio,ventas.202611.txt,ventas.202609.txt,bloqueo.2609.txt,,TABU,14,2014,tiempo,2000,60,0,,urgentes,1101,6115,28311.0,471.85,no,c6031-L4314 (c6031-L4314),TA06,destino bloqueado,112494.0,18800,767,691,692,99.86,0,87,0,2005.6,2083.0,152384,966712,0,35,442,11.946,26,0,0,0,32,189930,NO_EVALUABLE,0,16.0,LAPTOP-OMI6BJ6L,45a097c1b95bf1ad3f27d32ddffdc4ee8014640d7d379ca3df7bcd8b6f73c49a,b8d9ed2fd9f5011c1e05f5a5f6588b283367d7395a7bcc57ef6887d4ded60e12,60.0,200.0,17,87.85,ventanas,20261117,experimento_oficial_SIM_5D.csv
172,simulacion,SIM_5D,BAJA,78,1296,propio,ventas.202609.txt,ventas.202609.txt,bloqueo.2609.txt,,AG,36,2036,tiempo,2000,60,0,si,urgentes,847,4663,17280.0,288.0,si,,,,118997.0,19295,842,771,771,100.0,0,119,0,2009.3,2079.0,2305,177961,0,210,461,12.459,31,0,0,0,13,251345,NO_EVALUABLE,0,16.0,LAPTOP-OMI6BJ6L,45a097c1b95bf1ad3f27d32ddffdc4ee8014640d7d379ca3df7bcd8b6f73c49a,b8d9ed2fd9f5011c1e05f5a5f6588b283367d7395a7bcc57ef6887d4ded60e12,60.0,200.0,8,120.0,ventanas,20260908,experimento_oficial_SIM_5D.csv
173,simulacion,SIM_5D,BAJA,78,1296,propio,ventas.202609.txt,ventas.202609.txt,bloqueo.2609.txt,,TABU,18,2018,tiempo,2000,60,0,,urgentes,829,4714,14400.0,240.0,si,,,,120495.0,19755,824,752,752,100.0,0,119,0,2004.0,2073.9,203372,1370301,0,38,467,12.622,29,0,0,0,18,257193,NO_EVALUABLE,0,16.0,LAPTOP-OMI6BJ6L,45a097c1b95bf1ad3f27d32ddffdc4ee8014640d7d379ca3df7bcd8b6f73c49a,b8d9ed2fd9f5011c1e05f5a5f6588b283367d7395a7bcc57ef6887d4ded60e12,60.0,200.0,6,120.0,ventanas,20260906,experimento_oficial_SIM_5D.csv
174,simulacion,SIM_5D,MEDIA,98,1296,propio,ventas.202611.txt,ventas.202609.txt,bloqueo.2609.txt,,AG,18,2018,tiempo,2000,60,0,si,urgentes,1146,6266,17161.0,286.0167,no,c4269-L2555 (c4269-L2555),TA03,destino bloqueado,160573.0,26666,1119,1004,1005,99.9,0,118,0,2030.7,2277.7,903,72611,0,124,620,16.757,33,0,0,0,51,269601,NO_EVALUABLE,1,16.0,LAPTOP-OMI6BJ6L,45a097c1b95bf1ad3f27d32ddffdc4ee8014640d7d379ca3df7bcd8b6f73c49a,b8d9ed2fd9f5011c1e05f5a5f6588b283367d7395a7bcc57ef6887d4ded60e12,60.0,200.0,8,118.0167,ventanas,20261108,experimento_oficial_SIM_5D.csv
175,simulacion,SIM_5D,MEDIA,98,1296,propio,ventas.202612.txt,ventas.202609.txt,bloqueo.2609.txt,,TABU,24,2024,tiempo,2000,60,0,,urgentes,1222,6719,23040.0,384.0,si,,,,178355.0,29538,1214,1075,1075,100.0,0,119,0,2006.0,2080.1,133626,863551,0,22,677,18.297,37,0,0,0,62,279259,NO_EVALUABLE,0,16.0,LAPTOP-OMI6BJ6L,45a097c1b95bf1ad3f27d32ddffdc4ee8014640d7d379ca3df7bcd8b6f73c49a,b8d9ed2fd9f5011c1e05f5a5f6588b283367d7395a7bcc57ef6887d4ded60e12,60.0,200.0,12,120.0,ventanas,20261212,experimento_oficial_SIM_5D.csv
176,simulacion,SIM_5D,ALTA,115,1296,propio,ventas.202702.txt,ventas.202609.txt,bloqueo.2609.txt,,TABU,15,2015,tiempo,2000,60,0,,urgentes,1341,7440,15103.0,251.7167,no,c0612-L2861 (c0612-L2861~1),TA08,llegada tardía (a bordo),86650.0,14631,658,513,514,99.81,0,59,0,2003.0,2072.8,63931,452099,0,14,347,9.378,20,0,0,0,18,144571,NO_EVALUABLE,0,16.0,LAPTOP-OMI6BJ6L,45a097c1b95bf1ad3f27d32ddffdc4ee8014640d7d379ca3df7bcd8b6f73c49a,b8d9ed2fd9f5011c1e05f5a5f6588b283367d7395a7bcc57ef6887d4ded60e12,60.0,200.0,9,59.7167,ventanas,20270209,experimento_oficial_SIM_5D.csv
177,simulacion,SIM_5D,ALTA,115,1296,propio,ventas.202701.txt,ventas.202609.txt,bloqueo.2609.txt,,TABU,13,2013,tiempo,2000,60,0,,urgentes,1283,6903,14699.0,244.9833,no,c3275-L2661 (c3275-L2661~2),TA10,llegada tardía (a bordo),146500.0,24471,1068,929,930,99.89,0,100,0,2005.8,2088.9,93843,631787,0,30,590,15.946,30,0,0,0,54,255363,NO_EVALUABLE,0,16.0,LAPTOP-OMI6BJ6L,45a097c1b95bf1ad3f27d32ddffdc4ee8014640d7d379ca3df7bcd8b6f73c49a,b8d9ed2fd9f5011c1e05f5a5f6588b283367d7395a7bcc57ef6887d4ded60e12,60.0,200.0,7,100.9833,ventanas,20270107,experimento_oficial_SIM_5D.csv
178,simulacion,SIM_5D,ALTA,115,1296,propio,ventas.202702.txt,ventas.202609.txt,bloqueo.2609.txt,,AG,19,2019,tiempo,2000,60,0,si,urgentes,1437,8069,9621.0,160.35,no,c4925-L1813 (c4925-L1813),,llegada tardía (planificada),64950.0,10724,534,362,363,99.72,0,40,0,2168.6,2552.2,192,22858,0,58,256,6.919,14,0,0,0,50,109676,NO_EVALUABLE,0,16.0,LAPTOP-OMI6BJ6L,45a097c1b95bf1ad3f27d32ddffdc4ee8014640d7d379ca3df7bcd8b6f73c49a,b8d9ed2fd9f5011c1e05f5a5f6588b283367d7395a7bcc57ef6887d4ded60e12,60.0,200.0,6,40.35,ventanas,20270206,experimento_oficial_SIM_5D.csv
179,simulacion,SIM_5D,BAJA,78,1296,propio,ventas.202610.txt,ventas.202609.txt,bloqueo.2609.txt,,TABU,3,2003,tiempo,2000,60,0,,urgentes,929,5204,29155.0,485.9167,no,c4704-L3903 (c4704-L3903),,destino bloqueado,112752.0,18475,798,715,716,99.86,0,102,0,2003.6,2084.6,189425,1326341,0,23,442,11.946,34,0,0,0,13,221683,NO_EVALUABLE,0,16.0,LAPTOP-OMI6BJ6L,45a097c1b95bf1ad3f27d32ddffdc4ee8014640d7d379ca3df7bcd8b6f73c49a,b8d9ed2fd9f5011c1e05f5a5f6588b283367d7395a7bcc57ef6887d4ded60e12,60.0,200.0,17,101.9167,ventanas,20261017,experimento_oficial_SIM_5D.csv
180,simulacion,SIM_5D,BAJA,78,1296,propio,ventas.202610.txt,ventas.202609.txt,bloqueo.2609.txt,,TABU,31,2031,tiempo,2000,60,0,,urgentes,984,5281,7582.0,126.3667,no,c7742-L969 (c7742-L969),,destino bloqueado,3130.0,487,52,18,19,94.74,0,6,0,2000.9,2006.3,37785,398010,0,16,19,0.514,2,0,0,0,0,12156,NO_EVALUABLE,0,16.0,LAPTOP-OMI6BJ6L,45a097c1b95bf1ad3f27d32ddffdc4ee8014640d7d379ca3df7bcd8b6f73c49a,b8d9ed2fd9f5011c1e05f5a5f6588b283367d7395a7bcc57ef6887d4ded60e12,60.0,200.0,6,6.3667,ventanas,20261006,experimento_oficial_SIM_5D.csv
181,simulacion,SIM_5D,MEDIA,98,1296,propio,ventas.202611.txt,ventas.202609.txt,bloqueo.2609.txt,,AG,29,2029,tiempo,2000,60,0,si,urgentes,1148,6283,24480.0,408.0,si,,,,173821.0,29051,1140,1056,1056,100.0,0,120,0,2049.8,2291.1,1455,99495,0,158,659,17.811,38,0,0,0,59,282368,NO_EVALUABLE,0,16.0,LAPTOP-OMI6BJ6L,45a097c1b95bf1ad3f27d32ddffdc4ee8014640d7d379ca3df7bcd8b6f73c49a,b8d9ed2fd9f5011c1e05f5a5f6588b283367d7395a7bcc57ef6887d4ded60e12,60.0,200.0,13,120.0,ventanas,20261113,experimento_oficial_SIM_5D.csv
182,simulacion,SIM_5D,BAJA,78,1296,propio,ventas.202610.txt,ventas.202609.txt,bloqueo.2609.txt,,AG,31,2031,tiempo,2000,60,0,si,urgentes,984,5281,7582.0,126.3667,no,c7742-L969 (c7742-L969),,destino bloqueado,2634.0,427,52,15,16,93.75,0,6,0,1996.8,2002.7,493,62900,0,9,16,0.432,2,0,0,0,0,12118,NO_EVALUABLE,0,16.0,LAPTOP-OMI6BJ6L,45a097c1b95bf1ad3f27d32ddffdc4ee8014640d7d379ca3df7bcd8b6f73c49a,b8d9ed2fd9f5011c1e05f5a5f6588b283367d7395a7bcc57ef6887d4ded60e12,60.0,200.0,6,6.3667,ventanas,20261006,experimento_oficial_SIM_5D.csv
183,simulacion,SIM_5D,ALTA,115,1296,propio,ventas.202701.txt,ventas.202609.txt,bloqueo.2609.txt,,AG,12,2012,tiempo,2000,60,0,si,urgentes,1344,7328,3082.0,51.3667,no,c3821-L539 (c3821-L539),,destino bloqueado,26086.0,4281,303,181,182,99.45,0,28,0,2008.9,2071.9,1334,157110,0,50,113,3.054,7,0,0,0,4,60077,NO_EVALUABLE,0,16.0,LAPTOP-OMI6BJ6L,45a097c1b95bf1ad3f27d32ddffdc4ee8014640d7d379ca3df7bcd8b6f73c49a,b8d9ed2fd9f5011c1e05f5a5f6588b283367d7395a7bcc57ef6887d4ded60e12,60.0,200.0,2,27.3667,ventanas,20270102,experimento_oficial_SIM_5D.csv
184,simulacion,SIM_5D,ALTA,115,1296,propio,ventas.202701.txt,ventas.202609.txt,bloqueo.2609.txt,,AG,17,2017,tiempo,2000,60,0,si,urgentes,1306,7098,6086.0,101.4333,no,c2849-L1040 (c2849-L1040),,llegada tardía (planificada),63891.0,10420,539,419,420,99.76,0,53,0,2014.6,2106.9,513,47122,0,146,256,6.919,18,0,0,0,11,116670,NO_EVALUABLE,0,16.0,LAPTOP-OMI6BJ6L,45a097c1b95bf1ad3f27d32ddffdc4ee8014640d7d379ca3df7bcd8b6f73c49a,b8d9ed2fd9f5011c1e05f5a5f6588b283367d7395a7bcc57ef6887d4ded60e12,60.0,200.0,3,53.4333,ventanas,20270103,experimento_oficial_SIM_5D.csv
185,simulacion,SIM_5D,MEDIA,98,1296,propio,ventas.202612.txt,ventas.202609.txt,bloqueo.2609.txt,,TABU,13,2013,tiempo,2000,60,0,,urgentes,1156,6409,21600.0,360.0,si,,,,167643.0,27988,1146,1033,1033,100.0,0,119,0,2003.0,2074.2,129694,869209,0,24,649,17.541,41,0,0,0,53,272088,NO_EVALUABLE,0,16.0,LAPTOP-OMI6BJ6L,45a097c1b95bf1ad3f27d32ddffdc4ee8014640d7d379ca3df7bcd8b6f73c49a,b8d9ed2fd9f5011c1e05f5a5f6588b283367d7395a7bcc57ef6887d4ded60e12,60.0,200.0,11,120.0,ventanas,20261211,experimento_oficial_SIM_5D.csv
186,simulacion,SIM_5D,MEDIA,98,1296,propio,ventas.202612.txt,ventas.202609.txt,bloqueo.2609.txt,,TABU,35,2035,tiempo,2000,60,0,,urgentes,1298,6978,25164.0,419.4,no,c6339-L4085 (c6339-L4085),TA10,llegada tardía (a bordo),129607.0,21562,928,788,789,99.87,0,83,0,2004.2,2063.6,91405,642010,0,43,493,13.324,26,0,0,0,51,198879,NO_EVALUABLE,0,16.0,LAPTOP-OMI6BJ6L,45a097c1b95bf1ad3f27d32ddffdc4ee8014640d7d379ca3df7bcd8b6f73c49a,b8d9ed2fd9f5011c1e05f5a5f6588b283367d7395a7bcc57ef6887d4ded60e12,60.0,200.0,15,83.4,ventanas,20261215,experimento_oficial_SIM_5D.csv
187,simulacion,SIM_5D,MEDIA,98,1296,propio,ventas.202612.txt,ventas.202609.txt,bloqueo.2609.txt,,AG,24,2024,tiempo,2000,60,0,si,urgentes,1222,6719,23040.0,384.0,si,,,,175909.0,28840,1214,1086,1086,100.0,0,119,0,2063.4,2379.3,939,76422,0,135,653,17.649,35,0,0,0,68,283401,NO_EVALUABLE,0,16.0,LAPTOP-OMI6BJ6L,45a097c1b95bf1ad3f27d32ddffdc4ee8014640d7d379ca3df7bcd8b6f73c49a,b8d9ed2fd9f5011c1e05f5a5f6588b283367d7395a7bcc57ef6887d4ded60e12,60.0,200.0,12,120.0,ventanas,20261212,experimento_oficial_SIM_5D.csv
188,simulacion,SIM_5D,MEDIA,98,1296,propio,ventas.202611.txt,ventas.202609.txt,bloqueo.2609.txt,,TABU,11,2011,tiempo,2000,60,0,,urgentes,1129,6248,14400.0,240.0,si,,,,164190.0,27412,1114,1019,1019,100.0,0,119,0,2006.6,2082.9,137568,933872,0,25,640,17.297,40,0,0,0,52,266459,NO_EVALUABLE,1,16.0,LAPTOP-OMI6BJ6L,45a097c1b95bf1ad3f27d32ddffdc4ee8014640d7d379ca3df7bcd8b6f73c49a,b8d9ed2fd9f5011c1e05f5a5f6588b283367d7395a7bcc57ef6887d4ded60e12,60.0,200.0,6,120.0,ventanas,20261106,experimento_oficial_SIM_5D.csv
189,simulacion,SIM_5D,MEDIA,98,1296,propio,ventas.202611.txt,ventas.202609.txt,bloqueo.2609.txt,,AG,9,2009,tiempo,2000,60,0,si,urgentes,1057,5766,8640.0,144.0,si,,,,151990.0,25118,1049,943,943,100.0,0,119,0,2028.0,2207.3,998,93304,0,214,571,15.432,39,0,0,0,35,263825,NO_EVALUABLE,0,16.0,LAPTOP-OMI6BJ6L,45a097c1b95bf1ad3f27d32ddffdc4ee8014640d7d379ca3df7bcd8b6f73c49a,b8d9ed2fd9f5011c1e05f5a5f6588b283367d7395a7bcc57ef6887d4ded60e12,60.0,200.0,2,120.0,ventanas,20261102,experimento_oficial_SIM_5D.csv
190,simulacion,SIM_5D,MEDIA,98,1296,propio,ventas.202612.txt,ventas.202609.txt,bloqueo.2609.txt,,AG,28,2028,tiempo,2000,60,0,si,urgentes,1124,6242,15840.0,264.0,si,,,,164285.0,27199,1111,1018,1018,100.0,0,119,0,2024.4,2251.3,806,84296,0,232,630,17.027,39,0,0,0,56,270717,NO_EVALUABLE,0,16.0,LAPTOP-OMI6BJ6L,45a097c1b95bf1ad3f27d32ddffdc4ee8014640d7d379ca3df7bcd8b6f73c49a,b8d9ed2fd9f5011c1e05f5a5f6588b283367d7395a7bcc57ef6887d4ded60e12,60.0,200.0,7,120.0,ventanas,20261207,experimento_oficial_SIM_5D.csv
191,simulacion,SIM_5D,MEDIA,98,1296,propio,ventas.202611.txt,ventas.202609.txt,bloqueo.2609.txt,,AG,10,2010,tiempo,2000,60,0,si,urgentes,1215,6566,18001.0,300.0167,no,c9431-L2703 (c9431-L2703),,llegada tardía (planificada),116196.0,18787,824,707,708,99.86,0,84,0,2071.2,2405.2,658,61025,0,114,438,11.838,28,0,0,0,41,203101,NO_EVALUABLE,0,16.0,LAPTOP-OMI6BJ6L,45a097c1b95bf1ad3f27d32ddffdc4ee8014640d7d379ca3df7bcd8b6f73c49a,b8d9ed2fd9f5011c1e05f5a5f6588b283367d7395a7bcc57ef6887d4ded60e12,60.0,200.0,10,84.0167,ventanas,20261110,experimento_oficial_SIM_5D.csv
192,simulacion,SIM_5D,BAJA,78,1296,propio,ventas.202610.txt,ventas.202609.txt,bloqueo.2609.txt,,TABU,38,2038,tiempo,2000,60,0,,urgentes,1003,5555,21600.0,360.0,si,,,,149159.0,24751,997,912,912,100.0,0,119,0,2003.8,2076.0,159144,1061564,0,25,577,15.595,31,0,0,0,25,270852,NO_EVALUABLE,0,16.0,LAPTOP-OMI6BJ6L,45a097c1b95bf1ad3f27d32ddffdc4ee8014640d7d379ca3df7bcd8b6f73c49a,b8d9ed2fd9f5011c1e05f5a5f6588b283367d7395a7bcc57ef6887d4ded60e12,60.0,200.0,11,120.0,ventanas,20261011,experimento_oficial_SIM_5D.csv
193,simulacion,SIM_5D,BAJA,78,1296,propio,ventas.202609.txt,ventas.202609.txt,bloqueo.2609.txt,,TABU,28,2028,tiempo,2000,60,0,,urgentes,795,4478,7200.0,120.0,si,,,,113643.0,18825,788,729,729,100.0,0,119,0,2005.2,2080.9,235943,1648568,0,45,436,11.784,26,0,0,0,2,254353,NO_EVALUABLE,0,16.0,LAPTOP-OMI6BJ6L,45a097c1b95bf1ad3f27d32ddffdc4ee8014640d7d379ca3df7bcd8b6f73c49a,b8d9ed2fd9f5011c1e05f5a5f6588b283367d7395a7bcc57ef6887d4ded60e12,60.0,200.0,1,120.0,ventanas,20260901,experimento_oficial_SIM_5D.csv
194,simulacion,SIM_5D,MEDIA,98,1296,propio,ventas.202612.txt,ventas.202609.txt,bloqueo.2609.txt,,AG,13,2013,tiempo,2000,60,0,si,urgentes,1156,6409,21600.0,360.0,si,,,,168572.0,27355,1146,1052,1052,100.0,0,119,0,2024.4,2229.7,919,79036,0,118,628,16.973,35,0,0,0,55,269855,NO_EVALUABLE,0,16.0,LAPTOP-OMI6BJ6L,45a097c1b95bf1ad3f27d32ddffdc4ee8014640d7d379ca3df7bcd8b6f73c49a,b8d9ed2fd9f5011c1e05f5a5f6588b283367d7395a7bcc57ef6887d4ded60e12,60.0,200.0,11,120.0,ventanas,20261211,experimento_oficial_SIM_5D.csv
195,simulacion,SIM_5D,BAJA,78,1296,propio,ventas.202610.txt,ventas.202609.txt,bloqueo.2609.txt,,AG,19,2019,tiempo,2000,60,0,si,urgentes,932,5134,37440.0,624.0,si,,,,130981.0,21589,927,864,864,100.0,0,119,0,2019.4,2145.8,1442,118067,0,413,515,13.919,29,0,0,0,19,259492,NO_EVALUABLE,0,16.0,LAPTOP-OMI6BJ6L,45a097c1b95bf1ad3f27d32ddffdc4ee8014640d7d379ca3df7bcd8b6f73c49a,b8d9ed2fd9f5011c1e05f5a5f6588b283367d7395a7bcc57ef6887d4ded60e12,60.0,200.0,22,120.0,ventanas,20261022,experimento_oficial_SIM_5D.csv
196,simulacion,SIM_5D,ALTA,115,1296,propio,ventas.202701.txt,ventas.202609.txt,bloqueo.2609.txt,,AG,27,2027,tiempo,2000,60,0,si,urgentes,1335,7255,17039.0,283.9833,no,c1770-L3076 (c1770-L3076~2),,llegada tardía (planificada),149489.0,24914,1025,910,911,99.89,0,91,0,2219.6,2686.0,410,45068,0,92,563,15.216,27,0,0,0,82,257760,NO_EVALUABLE,0,16.0,LAPTOP-OMI6BJ6L,45a097c1b95bf1ad3f27d32ddffdc4ee8014640d7d379ca3df7bcd8b6f73c49a,b8d9ed2fd9f5011c1e05f5a5f6588b283367d7395a7bcc57ef6887d4ded60e12,60.0,200.0,9,91.9833,ventanas,20270109,experimento_oficial_SIM_5D.csv
197,simulacion,SIM_5D,BAJA,78,1296,propio,ventas.202610.txt,ventas.202609.txt,bloqueo.2609.txt,,TABU,9,2009,tiempo,2000,60,0,,urgentes,982,5365,15707.0,261.7833,no,c4496-L2041 (c4496-L2041~2),TM06,llegada tardía (a bordo),104940.0,17734,752,655,656,99.85,0,93,0,2002.5,2087.8,128332,874958,0,40,426,11.514,31,0,0,0,14,207776,NO_EVALUABLE,0,16.0,LAPTOP-OMI6BJ6L,45a097c1b95bf1ad3f27d32ddffdc4ee8014640d7d379ca3df7bcd8b6f73c49a,b8d9ed2fd9f5011c1e05f5a5f6588b283367d7395a7bcc57ef6887d4ded60e12,60.0,200.0,8,93.7833,ventanas,20261008,experimento_oficial_SIM_5D.csv
198,simulacion,SIM_5D,BAJA,78,1296,propio,ventas.202610.txt,ventas.202609.txt,bloqueo.2609.txt,,TABU,17,2017,tiempo,2000,60,0,,urgentes,912,5044,31680.0,528.0,si,,,,130066.0,20917,908,826,826,100.0,0,119,0,2003.5,2081.4,201129,1327895,0,32,493,13.324,29,0,0,0,20,255555,NO_EVALUABLE,0,16.0,LAPTOP-OMI6BJ6L,45a097c1b95bf1ad3f27d32ddffdc4ee8014640d7d379ca3df7bcd8b6f73c49a,b8d9ed2fd9f5011c1e05f5a5f6588b283367d7395a7bcc57ef6887d4ded60e12,60.0,200.0,18,120.0,ventanas,20261018,experimento_oficial_SIM_5D.csv
199,simulacion,SIM_5D,ALTA,115,1296,propio,ventas.202702.txt,ventas.202609.txt,bloqueo.2609.txt,,AG,2,2002,tiempo,2000,60,0,si,urgentes,1374,7618,15486.0,258.1,no,c2810-L2943 (c2810-L2943~2),TM13,llegada tardía (a bordo),53041.0,8567,484,327,328,99.7,0,43,0,2092.3,2452.7,1210,141684,0,68,204,5.514,10,0,0,0,19,107505,NO_EVALUABLE,0,16.0,LAPTOP-OMI6BJ6L,45a097c1b95bf1ad3f27d32ddffdc4ee8014640d7d379ca3df7bcd8b6f73c49a,b8d9ed2fd9f5011c1e05f5a5f6588b283367d7395a7bcc57ef6887d4ded60e12,60.0,200.0,10,42.1,ventanas,20270210,experimento_oficial_SIM_5D.csv
200,simulacion,SIM_5D,MEDIA,98,1296,propio,ventas.202612.txt,ventas.202609.txt,bloqueo.2609.txt,,AG,20,2020,tiempo,2000,60,0,si,urgentes,1145,6300,7200.0,120.0,si,,,,162012.0,26665,1136,1030,1030,100.0,0,119,0,2039.6,2333.6,1084,104359,0,270,613,16.568,35,0,0,0,56,269989,NO_EVALUABLE,0,16.0,LAPTOP-OMI6BJ6L,45a097c1b95bf1ad3f27d32ddffdc4ee8014640d7d379ca3df7bcd8b6f73c49a,b8d9ed2fd9f5011c1e05f5a5f6588b283367d7395a7bcc57ef6887d4ded60e12,60.0,200.0,1,120.0,ventanas,20261201,experimento_oficial_SIM_5D.csv
201,simulacion,SIM_5D,ALTA,115,1296,propio,ventas.202701.txt,ventas.202609.txt,bloqueo.2609.txt,,AG,3,2003,tiempo,2000,60,0,si,urgentes,1370,7465,8877.0,147.95,no,c4898-L1571 (c4898-L1571),TB04,llegada tardía (a bordo),81105.0,13556,640,490,491,99.8,0,52,0,2091.4,2450.8,1041,107242,0,22,316,8.541,19,0,0,0,38,131717,NO_EVALUABLE,0,16.0,LAPTOP-OMI6BJ6L,45a097c1b95bf1ad3f27d32ddffdc4ee8014640d7d379ca3df7bcd8b6f73c49a,b8d9ed2fd9f5011c1e05f5a5f6588b283367d7395a7bcc57ef6887d4ded60e12,60.0,200.0,5,51.95,ventanas,20270105,experimento_oficial_SIM_5D.csv
202,simulacion,SIM_5D,MEDIA,98,1296,propio,ventas.202612.txt,ventas.202609.txt,bloqueo.2609.txt,,TABU,21,2021,tiempo,2000,60,0,,urgentes,1137,6368,11852.0,197.5333,no,c6785-L1861 (c6785-L1861~1),TA04,llegada tardía (a bordo),106875.0,17783,744,653,654,99.85,0,77,0,2003.1,2082.4,113238,797827,0,16,407,11.0,23,0,0,0,59,172822,NO_EVALUABLE,0,16.0,LAPTOP-OMI6BJ6L,45a097c1b95bf1ad3f27d32ddffdc4ee8014640d7d379ca3df7bcd8b6f73c49a,b8d9ed2fd9f5011c1e05f5a5f6588b283367d7395a7bcc57ef6887d4ded60e12,60.0,200.0,6,77.5333,ventanas,20261206,experimento_oficial_SIM_5D.csv
203,simulacion,SIM_5D,MEDIA,98,1296,propio,ventas.202612.txt,ventas.202609.txt,bloqueo.2609.txt,,TABU,4,2004,tiempo,2000,60,0,,urgentes,1066,5944,15664.0,261.0667,no,c0431-L2431 (c0431-L2431),,llegada tardía (planificada),115990.0,19469,834,729,730,99.86,0,93,0,2001.3,2031.1,132732,883638,0,20,460,12.432,29,0,0,0,27,206272,NO_EVALUABLE,0,16.0,LAPTOP-OMI6BJ6L,45a097c1b95bf1ad3f27d32ddffdc4ee8014640d7d379ca3df7bcd8b6f73c49a,b8d9ed2fd9f5011c1e05f5a5f6588b283367d7395a7bcc57ef6887d4ded60e12,60.0,200.0,8,93.0667,ventanas,20261208,experimento_oficial_SIM_5D.csv
204,simulacion,SIM_5D,BAJA,78,1296,propio,ventas.202609.txt,ventas.202609.txt,bloqueo.2609.txt,,AG,22,2022,tiempo,2000,60,0,si,urgentes,885,4750,23040.0,384.0,si,,,,115226.0,18413,872,788,788,100.0,0,119,0,2006.6,2083.0,2345,222546,0,382,422,11.405,26,0,0,0,14,249762,NO_EVALUABLE,0,16.0,LAPTOP-OMI6BJ6L,45a097c1b95bf1ad3f27d32ddffdc4ee8014640d7d379ca3df7bcd8b6f73c49a,b8d9ed2fd9f5011c1e05f5a5f6588b283367d7395a7bcc57ef6887d4ded60e12,60.0,200.0,12,120.0,ventanas,20260912,experimento_oficial_SIM_5D.csv
205,simulacion,SIM_5D,BAJA,78,1296,propio,ventas.202610.txt,ventas.202609.txt,bloqueo.2609.txt,,TABU,30,2030,tiempo,2000,60,0,,urgentes,990,5447,24682.0,411.3667,no,c9684-L3327 (c9684-L3327),TM13,llegada tardía (a bordo),85770.0,14091,628,543,544,99.82,0,75,0,2001.7,2057.8,121892,881811,0,21,339,9.162,23,0,0,0,8,164475,NO_EVALUABLE,0,16.0,LAPTOP-OMI6BJ6L,45a097c1b95bf1ad3f27d32ddffdc4ee8014640d7d379ca3df7bcd8b6f73c49a,b8d9ed2fd9f5011c1e05f5a5f6588b283367d7395a7bcc57ef6887d4ded60e12,60.0,200.0,15,75.3667,ventanas,20261015,experimento_oficial_SIM_5D.csv
206,simulacion,SIM_5D,ALTA,115,1296,propio,ventas.202701.txt,ventas.202609.txt,bloqueo.2609.txt,,AG,20,2020,tiempo,2000,60,0,si,urgentes,1261,6904,17045.0,284.0833,no,c9968-L3081 (c9968-L3081~2),,llegada tardía (planificada),97367.0,16231,741,604,605,99.83,0,68,0,2114.7,2343.5,264,30804,0,61,364,9.838,20,0,0,0,41,173192,NO_EVALUABLE,0,16.0,LAPTOP-OMI6BJ6L,45a097c1b95bf1ad3f27d32ddffdc4ee8014640d7d379ca3df7bcd8b6f73c49a,b8d9ed2fd9f5011c1e05f5a5f6588b283367d7395a7bcc57ef6887d4ded60e12,60.0,200.0,10,68.0833,ventanas,20270110,experimento_oficial_SIM_5D.csv
1,simulacion,SIM_5D,MEDIA,98,1296,propio,ventas.202611.txt,ventas.202609.txt,bloqueo.2609.txt,,AG,34,3034,tiempo,2000,60,0,si,urgentes,1239,6616,21600.0,360.0,si,,,,183758.0,30358,1230,1115,1115,100.0,0,119,0,2080.2,2328.9,500,41760,0,256,684,18.486,37,0,0,0,61,293162,NO_EVALUABLE,0,16.0,LAPTOP-OMI6BJ6L,45a097c1b95bf1ad3f27d32ddffdc4ee8014640d7d379ca3df7bcd8b6f73c49a,b8d9ed2fd9f5011c1e05f5a5f6588b283367d7395a7bcc57ef6887d4ded60e12,60.0,200.0,11,120.0,ventanas,20261111,experimento_oficial_SIM_5D.csv
2,simulacion,SIM_5D,BAJA,78,1296,propio,ventas.202610.txt,ventas.202609.txt,bloqueo.2609.txt,,AG,40,3040,tiempo,2000,60,0,si,urgentes,911,5074,34560.0,576.0,si,,,,119769.0,19679,900,803,803,100.0,0,119,0,2011.2,2078.7,1410,107153,0,431,470,12.703,38,0,0,0,23,254092,NO_EVALUABLE,0,16.0,LAPTOP-OMI6BJ6L,45a097c1b95bf1ad3f27d32ddffdc4ee8014640d7d379ca3df7bcd8b6f73c49a,b8d9ed2fd9f5011c1e05f5a5f6588b283367d7395a7bcc57ef6887d4ded60e12,60.0,200.0,20,120.0,ventanas,20261020,experimento_oficial_SIM_5D.csv
3,simulacion,SIM_5D,MEDIA,98,1296,propio,ventas.202612.txt,ventas.202609.txt,bloqueo.2609.txt,,AG,22,3022,tiempo,2000,60,0,si,urgentes,1102,6080,15664.0,261.0667,no,c0431-L2431 (c0431-L2431),,llegada tardía (planificada),80615.0,13412,616,519,520,99.81,0,69,0,2026.7,2207.8,606,45278,0,148,318,8.595,17,0,0,0,20,156004,NO_EVALUABLE,0,16.0,LAPTOP-OMI6BJ6L,45a097c1b95bf1ad3f27d32ddffdc4ee8014640d7d379ca3df7bcd8b6f73c49a,b8d9ed2fd9f5011c1e05f5a5f6588b283367d7395a7bcc57ef6887d4ded60e12,60.0,200.0,9,69.0667,ventanas,20261209,experimento_oficial_SIM_5D.csv
4,simulacion,SIM_5D,MEDIA,98,1296,propio,ventas.202612.txt,ventas.202609.txt,bloqueo.2609.txt,,AG,6,3006,tiempo,2000,60,0,si,urgentes,1210,6786,9875.0,164.5833,no,c0614-L1551 (c0614-L1551),TA10,llegada tardía (a bordo),175472.0,28682,1167,1041,1042,99.9,0,116,0,2041.8,2312.6,484,41370,0,210,645,17.432,29,0,0,0,106,268759,NO_EVALUABLE,0,16.0,LAPTOP-OMI6BJ6L,45a097c1b95bf1ad3f27d32ddffdc4ee8014640d7d379ca3df7bcd8b6f73c49a,b8d9ed2fd9f5011c1e05f5a5f6588b283367d7395a7bcc57ef6887d4ded60e12,60.0,200.0,3,116.5833,ventanas,20261203,experimento_oficial_SIM_5D.csv
5,simulacion,SIM_5D,MEDIA,98,1296,propio,ventas.202611.txt,ventas.202609.txt,bloqueo.2609.txt,,AG,17,3017,tiempo,2000,60,0,si,urgentes,1104,6152,26263.0,437.7167,no,c4819-L4009 (c4819-L4009~2),,llegada tardía (planificada),132039.0,21479,916,805,806,99.88,0,101,0,2010.9,2055.5,674,52611,0,254,492,13.297,26,0,0,0,38,218464,NO_EVALUABLE,0,16.0,LAPTOP-OMI6BJ6L,45a097c1b95bf1ad3f27d32ddffdc4ee8014640d7d379ca3df7bcd8b6f73c49a,b8d9ed2fd9f5011c1e05f5a5f6588b283367d7395a7bcc57ef6887d4ded60e12,60.0,200.0,15,101.7167,ventanas,20261115,experimento_oficial_SIM_5D.csv
6,simulacion,SIM_5D,ALTA,115,1296,propio,ventas.202702.txt,ventas.202609.txt,bloqueo.2609.txt,,AG,4,3004,tiempo,2000,60,0,si,urgentes,1445,8235,8961.0,149.35,no,c4936-L1655 (c4936-L1655~1),TA06,llegada tardía (a bordo),77831.0,12791,636,469,470,99.79,0,54,0,2153.1,2572.4,532,40815,0,119,303,8.189,14,0,0,0,58,140781,NO_EVALUABLE,0,16.0,LAPTOP-OMI6BJ6L,45a097c1b95bf1ad3f27d32ddffdc4ee8014640d7d379ca3df7bcd8b6f73c49a,b8d9ed2fd9f5011c1e05f5a5f6588b283367d7395a7bcc57ef6887d4ded60e12,60.0,200.0,5,53.35,ventanas,20270205,experimento_oficial_SIM_5D.csv
7,simulacion,SIM_5D,ALTA,115,1296,propio,ventas.202701.txt,ventas.202609.txt,bloqueo.2609.txt,,TABU,7,3007,tiempo,2000,60,0,,urgentes,1253,6908,21065.0,351.0833,no,c1821-L3755 (c1821-L3755),,destino bloqueado,168168.0,28558,1147,1026,1027,99.9,0,111,0,2003.1,2058.6,66446,409323,0,8,672,18.162,36,0,0,0,42,282676,NO_EVALUABLE,1,16.0,LAPTOP-OMI6BJ6L,45a097c1b95bf1ad3f27d32ddffdc4ee8014640d7d379ca3df7bcd8b6f73c49a,b8d9ed2fd9f5011c1e05f5a5f6588b283367d7395a7bcc57ef6887d4ded60e12,60.0,200.0,11,111.0833,ventanas,20270111,experimento_oficial_SIM_5D.csv
8,simulacion,SIM_5D,ALTA,115,1296,propio,ventas.202701.txt,ventas.202609.txt,bloqueo.2609.txt,,AG,24,3024,tiempo,2000,60,0,si,urgentes,1316,7072,14699.0,244.9833,no,c3275-L2661 (c3275-L2661~2),,llegada tardía (planificada),110512.0,18416,841,701,702,99.86,0,76,0,2196.9,2715.3,933,88430,0,107,441,11.919,22,0,0,0,38,215597,NO_EVALUABLE,0,16.0,LAPTOP-OMI6BJ6L,45a097c1b95bf1ad3f27d32ddffdc4ee8014640d7d379ca3df7bcd8b6f73c49a,b8d9ed2fd9f5011c1e05f5a5f6588b283367d7395a7bcc57ef6887d4ded60e12,60.0,200.0,8,76.9833,ventanas,20270108,experimento_oficial_SIM_5D.csv
9,simulacion,SIM_5D,BAJA,78,1296,propio,ventas.202610.txt,ventas.202609.txt,bloqueo.2609.txt,,TABU,26,3026,tiempo,2000,60,0,,urgentes,938,5150,29155.0,485.9167,no,c4704-L3903 (c4704-L3903),TM08,destino bloqueado,2715.0,398,43,16,17,94.12,0,5,0,1999.7,2000.5,32476,324574,0,5,14,0.378,2,0,0,0,0,10183,NO_EVALUABLE,0,16.0,LAPTOP-OMI6BJ6L,45a097c1b95bf1ad3f27d32ddffdc4ee8014640d7d379ca3df7bcd8b6f73c49a,b8d9ed2fd9f5011c1e05f5a5f6588b283367d7395a7bcc57ef6887d4ded60e12,60.0,200.0,21,5.9167,ventanas,20261021,experimento_oficial_SIM_5D.csv
10,simulacion,SIM_5D,MEDIA,98,1296,propio,ventas.202611.txt,ventas.202609.txt,bloqueo.2609.txt,,TABU,29,3029,tiempo,2000,60,0,,urgentes,1148,6283,24480.0,408.0,si,,,,174493.0,29232,1140,1071,1071,100.0,0,120,0,2004.3,2085.1,165194,1021720,0,19,664,17.946,40,0,0,0,68,269288,NO_EVALUABLE,0,16.0,LAPTOP-OMI6BJ6L,45a097c1b95bf1ad3f27d32ddffdc4ee8014640d7d379ca3df7bcd8b6f73c49a,b8d9ed2fd9f5011c1e05f5a5f6588b283367d7395a7bcc57ef6887d4ded60e12,60.0,200.0,13,120.0,ventanas,20261113,experimento_oficial_SIM_5D.csv
11,simulacion,SIM_5D,BAJA,78,1296,propio,ventas.202609.txt,ventas.202609.txt,bloqueo.2609.txt,,AG,28,3028,tiempo,2000,60,0,si,urgentes,795,4478,7200.0,120.0,si,,,,109983.0,18181,788,725,725,100.0,0,119,0,2008.8,2081.3,1871,164425,0,334,421,11.378,27,0,0,0,8,253226,NO_EVALUABLE,0,16.0,LAPTOP-OMI6BJ6L,45a097c1b95bf1ad3f27d32ddffdc4ee8014640d7d379ca3df7bcd8b6f73c49a,b8d9ed2fd9f5011c1e05f5a5f6588b283367d7395a7bcc57ef6887d4ded60e12,60.0,200.0,1,120.0,ventanas,20260901,experimento_oficial_SIM_5D.csv
12,simulacion,SIM_5D,ALTA,115,1296,propio,ventas.202702.txt,ventas.202609.txt,bloqueo.2609.txt,,TABU,21,3021,tiempo,2000,60,0,,urgentes,1355,7479,20090.0,334.8333,no,c6923-L3821 (c6923-L3821),,llegada tardía (planificada),104269.0,17243,789,628,629,99.84,0,70,0,2002.9,2065.8,81508,567713,0,27,404,10.919,22,0,0,0,45,165844,NO_EVALUABLE,0,16.0,LAPTOP-OMI6BJ6L,45a097c1b95bf1ad3f27d32ddffdc4ee8014640d7d379ca3df7bcd8b6f73c49a,b8d9ed2fd9f5011c1e05f5a5f6588b283367d7395a7bcc57ef6887d4ded60e12,60.0,200.0,12,70.8333,ventanas,20270212,experimento_oficial_SIM_5D.csv
13,simulacion,SIM_5D,ALTA,115,1296,propio,ventas.202702.txt,ventas.202609.txt,bloqueo.2609.txt,,TABU,11,3011,tiempo,2000,60,0,,urgentes,1423,7874,19936.0,332.2667,no,c1434-L3783 (c1434-L3783~2),TM14,llegada tardía (a bordo),58037.0,9305,508,349,350,99.71,0,45,0,2001.6,2047.5,89794,682625,0,20,227,6.135,13,0,0,0,24,103695,NO_EVALUABLE,0,16.0,LAPTOP-OMI6BJ6L,45a097c1b95bf1ad3f27d32ddffdc4ee8014640d7d379ca3df7bcd8b6f73c49a,b8d9ed2fd9f5011c1e05f5a5f6588b283367d7395a7bcc57ef6887d4ded60e12,60.0,200.0,13,44.2667,ventanas,20270213,experimento_oficial_SIM_5D.csv
14,simulacion,SIM_5D,BAJA,78,1296,propio,ventas.202609.txt,ventas.202609.txt,bloqueo.2609.txt,,TABU,21,3021,tiempo,2000,60,0,,urgentes,894,4800,21600.0,360.0,si,,,,125553.0,20913,886,797,797,100.0,0,119,0,2002.8,2067.6,203189,1316285,0,31,493,13.324,33,0,0,0,7,252687,NO_EVALUABLE,0,16.0,LAPTOP-OMI6BJ6L,45a097c1b95bf1ad3f27d32ddffdc4ee8014640d7d379ca3df7bcd8b6f73c49a,b8d9ed2fd9f5011c1e05f5a5f6588b283367d7395a7bcc57ef6887d4ded60e12,60.0,200.0,11,120.0,ventanas,20260911,experimento_oficial_SIM_5D.csv
15,simulacion,SIM_5D,BAJA,78,1296,propio,ventas.202610.txt,ventas.202609.txt,bloqueo.2609.txt,,TABU,24,3024,tiempo,2000,60,0,,urgentes,950,5297,25522.0,425.3667,no,c2478-L3446 (c2478-L3446),,destino bloqueado,73115.0,11842,529,457,458,99.78,0,65,0,2002.9,2047.6,117871,836090,0,21,296,8.0,19,0,0,0,6,140558,NO_EVALUABLE,0,16.0,LAPTOP-OMI6BJ6L,45a097c1b95bf1ad3f27d32ddffdc4ee8014640d7d379ca3df7bcd8b6f73c49a,b8d9ed2fd9f5011c1e05f5a5f6588b283367d7395a7bcc57ef6887d4ded60e12,60.0,200.0,16,65.3667,ventanas,20261016,experimento_oficial_SIM_5D.csv
16,simulacion,SIM_5D,MEDIA,98,1296,propio,ventas.202612.txt,ventas.202609.txt,bloqueo.2609.txt,,TABU,25,3025,tiempo,2000,60,0,,urgentes,1304,6959,28800.0,480.0,si,,,,186737.0,31640,1292,1162,1162,100.0,0,119,0,2002.8,2068.4,101916,715271,0,12,728,19.676,40,0,0,0,52,285058,NO_EVALUABLE,0,16.0,LAPTOP-OMI6BJ6L,45a097c1b95bf1ad3f27d32ddffdc4ee8014640d7d379ca3df7bcd8b6f73c49a,b8d9ed2fd9f5011c1e05f5a5f6588b283367d7395a7bcc57ef6887d4ded60e12,60.0,200.0,16,120.0,ventanas,20261216,experimento_oficial_SIM_5D.csv
17,simulacion,SIM_5D,MEDIA,98,1296,propio,ventas.202611.txt,ventas.202609.txt,bloqueo.2609.txt,,AG,12,3012,tiempo,2000,60,0,si,urgentes,1012,5534,7200.0,120.0,si,,,,148617.0,24777,1008,938,938,100.0,0,119,0,2011.3,2088.1,1435,134152,0,228,565,15.27,37,0,0,0,29,257739,NO_EVALUABLE,0,16.0,LAPTOP-OMI6BJ6L,45a097c1b95bf1ad3f27d32ddffdc4ee8014640d7d379ca3df7bcd8b6f73c49a,b8d9ed2fd9f5011c1e05f5a5f6588b283367d7395a7bcc57ef6887d4ded60e12,60.0,200.0,1,120.0,ventanas,20261101,experimento_oficial_SIM_5D.csv
18,simulacion,SIM_5D,BAJA,78,1296,propio,ventas.202609.txt,ventas.202609.txt,bloqueo.2609.txt,,AG,10,3010,tiempo,2000,60,0,si,urgentes,819,4649,9843.0,164.05,no,c6633-L1085 (c6633-L1085~2),,llegada tardía (planificada),106426.0,16968,801,716,717,99.86,0,116,0,2007.4,2082.0,2134,181840,0,307,397,10.73,23,0,0,0,20,246683,NO_EVALUABLE,0,16.0,LAPTOP-OMI6BJ6L,45a097c1b95bf1ad3f27d32ddffdc4ee8014640d7d379ca3df7bcd8b6f73c49a,b8d9ed2fd9f5011c1e05f5a5f6588b283367d7395a7bcc57ef6887d4ded60e12,60.0,200.0,3,116.05,ventanas,20260903,experimento_oficial_SIM_5D.csv
19,simulacion,SIM_5D,MEDIA,98,1296,propio,ventas.202611.txt,ventas.202609.txt,bloqueo.2609.txt,,AG,3,3003,tiempo,2000,60,0,si,urgentes,1035,5843,26263.0,437.7167,no,c4819-L4009 (c4819-L4009~1),TA06,llegada tardía (a bordo),87795.0,13926,660,551,552,99.82,0,77,0,2008.3,2068.0,1246,116552,0,295,326,8.811,18,0,0,0,27,162618,NO_EVALUABLE,0,16.0,LAPTOP-OMI6BJ6L,45a097c1b95bf1ad3f27d32ddffdc4ee8014640d7d379ca3df7bcd8b6f73c49a,b8d9ed2fd9f5011c1e05f5a5f6588b283367d7395a7bcc57ef6887d4ded60e12,60.0,200.0,16,77.7167,ventanas,20261116,experimento_oficial_SIM_5D.csv
20,simulacion,SIM_5D,MEDIA,98,1296,propio,ventas.202611.txt,ventas.202609.txt,bloqueo.2609.txt,,TABU,23,3023,tiempo,2000,60,0,,urgentes,1039,5730,10080.0,168.0,si,,,,151010.0,25039,1032,925,925,100.0,0,119,0,2002.3,2073.6,185410,1249700,0,18,577,15.595,38,0,0,0,25,260124,NO_EVALUABLE,0,16.0,LAPTOP-OMI6BJ6L,45a097c1b95bf1ad3f27d32ddffdc4ee8014640d7d379ca3df7bcd8b6f73c49a,b8d9ed2fd9f5011c1e05f5a5f6588b283367d7395a7bcc57ef6887d4ded60e12,60.0,200.0,3,120.0,ventanas,20261103,experimento_oficial_SIM_5D.csv
21,simulacion,SIM_5D,ALTA,115,1296,propio,ventas.202701.txt,ventas.202609.txt,bloqueo.2609.txt,,TABU,12,3012,tiempo,2000,60,0,,urgentes,1344,7328,3082.0,51.3667,no,c3821-L539 (c3821-L539),,destino bloqueado,28411.0,4583,303,194,195,99.49,0,28,0,2001.4,2070.6,98021,836948,0,13,124,3.351,6,0,0,0,8,59140,NO_EVALUABLE,0,16.0,LAPTOP-OMI6BJ6L,45a097c1b95bf1ad3f27d32ddffdc4ee8014640d7d379ca3df7bcd8b6f73c49a,b8d9ed2fd9f5011c1e05f5a5f6588b283367d7395a7bcc57ef6887d4ded60e12,60.0,200.0,2,27.3667,ventanas,20270102,experimento_oficial_SIM_5D.csv
22,simulacion,SIM_5D,MEDIA,98,1296,propio,ventas.202611.txt,ventas.202609.txt,bloqueo.2609.txt,,TABU,12,3012,tiempo,2000,60,0,,urgentes,1012,5534,7200.0,120.0,si,,,,154927.0,25566,1008,940,940,100.0,0,119,0,2004.5,2066.9,197412,1281913,0,26,586,15.838,40,0,0,0,34,258764,NO_EVALUABLE,0,16.0,LAPTOP-OMI6BJ6L,45a097c1b95bf1ad3f27d32ddffdc4ee8014640d7d379ca3df7bcd8b6f73c49a,b8d9ed2fd9f5011c1e05f5a5f6588b283367d7395a7bcc57ef6887d4ded60e12,60.0,200.0,1,120.0,ventanas,20261101,experimento_oficial_SIM_5D.csv
23,simulacion,SIM_5D,ALTA,115,1296,propio,ventas.202701.txt,ventas.202609.txt,bloqueo.2609.txt,,TABU,14,3014,tiempo,2000,60,0,,urgentes,1332,7232,3082.0,51.3667,no,c3821-L539 (c3821-L539),,destino bloqueado,72530.0,12043,583,442,443,99.77,0,51,0,2002.9,2071.6,80128,514668,0,28,286,7.73,14,0,0,0,21,110967,NO_EVALUABLE,0,16.0,LAPTOP-OMI6BJ6L,45a097c1b95bf1ad3f27d32ddffdc4ee8014640d7d379ca3df7bcd8b6f73c49a,b8d9ed2fd9f5011c1e05f5a5f6588b283367d7395a7bcc57ef6887d4ded60e12,60.0,200.0,1,51.3667,ventanas,20270101,experimento_oficial_SIM_5D.csv
24,simulacion,SIM_5D,MEDIA,98,1296,propio,ventas.202612.txt,ventas.202609.txt,bloqueo.2609.txt,,AG,35,3035,tiempo,2000,60,0,si,urgentes,1298,6978,27360.0,456.0,si,,,,184185.0,30716,1289,1176,1176,100.0,0,119,0,2091.7,2372.1,583,56747,0,204,711,19.216,39,0,0,0,47,295245,NO_EVALUABLE,0,16.0,LAPTOP-OMI6BJ6L,45a097c1b95bf1ad3f27d32ddffdc4ee8014640d7d379ca3df7bcd8b6f73c49a,b8d9ed2fd9f5011c1e05f5a5f6588b283367d7395a7bcc57ef6887d4ded60e12,60.0,200.0,15,120.0,ventanas,20261215,experimento_oficial_SIM_5D.csv
25,simulacion,SIM_5D,BAJA,78,1296,propio,ventas.202609.txt,ventas.202609.txt,bloqueo.2609.txt,,TABU,37,3037,tiempo,2000,60,0,,urgentes,897,4884,27360.0,456.0,si,,,,129869.0,21546,890,814,814,100.0,0,119,0,2005.6,2097.5,190410,1228401,0,34,494,13.351,31,0,0,0,14,262917,NO_EVALUABLE,0,16.0,LAPTOP-OMI6BJ6L,45a097c1b95bf1ad3f27d32ddffdc4ee8014640d7d379ca3df7bcd8b6f73c49a,b8d9ed2fd9f5011c1e05f5a5f6588b283367d7395a7bcc57ef6887d4ded60e12,60.0,200.0,15,120.0,ventanas,20260915,experimento_oficial_SIM_5D.csv
26,simulacion,SIM_5D,BAJA,78,1296,propio,ventas.202610.txt,ventas.202609.txt,bloqueo.2609.txt,,TABU,16,3016,tiempo,2000,60,0,,urgentes,974,5387,20160.0,336.0,si,,,,146732.0,24886,964,895,895,100.0,0,119,0,2003.7,2087.7,144980,1018895,0,20,590,15.946,37,0,0,0,13,266398,NO_EVALUABLE,0,16.0,LAPTOP-OMI6BJ6L,45a097c1b95bf1ad3f27d32ddffdc4ee8014640d7d379ca3df7bcd8b6f73c49a,b8d9ed2fd9f5011c1e05f5a5f6588b283367d7395a7bcc57ef6887d4ded60e12,60.0,200.0,10,120.0,ventanas,20261010,experimento_oficial_SIM_5D.csv
27,simulacion,SIM_5D,ALTA,115,1296,propio,ventas.202702.txt,ventas.202609.txt,bloqueo.2609.txt,,AG,18,3018,tiempo,2000,60,0,si,urgentes,1371,7562,15735.0,262.25,no,c4001-L3009 (c4001-L3009~1),TA08,llegada tardía (a bordo),156997.0,26139,1101,924,925,99.89,0,95,0,2122.3,2517.5,978,99326,0,87,594,16.054,28,0,0,0,70,248085,NO_EVALUABLE,0,16.0,LAPTOP-OMI6BJ6L,45a097c1b95bf1ad3f27d32ddffdc4ee8014640d7d379ca3df7bcd8b6f73c49a,b8d9ed2fd9f5011c1e05f5a5f6588b283367d7395a7bcc57ef6887d4ded60e12,60.0,200.0,8,94.25,ventanas,20270208,experimento_oficial_SIM_5D.csv
28,simulacion,SIM_5D,MEDIA,98,1296,propio,ventas.202612.txt,ventas.202609.txt,bloqueo.2609.txt,,TABU,19,3019,tiempo,2000,60,0,,urgentes,1153,6499,12960.0,216.0,si,,,,175227.0,28763,1141,1049,1049,100.0,0,119,0,2004.5,2078.4,132892,870662,0,31,664,17.946,45,0,0,0,91,268403,NO_EVALUABLE,0,16.0,LAPTOP-OMI6BJ6L,45a097c1b95bf1ad3f27d32ddffdc4ee8014640d7d379ca3df7bcd8b6f73c49a,b8d9ed2fd9f5011c1e05f5a5f6588b283367d7395a7bcc57ef6887d4ded60e12,60.0,200.0,5,120.0,ventanas,20261205,experimento_oficial_SIM_5D.csv
29,simulacion,SIM_5D,MEDIA,98,1296,propio,ventas.202611.txt,ventas.202609.txt,bloqueo.2609.txt,,AG,8,3008,tiempo,2000,60,0,si,urgentes,1059,5841,11520.0,192.0,si,,,,152203.0,25317,1051,946,946,100.0,0,119,0,2030.3,2233.0,1057,92764,0,181,581,15.703,31,0,0,0,32,265996,NO_EVALUABLE,0,16.0,LAPTOP-OMI6BJ6L,45a097c1b95bf1ad3f27d32ddffdc4ee8014640d7d379ca3df7bcd8b6f73c49a,b8d9ed2fd9f5011c1e05f5a5f6588b283367d7395a7bcc57ef6887d4ded60e12,60.0,200.0,4,120.0,ventanas,20261104,experimento_oficial_SIM_5D.csv
30,simulacion,SIM_5D,BAJA,78,1296,propio,ventas.202609.txt,ventas.202609.txt,bloqueo.2609.txt,,TABU,20,3020,tiempo,2000,60,0,,urgentes,886,4907,34560.0,576.0,si,,,,126367.0,21137,881,778,778,100.0,0,119,0,2004.9,2078.8,179862,1255757,0,15,498,13.459,38,0,0,0,11,264391,NO_EVALUABLE,0,16.0,LAPTOP-OMI6BJ6L,45a097c1b95bf1ad3f27d32ddffdc4ee8014640d7d379ca3df7bcd8b6f73c49a,b8d9ed2fd9f5011c1e05f5a5f6588b283367d7395a7bcc57ef6887d4ded60e12,60.0,200.0,20,120.0,ventanas,20260920,experimento_oficial_SIM_5D.csv
31,simulacion,SIM_5D,MEDIA,98,1296,propio,ventas.202612.txt,ventas.202609.txt,bloqueo.2609.txt,,AG,31,3031,tiempo,2000,60,0,si,urgentes,1165,6536,9375.0,156.25,no,c0324-L1470 (c0324-L1470),,llegada tardía (planificada),111397.0,18184,826,691,692,99.86,0,84,0,2025.2,2177.2,842,68232,0,164,417,11.27,26,0,0,0,50,188765,NO_EVALUABLE,0,16.0,LAPTOP-OMI6BJ6L,45a097c1b95bf1ad3f27d32ddffdc4ee8014640d7d379ca3df7bcd8b6f73c49a,b8d9ed2fd9f5011c1e05f5a5f6588b283367d7395a7bcc57ef6887d4ded60e12,60.0,200.0,4,84.25,ventanas,20261204,experimento_oficial_SIM_5D.csv
32,simulacion,SIM_5D,MEDIA,98,1296,propio,ventas.202612.txt,ventas.202609.txt,bloqueo.2609.txt,,TABU,30,3030,tiempo,2000,60,0,,urgentes,1309,7100,24248.0,404.1333,no,c4918-L3902 (c4918-L3902),,llegada tardía (planificada),180216.0,30186,1257,1107,1108,99.91,0,117,0,2002.0,2034.1,136845,1016744,0,24,699,18.892,36,0,0,0,63,277704,NO_EVALUABLE,0,16.0,LAPTOP-OMI6BJ6L,45a097c1b95bf1ad3f27d32ddffdc4ee8014640d7d379ca3df7bcd8b6f73c49a,b8d9ed2fd9f5011c1e05f5a5f6588b283367d7395a7bcc57ef6887d4ded60e12,60.0,200.0,13,116.1333,ventanas,20261213,experimento_oficial_SIM_5D.csv
33,simulacion,SIM_5D,ALTA,115,1296,propio,ventas.202701.txt,ventas.202609.txt,bloqueo.2609.txt,,AG,13,3013,tiempo,2000,60,0,si,urgentes,1283,6903,14663.0,244.3833,no,c5112-L2654 (c5112-L2654),,llegada tardía (planificada),147937.0,24672,1068,926,927,99.89,0,100,0,2182.4,2657.9,507,50209,0,151,578,15.622,28,0,0,0,48,271990,NO_EVALUABLE,0,16.0,LAPTOP-OMI6BJ6L,45a097c1b95bf1ad3f27d32ddffdc4ee8014640d7d379ca3df7bcd8b6f73c49a,b8d9ed2fd9f5011c1e05f5a5f6588b283367d7395a7bcc57ef6887d4ded60e12,60.0,200.0,7,100.3833,ventanas,20270107,experimento_oficial_SIM_5D.csv
34,simulacion,SIM_5D,ALTA,115,1296,propio,ventas.202701.txt,ventas.202609.txt,bloqueo.2609.txt,,TABU,10,3010,tiempo,2000,60,0,,urgentes,1277,7088,25920.0,432.0,si,,,,185475.0,30809,1265,1143,1143,100.0,0,119,0,2002.9,2068.7,105692,723350,0,22,706,19.081,37,0,0,0,81,285939,NO_EVALUABLE,1,16.0,LAPTOP-OMI6BJ6L,45a097c1b95bf1ad3f27d32ddffdc4ee8014640d7d379ca3df7bcd8b6f73c49a,b8d9ed2fd9f5011c1e05f5a5f6588b283367d7395a7bcc57ef6887d4ded60e12,60.0,200.0,14,120.0,ventanas,20270114,experimento_oficial_SIM_5D.csv
35,simulacion,SIM_5D,BAJA,78,1296,propio,ventas.202609.txt,ventas.202609.txt,bloqueo.2609.txt,,AG,37,3037,tiempo,2000,60,0,si,urgentes,897,4884,27360.0,456.0,si,,,,127290.0,20665,890,809,809,100.0,0,119,0,2019.1,2139.3,1421,114167,0,249,468,12.649,33,0,0,0,20,263940,NO_EVALUABLE,0,16.0,LAPTOP-OMI6BJ6L,45a097c1b95bf1ad3f27d32ddffdc4ee8014640d7d379ca3df7bcd8b6f73c49a,b8d9ed2fd9f5011c1e05f5a5f6588b283367d7395a7bcc57ef6887d4ded60e12,60.0,200.0,15,120.0,ventanas,20260915,experimento_oficial_SIM_5D.csv
36,simulacion,SIM_5D,MEDIA,98,1296,propio,ventas.202611.txt,ventas.202609.txt,bloqueo.2609.txt,,TABU,34,3034,tiempo,2000,60,0,,urgentes,1239,6616,17993.0,299.8833,no,c8007-L2702 (c8007-L2702),TM13,llegada tardía (a bordo),76290.0,12726,585,472,473,99.79,0,59,0,2004.6,2072.2,91161,656157,0,45,313,8.459,18,0,0,0,21,140455,NO_EVALUABLE,0,16.0,LAPTOP-OMI6BJ6L,45a097c1b95bf1ad3f27d32ddffdc4ee8014640d7d379ca3df7bcd8b6f73c49a,b8d9ed2fd9f5011c1e05f5a5f6588b283367d7395a7bcc57ef6887d4ded60e12,60.0,200.0,11,59.8833,ventanas,20261111,experimento_oficial_SIM_5D.csv
37,simulacion,SIM_5D,BAJA,78,1296,propio,ventas.202609.txt,ventas.202609.txt,bloqueo.2609.txt,,TABU,2,3002,tiempo,2000,60,0,,urgentes,878,4817,30240.0,504.0,si,,,,127646.0,21385,875,802,802,100.0,0,119,0,2002.4,2063.5,164331,1087155,0,25,490,13.243,32,0,0,0,15,260169,NO_EVALUABLE,0,16.0,LAPTOP-OMI6BJ6L,45a097c1b95bf1ad3f27d32ddffdc4ee8014640d7d379ca3df7bcd8b6f73c49a,b8d9ed2fd9f5011c1e05f5a5f6588b283367d7395a7bcc57ef6887d4ded60e12,60.0,200.0,17,120.0,ventanas,20260917,experimento_oficial_SIM_5D.csv
38,simulacion,SIM_5D,MEDIA,98,1296,propio,ventas.202612.txt,ventas.202609.txt,bloqueo.2609.txt,,AG,27,3027,tiempo,2000,60,0,si,urgentes,1146,6309,19085.0,318.0833,no,c8170-L2968 (c8170-L2968),,llegada tardía (planificada),135413.0,22264,951,845,846,99.88,0,102,0,2024.8,2098.2,644,64487,0,85,500,13.514,27,0,0,0,46,232871,NO_EVALUABLE,0,16.0,LAPTOP-OMI6BJ6L,45a097c1b95bf1ad3f27d32ddffdc4ee8014640d7d379ca3df7bcd8b6f73c49a,b8d9ed2fd9f5011c1e05f5a5f6588b283367d7395a7bcc57ef6887d4ded60e12,60.0,200.0,10,102.0833,ventanas,20261210,experimento_oficial_SIM_5D.csv
39,simulacion,SIM_5D,BAJA,78,1296,propio,ventas.202609.txt,ventas.202609.txt,bloqueo.2609.txt,,AG,21,3021,tiempo,2000,60,0,si,urgentes,894,4800,21600.0,360.0,si,,,,120910.0,19458,886,808,808,100.0,0,119,0,2007.9,2083.1,1563,118835,0,377,445,12.027,24,0,0,0,9,250689,NO_EVALUABLE,0,16.0,LAPTOP-OMI6BJ6L,45a097c1b95bf1ad3f27d32ddffdc4ee8014640d7d379ca3df7bcd8b6f73c49a,b8d9ed2fd9f5011c1e05f5a5f6588b283367d7395a7bcc57ef6887d4ded60e12,60.0,200.0,11,120.0,ventanas,20260911,experimento_oficial_SIM_5D.csv
40,simulacion,SIM_5D,MEDIA,98,1296,propio,ventas.202611.txt,ventas.202609.txt,bloqueo.2609.txt,,TABU,17,3017,tiempo,2000,60,0,,urgentes,1104,6152,26881.0,448.0167,no,c6490-L4112 (c6490-L4112~2),,llegada tardía (planificada),148720.0,24792,1026,899,900,99.89,0,112,0,2001.0,2056.7,148863,1013769,0,9,585,15.811,37,0,0,0,47,245309,NO_EVALUABLE,0,16.0,LAPTOP-OMI6BJ6L,45a097c1b95bf1ad3f27d32ddffdc4ee8014640d7d379ca3df7bcd8b6f73c49a,b8d9ed2fd9f5011c1e05f5a5f6588b283367d7395a7bcc57ef6887d4ded60e12,60.0,200.0,15,112.0167,ventanas,20261115,experimento_oficial_SIM_5D.csv
41,simulacion,SIM_5D,BAJA,78,1296,propio,ventas.202610.txt,ventas.202609.txt,bloqueo.2609.txt,,AG,13,3013,tiempo,2000,60,0,si,urgentes,1034,5427,7582.0,126.3667,no,c7742-L969 (c7742-L969),,destino bloqueado,56283.0,9188,482,392,393,99.75,0,54,0,2009.4,2088.5,673,63019,0,173,216,5.838,14,0,0,0,6,117444,NO_EVALUABLE,0,16.0,LAPTOP-OMI6BJ6L,45a097c1b95bf1ad3f27d32ddffdc4ee8014640d7d379ca3df7bcd8b6f73c49a,b8d9ed2fd9f5011c1e05f5a5f6588b283367d7395a7bcc57ef6887d4ded60e12,60.0,200.0,4,54.3667,ventanas,20261004,experimento_oficial_SIM_5D.csv
42,simulacion,SIM_5D,BAJA,78,1296,propio,ventas.202609.txt,ventas.202609.txt,bloqueo.2609.txt,,AG,27,3027,tiempo,2000,60,0,si,urgentes,884,4800,20160.0,336.0,si,,,,119868.0,19594,873,795,795,100.0,0,119,0,2007.3,2072.1,1771,156485,0,459,449,12.135,24,0,0,0,6,249704,NO_EVALUABLE,0,16.0,LAPTOP-OMI6BJ6L,45a097c1b95bf1ad3f27d32ddffdc4ee8014640d7d379ca3df7bcd8b6f73c49a,b8d9ed2fd9f5011c1e05f5a5f6588b283367d7395a7bcc57ef6887d4ded60e12,60.0,200.0,10,120.0,ventanas,20260910,experimento_oficial_SIM_5D.csv
43,simulacion,SIM_5D,MEDIA,98,1296,propio,ventas.202612.txt,ventas.202609.txt,bloqueo.2609.txt,,AG,4,3004,tiempo,2000,60,0,si,urgentes,1066,5944,17280.0,288.0,si,,,,153894.0,25512,1058,962,962,100.0,0,119,0,2021.6,2117.2,855,74299,0,132,588,15.892,35,0,0,0,38,268953,NO_EVALUABLE,0,16.0,LAPTOP-OMI6BJ6L,45a097c1b95bf1ad3f27d32ddffdc4ee8014640d7d379ca3df7bcd8b6f73c49a,b8d9ed2fd9f5011c1e05f5a5f6588b283367d7395a7bcc57ef6887d4ded60e12,60.0,200.0,8,120.0,ventanas,20261208,experimento_oficial_SIM_5D.csv
44,simulacion,SIM_5D,MEDIA,98,1296,propio,ventas.202611.txt,ventas.202609.txt,bloqueo.2609.txt,,AG,14,3014,tiempo,2000,60,0,si,urgentes,1101,6115,28311.0,471.85,no,c6031-L4314 (c6031-L4314),TA03,destino bloqueado,108143.0,17728,767,685,686,99.85,0,87,0,2014.8,2108.3,982,89283,0,253,418,11.297,26,0,0,0,35,189850,NO_EVALUABLE,0,16.0,LAPTOP-OMI6BJ6L,45a097c1b95bf1ad3f27d32ddffdc4ee8014640d7d379ca3df7bcd8b6f73c49a,b8d9ed2fd9f5011c1e05f5a5f6588b283367d7395a7bcc57ef6887d4ded60e12,60.0,200.0,17,87.85,ventanas,20261117,experimento_oficial_SIM_5D.csv
45,simulacion,SIM_5D,BAJA,78,1296,propio,ventas.202609.txt,ventas.202609.txt,bloqueo.2609.txt,,AG,29,3029,tiempo,2000,60,0,si,urgentes,795,4472,11520.0,192.0,si,,,,109607.0,17745,790,730,730,100.0,0,119,0,2009.8,2107.6,1680,144415,0,316,420,11.351,26,0,0,0,14,255723,NO_EVALUABLE,0,16.0,LAPTOP-OMI6BJ6L,45a097c1b95bf1ad3f27d32ddffdc4ee8014640d7d379ca3df7bcd8b6f73c49a,b8d9ed2fd9f5011c1e05f5a5f6588b283367d7395a7bcc57ef6887d4ded60e12,60.0,200.0,4,120.0,ventanas,20260904,experimento_oficial_SIM_5D.csv
46,simulacion,SIM_5D,BAJA,78,1296,propio,ventas.202610.txt,ventas.202609.txt,bloqueo.2609.txt,,TABU,40,3040,tiempo,2000,60,0,,urgentes,911,5074,34560.0,576.0,si,,,,128178.0,21183,900,803,803,100.0,0,119,0,2004.2,2092.8,243167,1561743,0,32,510,13.784,39,0,0,0,10,252802,NO_EVALUABLE,0,16.0,LAPTOP-OMI6BJ6L,45a097c1b95bf1ad3f27d32ddffdc4ee8014640d7d379ca3df7bcd8b6f73c49a,b8d9ed2fd9f5011c1e05f5a5f6588b283367d7395a7bcc57ef6887d4ded60e12,60.0,200.0,20,120.0,ventanas,20261020,experimento_oficial_SIM_5D.csv
47,simulacion,SIM_5D,ALTA,115,1296,propio,ventas.202701.txt,ventas.202609.txt,bloqueo.2609.txt,,AG,23,3023,tiempo,2000,60,0,si,urgentes,1295,7036,6757.0,112.6167,no,c0168-L1137 (c0168-L1137),TM10,llegada tardía (a bordo),50065.0,8333,448,312,313,99.68,0,40,0,2012.2,2057.0,613,57967,0,174,202,5.459,9,0,0,0,23,87308,NO_EVALUABLE,0,16.0,LAPTOP-OMI6BJ6L,45a097c1b95bf1ad3f27d32ddffdc4ee8014640d7d379ca3df7bcd8b6f73c49a,b8d9ed2fd9f5011c1e05f5a5f6588b283367d7395a7bcc57ef6887d4ded60e12,60.0,200.0,4,40.6167,ventanas,20270104,experimento_oficial_SIM_5D.csv
48,simulacion,SIM_5D,ALTA,115,1296,propio,ventas.202702.txt,ventas.202609.txt,bloqueo.2609.txt,,AG,28,3028,tiempo,2000,60,0,si,urgentes,1456,8318,8741.0,145.6833,no,c7702-L1612 (c7702-L1612),TA09,llegada tardía (a bordo),118683.0,19852,858,696,697,99.86,0,73,0,2133.1,2678.8,434,51038,0,91,468,12.649,23,0,0,0,67,190130,NO_EVALUABLE,0,16.0,LAPTOP-OMI6BJ6L,45a097c1b95bf1ad3f27d32ddffdc4ee8014640d7d379ca3df7bcd8b6f73c49a,b8d9ed2fd9f5011c1e05f5a5f6588b283367d7395a7bcc57ef6887d4ded60e12,60.0,200.0,4,73.6833,ventanas,20270204,experimento_oficial_SIM_5D.csv
49,simulacion,SIM_5D,BAJA,78,1296,propio,ventas.202609.txt,ventas.202609.txt,bloqueo.2609.txt,,TABU,15,3015,tiempo,2000,60,0,,urgentes,810,4530,12960.0,216.0,si,,,,118667.0,19395,800,739,739,100.0,0,119,0,2001.9,2056.3,217453,1506450,0,30,465,12.568,34,0,0,0,18,256334,NO_EVALUABLE,0,16.0,LAPTOP-OMI6BJ6L,45a097c1b95bf1ad3f27d32ddffdc4ee8014640d7d379ca3df7bcd8b6f73c49a,b8d9ed2fd9f5011c1e05f5a5f6588b283367d7395a7bcc57ef6887d4ded60e12,60.0,200.0,5,120.0,ventanas,20260905,experimento_oficial_SIM_5D.csv
50,simulacion,SIM_5D,MEDIA,98,1296,propio,ventas.202611.txt,ventas.202609.txt,bloqueo.2609.txt,,TABU,9,3009,tiempo,2000,60,0,,urgentes,1057,5766,8640.0,144.0,si,,,,155325.0,25996,1049,946,946,100.0,0,119,0,2003.2,2093.5,165834,1094432,0,16,591,15.973,38,0,0,0,38,262841,NO_EVALUABLE,0,16.0,LAPTOP-OMI6BJ6L,45a097c1b95bf1ad3f27d32ddffdc4ee8014640d7d379ca3df7bcd8b6f73c49a,b8d9ed2fd9f5011c1e05f5a5f6588b283367d7395a7bcc57ef6887d4ded60e12,60.0,200.0,2,120.0,ventanas,20261102,experimento_oficial_SIM_5D.csv
51,simulacion,SIM_5D,BAJA,78,1296,propio,ventas.202610.txt,ventas.202609.txt,bloqueo.2609.txt,,TABU,35,3035,tiempo,2000,60,0,,urgentes,968,5198,15840.0,264.0,si,,,,140122.0,23358,959,884,884,100.0,0,119,0,2005.3,2079.4,179386,1182794,0,28,550,14.865,38,0,0,0,13,263003,NO_EVALUABLE,0,16.0,LAPTOP-OMI6BJ6L,45a097c1b95bf1ad3f27d32ddffdc4ee8014640d7d379ca3df7bcd8b6f73c49a,b8d9ed2fd9f5011c1e05f5a5f6588b283367d7395a7bcc57ef6887d4ded60e12,60.0,200.0,7,120.0,ventanas,20261007,experimento_oficial_SIM_5D.csv
52,simulacion,SIM_5D,MEDIA,98,1296,propio,ventas.202612.txt,ventas.202609.txt,bloqueo.2609.txt,,TABU,27,3027,tiempo,2000,60,0,,urgentes,1146,6309,20160.0,336.0,si,,,,171049.0,28103,1137,1030,1030,100.0,0,119,0,2003.4,2082.0,133960,892141,0,29,631,17.054,37,0,0,0,58,271179,NO_EVALUABLE,0,16.0,LAPTOP-OMI6BJ6L,45a097c1b95bf1ad3f27d32ddffdc4ee8014640d7d379ca3df7bcd8b6f73c49a,b8d9ed2fd9f5011c1e05f5a5f6588b283367d7395a7bcc57ef6887d4ded60e12,60.0,200.0,10,120.0,ventanas,20261210,experimento_oficial_SIM_5D.csv
53,simulacion,SIM_5D,MEDIA,98,1296,propio,ventas.202612.txt,ventas.202609.txt,bloqueo.2609.txt,,AG,32,3032,tiempo,2000,60,0,si,urgentes,1302,7090,25048.0,417.4667,no,c6957-L4021 (c6957-L4021~1),,llegada tardía (planificada),162800.0,26899,1150,1007,1008,99.9,0,105,0,2111.9,2453.0,696,65940,0,154,618,16.703,33,0,0,0,65,262740,NO_EVALUABLE,0,16.0,LAPTOP-OMI6BJ6L,45a097c1b95bf1ad3f27d32ddffdc4ee8014640d7d379ca3df7bcd8b6f73c49a,b8d9ed2fd9f5011c1e05f5a5f6588b283367d7395a7bcc57ef6887d4ded60e12,60.0,200.0,14,105.4667,ventanas,20261214,experimento_oficial_SIM_5D.csv
54,simulacion,SIM_5D,ALTA,115,1296,propio,ventas.202702.txt,ventas.202609.txt,bloqueo.2609.txt,,TABU,1,3001,tiempo,2000,60,0,,urgentes,1374,8019,3737.0,62.2833,no,c6321-L636 (c6321-L636),,destino bloqueado,45610.0,7587,419,282,283,99.65,0,38,0,2002.5,2049.9,56535,440344,0,8,189,5.108,13,0,0,0,24,87787,NO_EVALUABLE,0,16.0,LAPTOP-OMI6BJ6L,45a097c1b95bf1ad3f27d32ddffdc4ee8014640d7d379ca3df7bcd8b6f73c49a,b8d9ed2fd9f5011c1e05f5a5f6588b283367d7395a7bcc57ef6887d4ded60e12,60.0,200.0,2,38.2833,ventanas,20270202,experimento_oficial_SIM_5D.csv
55,simulacion,SIM_5D,ALTA,115,1296,propio,ventas.202702.txt,ventas.202609.txt,bloqueo.2609.txt,,AG,11,3011,tiempo,2000,60,0,si,urgentes,1423,7874,19808.0,330.1333,no,c6319-L3751 (c6319-L3751),,llegada tardía (planificada),56790.0,8969,475,338,339,99.71,0,43,0,2056.1,2220.6,1159,111391,0,66,218,5.892,11,0,0,0,27,101550,NO_EVALUABLE,0,16.0,LAPTOP-OMI6BJ6L,45a097c1b95bf1ad3f27d32ddffdc4ee8014640d7d379ca3df7bcd8b6f73c49a,b8d9ed2fd9f5011c1e05f5a5f6588b283367d7395a7bcc57ef6887d4ded60e12,60.0,200.0,13,42.1333,ventanas,20270213,experimento_oficial_SIM_5D.csv
56,simulacion,SIM_5D,ALTA,115,1296,propio,ventas.202702.txt,ventas.202609.txt,bloqueo.2609.txt,,AG,9,3009,tiempo,2000,60,0,si,urgentes,1395,7695,16173.0,269.55,no,c3444-L3100 (c3444-L3100),,destino bloqueado,39003.0,6344,367,235,236,99.58,0,29,0,2080.5,2285.2,323,34096,0,28,156,4.216,8,0,0,0,24,71853,NO_EVALUABLE,0,16.0,LAPTOP-OMI6BJ6L,45a097c1b95bf1ad3f27d32ddffdc4ee8014640d7d379ca3df7bcd8b6f73c49a,b8d9ed2fd9f5011c1e05f5a5f6588b283367d7395a7bcc57ef6887d4ded60e12,60.0,200.0,11,29.55,ventanas,20270211,experimento_oficial_SIM_5D.csv
57,simulacion,SIM_5D,BAJA,78,1296,propio,ventas.202609.txt,ventas.202609.txt,bloqueo.2609.txt,,AG,11,3011,tiempo,2000,60,0,si,urgentes,833,4673,15840.0,264.0,si,,,,115956.0,18551,825,760,760,100.0,0,119,0,2009.4,2082.5,2401,200850,0,332,437,11.811,22,0,0,0,24,251922,NO_EVALUABLE,0,16.0,LAPTOP-OMI6BJ6L,45a097c1b95bf1ad3f27d32ddffdc4ee8014640d7d379ca3df7bcd8b6f73c49a,b8d9ed2fd9f5011c1e05f5a5f6588b283367d7395a7bcc57ef6887d4ded60e12,60.0,200.0,7,120.0,ventanas,20260907,experimento_oficial_SIM_5D.csv
58,simulacion,SIM_5D,BAJA,78,1296,propio,ventas.202610.txt,ventas.202609.txt,bloqueo.2609.txt,,TABU,19,3019,tiempo,2000,60,0,,urgentes,932,5134,37440.0,624.0,si,,,,129728.0,21595,927,861,861,100.0,0,119,0,2001.2,2062.1,215215,1347800,0,23,529,14.297,31,0,0,0,10,255961,NO_EVALUABLE,0,16.0,LAPTOP-OMI6BJ6L,45a097c1b95bf1ad3f27d32ddffdc4ee8014640d7d379ca3df7bcd8b6f73c49a,b8d9ed2fd9f5011c1e05f5a5f6588b283367d7395a7bcc57ef6887d4ded60e12,60.0,200.0,22,120.0,ventanas,20261022,experimento_oficial_SIM_5D.csv
59,simulacion,SIM_5D,MEDIA,98,1296,propio,ventas.202611.txt,ventas.202609.txt,bloqueo.2609.txt,,AG,23,3023,tiempo,2000,60,0,si,urgentes,1039,5730,10080.0,168.0,si,,,,150741.0,24454,1032,931,931,100.0,0,119,0,2017.9,2188.9,1338,118187,0,260,543,14.676,35,0,0,0,38,258661,NO_EVALUABLE,0,16.0,LAPTOP-OMI6BJ6L,45a097c1b95bf1ad3f27d32ddffdc4ee8014640d7d379ca3df7bcd8b6f73c49a,b8d9ed2fd9f5011c1e05f5a5f6588b283367d7395a7bcc57ef6887d4ded60e12,60.0,200.0,3,120.0,ventanas,20261103,experimento_oficial_SIM_5D.csv
60,simulacion,SIM_5D,ALTA,115,1296,propio,ventas.202701.txt,ventas.202609.txt,bloqueo.2609.txt,,AG,16,3016,tiempo,2000,60,0,si,urgentes,1305,7266,27360.0,456.0,si,,,,189635.0,31827,1293,1154,1154,100.0,0,119,0,2086.5,2405.6,397,37516,0,47,735,19.865,38,0,0,0,96,294933,NO_EVALUABLE,0,16.0,LAPTOP-OMI6BJ6L,45a097c1b95bf1ad3f27d32ddffdc4ee8014640d7d379ca3df7bcd8b6f73c49a,b8d9ed2fd9f5011c1e05f5a5f6588b283367d7395a7bcc57ef6887d4ded60e12,60.0,200.0,15,120.0,ventanas,20270115,experimento_oficial_SIM_5D.csv
61,simulacion,SIM_5D,BAJA,78,1296,propio,ventas.202610.txt,ventas.202609.txt,bloqueo.2609.txt,,AG,24,3024,tiempo,2000,60,0,si,urgentes,950,5297,25522.0,425.3667,no,c2478-L3446 (c2478-L3446),,destino bloqueado,67379.0,10618,529,455,456,99.78,0,65,0,2011.7,2095.4,992,88703,0,214,264,7.135,17,0,0,0,10,138743,NO_EVALUABLE,0,16.0,LAPTOP-OMI6BJ6L,45a097c1b95bf1ad3f27d32ddffdc4ee8014640d7d379ca3df7bcd8b6f73c49a,b8d9ed2fd9f5011c1e05f5a5f6588b283367d7395a7bcc57ef6887d4ded60e12,60.0,200.0,16,65.3667,ventanas,20261016,experimento_oficial_SIM_5D.csv
62,simulacion,SIM_5D,ALTA,115,1296,propio,ventas.202701.txt,ventas.202609.txt,bloqueo.2609.txt,,AG,25,3025,tiempo,2000,60,0,si,urgentes,1265,7010,24480.0,408.0,si,,,,185179.0,31003,1253,1129,1129,100.0,0,119,0,2105.3,2368.7,419,50178,0,145,698,18.865,36,0,0,0,67,300565,NO_EVALUABLE,1,16.0,LAPTOP-OMI6BJ6L,45a097c1b95bf1ad3f27d32ddffdc4ee8014640d7d379ca3df7bcd8b6f73c49a,b8d9ed2fd9f5011c1e05f5a5f6588b283367d7395a7bcc57ef6887d4ded60e12,60.0,200.0,13,120.0,ventanas,20270113,experimento_oficial_SIM_5D.csv
63,simulacion,SIM_5D,BAJA,78,1296,propio,ventas.202610.txt,ventas.202609.txt,bloqueo.2609.txt,,AG,23,3023,tiempo,2000,60,0,si,urgentes,985,5218,2496.0,41.6,no,c3612-L260 (c3612-L260),,destino bloqueado,11036.0,1723,117,79,80,98.75,0,17,0,2005.7,2039.9,986,102104,0,70,53,1.432,4,0,0,0,0,35219,NO_EVALUABLE,0,16.0,LAPTOP-OMI6BJ6L,45a097c1b95bf1ad3f27d32ddffdc4ee8014640d7d379ca3df7bcd8b6f73c49a,b8d9ed2fd9f5011c1e05f5a5f6588b283367d7395a7bcc57ef6887d4ded60e12,60.0,200.0,2,17.6,ventanas,20261002,experimento_oficial_SIM_5D.csv
64,simulacion,SIM_5D,MEDIA,98,1296,propio,ventas.202611.txt,ventas.202609.txt,bloqueo.2609.txt,,AG,11,3011,tiempo,2000,60,0,si,urgentes,1129,6248,14400.0,240.0,si,,,,165538.0,27797,1114,1027,1027,100.0,0,119,0,2024.3,2153.3,666,62480,0,188,651,17.595,41,0,0,0,42,268768,NO_EVALUABLE,1,16.0,LAPTOP-OMI6BJ6L,45a097c1b95bf1ad3f27d32ddffdc4ee8014640d7d379ca3df7bcd8b6f73c49a,b8d9ed2fd9f5011c1e05f5a5f6588b283367d7395a7bcc57ef6887d4ded60e12,60.0,200.0,6,120.0,ventanas,20261106,experimento_oficial_SIM_5D.csv
65,simulacion,SIM_5D,BAJA,78,1296,propio,ventas.202609.txt,ventas.202609.txt,bloqueo.2609.txt,,AG,7,3007,tiempo,2000,60,0,si,urgentes,940,5143,37440.0,624.0,si,,,,131461.0,21711,928,830,830,100.0,0,119,0,2018.6,2106.2,1191,98100,0,330,500,13.514,41,0,0,0,14,264646,NO_EVALUABLE,0,16.0,LAPTOP-OMI6BJ6L,45a097c1b95bf1ad3f27d32ddffdc4ee8014640d7d379ca3df7bcd8b6f73c49a,b8d9ed2fd9f5011c1e05f5a5f6588b283367d7395a7bcc57ef6887d4ded60e12,60.0,200.0,22,120.0,ventanas,20260922,experimento_oficial_SIM_5D.csv
66,simulacion,SIM_5D,ALTA,115,1296,propio,ventas.202702.txt,ventas.202609.txt,bloqueo.2609.txt,,TABU,8,3008,tiempo,2000,60,0,,urgentes,1431,8270,3737.0,62.2833,no,c6321-L636 (c6321-L636),,destino bloqueado,12140.0,1927,154,73,74,98.65,0,14,0,2007.3,2078.4,45518,358891,0,32,54,1.459,4,0,0,0,3,29853,NO_EVALUABLE,0,16.0,LAPTOP-OMI6BJ6L,45a097c1b95bf1ad3f27d32ddffdc4ee8014640d7d379ca3df7bcd8b6f73c49a,b8d9ed2fd9f5011c1e05f5a5f6588b283367d7395a7bcc57ef6887d4ded60e12,60.0,200.0,3,14.2833,ventanas,20270203,experimento_oficial_SIM_5D.csv
67,simulacion,SIM_5D,ALTA,115,1296,propio,ventas.202701.txt,ventas.202609.txt,bloqueo.2609.txt,,AG,7,3007,tiempo,2000,60,0,si,urgentes,1253,6908,21600.0,360.0,si,,,,181880.0,30185,1242,1120,1120,100.0,0,119,0,2137.2,2390.1,378,36258,0,88,684,18.486,37,0,0,0,59,313988,NO_EVALUABLE,1,16.0,LAPTOP-OMI6BJ6L,45a097c1b95bf1ad3f27d32ddffdc4ee8014640d7d379ca3df7bcd8b6f73c49a,b8d9ed2fd9f5011c1e05f5a5f6588b283367d7395a7bcc57ef6887d4ded60e12,60.0,200.0,11,120.0,ventanas,20270111,experimento_oficial_SIM_5D.csv
68,simulacion,SIM_5D,ALTA,115,1296,propio,ventas.202702.txt,ventas.202609.txt,bloqueo.2609.txt,,AG,1,3001,tiempo,2000,60,0,si,urgentes,1374,8019,3737.0,62.2833,no,c6321-L636 (c6321-L636),,destino bloqueado,47793.0,8033,419,292,293,99.66,0,38,0,2027.5,2198.9,430,50745,0,31,189,5.108,12,0,0,0,25,88185,NO_EVALUABLE,0,16.0,LAPTOP-OMI6BJ6L,45a097c1b95bf1ad3f27d32ddffdc4ee8014640d7d379ca3df7bcd8b6f73c49a,b8d9ed2fd9f5011c1e05f5a5f6588b283367d7395a7bcc57ef6887d4ded60e12,60.0,200.0,2,38.2833,ventanas,20270202,experimento_oficial_SIM_5D.csv
69,simulacion,SIM_5D,ALTA,115,1296,propio,ventas.202701.txt,ventas.202609.txt,bloqueo.2609.txt,,AG,26,3026,tiempo,2000,60,0,si,urgentes,1317,7145,14400.0,240.0,si,,,,185303.0,30969,1303,1175,1175,100.0,0,119,0,2137.8,2612.1,524,50105,0,100,724,19.568,34,0,0,0,78,315832,NO_EVALUABLE,0,16.0,LAPTOP-OMI6BJ6L,45a097c1b95bf1ad3f27d32ddffdc4ee8014640d7d379ca3df7bcd8b6f73c49a,b8d9ed2fd9f5011c1e05f5a5f6588b283367d7395a7bcc57ef6887d4ded60e12,60.0,200.0,6,120.0,ventanas,20270106,experimento_oficial_SIM_5D.csv
70,simulacion,SIM_5D,BAJA,78,1296,propio,ventas.202610.txt,ventas.202609.txt,bloqueo.2609.txt,,AG,26,3026,tiempo,2000,60,0,si,urgentes,938,5150,29155.0,485.9167,no,c4704-L3903 (c4704-L3903),,destino bloqueado,2461.0,363,43,17,18,94.44,0,5,0,2003.0,2008.4,429,54228,0,7,14,0.378,1,0,0,0,0,10238,NO_EVALUABLE,0,16.0,LAPTOP-OMI6BJ6L,45a097c1b95bf1ad3f27d32ddffdc4ee8014640d7d379ca3df7bcd8b6f73c49a,b8d9ed2fd9f5011c1e05f5a5f6588b283367d7395a7bcc57ef6887d4ded60e12,60.0,200.0,21,5.9167,ventanas,20261021,experimento_oficial_SIM_5D.csv
71,simulacion,SIM_5D,ALTA,115,1296,propio,ventas.202701.txt,ventas.202609.txt,bloqueo.2609.txt,,AG,5,3005,tiempo,2000,60,0,si,urgentes,1252,6929,21065.0,351.0833,no,c1821-L3755 (c1821-L3755),,destino bloqueado,126168.0,21058,889,780,781,99.87,0,87,0,2131.4,2412.7,229,24157,0,81,491,13.27,24,0,0,0,44,226652,NO_EVALUABLE,1,16.0,LAPTOP-OMI6BJ6L,45a097c1b95bf1ad3f27d32ddffdc4ee8014640d7d379ca3df7bcd8b6f73c49a,b8d9ed2fd9f5011c1e05f5a5f6588b283367d7395a7bcc57ef6887d4ded60e12,60.0,200.0,12,87.0833,ventanas,20270112,experimento_oficial_SIM_5D.csv
72,simulacion,SIM_5D,MEDIA,98,1296,propio,ventas.202612.txt,ventas.202609.txt,bloqueo.2609.txt,,TABU,2,3002,tiempo,2000,60,0,,urgentes,1238,6657,26778.0,446.3,no,c9323-L4361 (c9323-L4361),TB02,llegada tardía (a bordo),85913.0,14567,679,551,552,99.82,0,63,0,2001.1,2034.6,100283,765051,0,34,328,8.865,20,0,0,0,22,141131,NO_EVALUABLE,0,16.0,LAPTOP-OMI6BJ6L,45a097c1b95bf1ad3f27d32ddffdc4ee8014640d7d379ca3df7bcd8b6f73c49a,b8d9ed2fd9f5011c1e05f5a5f6588b283367d7395a7bcc57ef6887d4ded60e12,60.0,200.0,17,62.3,ventanas,20261217,experimento_oficial_SIM_5D.csv
73,simulacion,SIM_5D,BAJA,78,1296,propio,ventas.202610.txt,ventas.202609.txt,bloqueo.2609.txt,,AG,17,3017,tiempo,2000,60,0,si,urgentes,912,5044,29062.0,484.3667,no,c7612-L3889 (c7612-L3889),TM15,llegada tardía (a bordo),77242.0,12694,586,506,507,99.8,0,76,0,2009.9,2063.0,769,71405,0,246,299,8.081,17,0,0,0,6,164587,NO_EVALUABLE,0,16.0,LAPTOP-OMI6BJ6L,45a097c1b95bf1ad3f27d32ddffdc4ee8014640d7d379ca3df7bcd8b6f73c49a,b8d9ed2fd9f5011c1e05f5a5f6588b283367d7395a7bcc57ef6887d4ded60e12,60.0,200.0,18,76.3667,ventanas,20261018,experimento_oficial_SIM_5D.csv
74,simulacion,SIM_5D,MEDIA,98,1296,propio,ventas.202612.txt,ventas.202609.txt,bloqueo.2609.txt,,AG,19,3019,tiempo,2000,60,0,si,urgentes,1153,6499,12960.0,216.0,si,,,,174398.0,28992,1141,1064,1064,100.0,0,119,0,2032.1,2212.1,775,67398,0,175,664,17.946,39,0,0,0,98,270619,NO_EVALUABLE,0,16.0,LAPTOP-OMI6BJ6L,45a097c1b95bf1ad3f27d32ddffdc4ee8014640d7d379ca3df7bcd8b6f73c49a,b8d9ed2fd9f5011c1e05f5a5f6588b283367d7395a7bcc57ef6887d4ded60e12,60.0,200.0,5,120.0,ventanas,20261205,experimento_oficial_SIM_5D.csv
75,simulacion,SIM_5D,BAJA,78,1296,propio,ventas.202609.txt,ventas.202609.txt,bloqueo.2609.txt,,AG,1,3001,tiempo,2000,60,0,si,urgentes,912,4890,24480.0,408.0,si,,,,123109.0,20336,910,821,821,100.0,0,119,0,2020.9,2272.3,1381,121109,0,285,476,12.865,33,0,0,0,11,261980,NO_EVALUABLE,0,16.0,LAPTOP-OMI6BJ6L,45a097c1b95bf1ad3f27d32ddffdc4ee8014640d7d379ca3df7bcd8b6f73c49a,b8d9ed2fd9f5011c1e05f5a5f6588b283367d7395a7bcc57ef6887d4ded60e12,60.0,200.0,13,120.0,ventanas,20260913,experimento_oficial_SIM_5D.csv
76,simulacion,SIM_5D,ALTA,115,1296,propio,ventas.202701.txt,ventas.202609.txt,bloqueo.2609.txt,,TABU,20,3020,tiempo,2000,60,0,,urgentes,1261,6904,17045.0,284.0833,no,c9968-L3081 (c9968-L3081~1),TA09,llegada tardía (a bordo),95941.0,16256,741,606,607,99.84,0,68,0,2005.0,2085.3,56084,429349,0,11,373,10.081,19,0,0,0,23,172357,NO_EVALUABLE,0,16.0,LAPTOP-OMI6BJ6L,45a097c1b95bf1ad3f27d32ddffdc4ee8014640d7d379ca3df7bcd8b6f73c49a,b8d9ed2fd9f5011c1e05f5a5f6588b283367d7395a7bcc57ef6887d4ded60e12,60.0,200.0,10,68.0833,ventanas,20270110,experimento_oficial_SIM_5D.csv
77,simulacion,SIM_5D,BAJA,78,1296,propio,ventas.202609.txt,ventas.202609.txt,bloqueo.2609.txt,,TABU,27,3027,tiempo,2000,60,0,,urgentes,884,4800,20160.0,336.0,si,,,,126182.0,21023,873,787,787,100.0,0,119,0,2005.1,2087.2,225143,1419709,0,47,489,13.216,30,0,0,0,7,252100,NO_EVALUABLE,0,16.0,LAPTOP-OMI6BJ6L,45a097c1b95bf1ad3f27d32ddffdc4ee8014640d7d379ca3df7bcd8b6f73c49a,b8d9ed2fd9f5011c1e05f5a5f6588b283367d7395a7bcc57ef6887d4ded60e12,60.0,200.0,10,120.0,ventanas,20260910,experimento_oficial_SIM_5D.csv
78,simulacion,SIM_5D,ALTA,115,1296,propio,ventas.202701.txt,ventas.202609.txt,bloqueo.2609.txt,,TABU,24,3024,tiempo,2000,60,0,,urgentes,1316,7072,17045.0,284.0833,no,c9968-L3081 (c9968-L3081~1),TA06,llegada tardía (a bordo),186595.0,31605,1279,1149,1150,99.91,0,116,0,2005.5,2075.9,105408,741011,0,27,728,19.676,34,0,0,0,77,297370,NO_EVALUABLE,0,16.0,LAPTOP-OMI6BJ6L,45a097c1b95bf1ad3f27d32ddffdc4ee8014640d7d379ca3df7bcd8b6f73c49a,b8d9ed2fd9f5011c1e05f5a5f6588b283367d7395a7bcc57ef6887d4ded60e12,60.0,200.0,8,116.0833,ventanas,20270108,experimento_oficial_SIM_5D.csv
79,simulacion,SIM_5D,MEDIA,98,1296,propio,ventas.202611.txt,ventas.202609.txt,bloqueo.2609.txt,,AG,5,3005,tiempo,2000,60,0,si,urgentes,1085,6010,12960.0,216.0,si,,,,157408.0,25576,1076,984,984,100.0,0,119,0,2025.2,2294.1,1188,108359,0,182,590,15.946,40,0,0,0,41,266239,NO_EVALUABLE,1,16.0,LAPTOP-OMI6BJ6L,45a097c1b95bf1ad3f27d32ddffdc4ee8014640d7d379ca3df7bcd8b6f73c49a,b8d9ed2fd9f5011c1e05f5a5f6588b283367d7395a7bcc57ef6887d4ded60e12,60.0,200.0,5,120.0,ventanas,20261105,experimento_oficial_SIM_5D.csv
80,simulacion,SIM_5D,BAJA,78,1296,propio,ventas.202610.txt,ventas.202609.txt,bloqueo.2609.txt,,AG,8,3008,tiempo,2000,60,0,si,urgentes,1010,5640,23040.0,384.0,si,,,,145677.0,23932,1002,920,920,100.0,0,119,0,2031.9,2168.7,808,81572,0,232,556,15.027,31,0,0,0,20,272984,NO_EVALUABLE,0,16.0,LAPTOP-OMI6BJ6L,45a097c1b95bf1ad3f27d32ddffdc4ee8014640d7d379ca3df7bcd8b6f73c49a,b8d9ed2fd9f5011c1e05f5a5f6588b283367d7395a7bcc57ef6887d4ded60e12,60.0,200.0,12,120.0,ventanas,20261012,experimento_oficial_SIM_5D.csv
81,simulacion,SIM_5D,BAJA,78,1296,propio,ventas.202610.txt,ventas.202609.txt,bloqueo.2609.txt,,TABU,4,3004,tiempo,2000,60,0,,urgentes,1017,5348,7582.0,126.3667,no,c7742-L969 (c7742-L969),TA03,destino bloqueado,86727.0,14507,671,576,577,99.83,0,78,0,2005.0,2086.2,135638,942321,0,21,354,9.568,27,0,0,0,9,173217,NO_EVALUABLE,0,16.0,LAPTOP-OMI6BJ6L,45a097c1b95bf1ad3f27d32ddffdc4ee8014640d7d379ca3df7bcd8b6f73c49a,b8d9ed2fd9f5011c1e05f5a5f6588b283367d7395a7bcc57ef6887d4ded60e12,60.0,200.0,3,78.3667,ventanas,20261003,experimento_oficial_SIM_5D.csv
82,simulacion,SIM_5D,BAJA,78,1296,propio,ventas.202610.txt,ventas.202609.txt,bloqueo.2609.txt,,AG,9,3009,tiempo,2000,60,0,si,urgentes,982,5365,17280.0,288.0,si,,,,134210.0,22394,973,880,880,100.0,0,119,0,2019.4,2135.2,1055,103487,0,395,525,14.189,32,0,0,0,16,264287,NO_EVALUABLE,0,16.0,LAPTOP-OMI6BJ6L,45a097c1b95bf1ad3f27d32ddffdc4ee8014640d7d379ca3df7bcd8b6f73c49a,b8d9ed2fd9f5011c1e05f5a5f6588b283367d7395a7bcc57ef6887d4ded60e12,60.0,200.0,8,120.0,ventanas,20261008,experimento_oficial_SIM_5D.csv
83,simulacion,SIM_5D,ALTA,115,1296,propio,ventas.202701.txt,ventas.202609.txt,bloqueo.2609.txt,,TABU,17,3017,tiempo,2000,60,0,,urgentes,1306,7098,6984.0,116.4,no,c9386-L1248 (c9386-L1248~2),,llegada tardía (planificada),97273.0,16189,747,595,596,99.83,0,68,0,2001.0,2061.3,88880,600599,0,25,381,10.297,19,0,0,0,36,152318,NO_EVALUABLE,0,16.0,LAPTOP-OMI6BJ6L,45a097c1b95bf1ad3f27d32ddffdc4ee8014640d7d379ca3df7bcd8b6f73c49a,b8d9ed2fd9f5011c1e05f5a5f6588b283367d7395a7bcc57ef6887d4ded60e12,60.0,200.0,3,68.4,ventanas,20270103,experimento_oficial_SIM_5D.csv
84,simulacion,SIM_5D,ALTA,115,1296,propio,ventas.202701.txt,ventas.202609.txt,bloqueo.2609.txt,,TABU,26,3026,tiempo,2000,60,0,,urgentes,1317,7145,14400.0,240.0,si,,,,187512.0,31838,1303,1164,1164,100.0,0,119,0,2002.5,2048.0,91345,615599,0,26,743,20.081,37,0,0,0,69,301755,NO_EVALUABLE,0,16.0,LAPTOP-OMI6BJ6L,45a097c1b95bf1ad3f27d32ddffdc4ee8014640d7d379ca3df7bcd8b6f73c49a,b8d9ed2fd9f5011c1e05f5a5f6588b283367d7395a7bcc57ef6887d4ded60e12,60.0,200.0,6,120.0,ventanas,20270106,experimento_oficial_SIM_5D.csv
85,simulacion,SIM_5D,ALTA,115,1296,propio,ventas.202702.txt,ventas.202609.txt,bloqueo.2609.txt,,AG,15,3015,tiempo,2000,60,0,si,urgentes,1341,7440,15853.0,264.2167,no,c0298-L3030 (c0298-L3030),TB06,llegada tardía (a bordo),107618.0,18014,836,662,663,99.85,0,72,0,2142.5,2413.8,394,43609,0,106,431,11.649,26,0,0,0,53,189055,NO_EVALUABLE,0,16.0,LAPTOP-OMI6BJ6L,45a097c1b95bf1ad3f27d32ddffdc4ee8014640d7d379ca3df7bcd8b6f73c49a,b8d9ed2fd9f5011c1e05f5a5f6588b283367d7395a7bcc57ef6887d4ded60e12,60.0,200.0,9,72.2167,ventanas,20270209,experimento_oficial_SIM_5D.csv
86,simulacion,SIM_5D,MEDIA,98,1296,propio,ventas.202611.txt,ventas.202609.txt,bloqueo.2609.txt,,TABU,5,3005,tiempo,2000,60,0,,urgentes,1085,6010,12960.0,216.0,si,,,,161505.0,26872,1076,982,982,100.0,0,119,0,2005.7,2075.7,162840,1068291,0,32,608,16.432,37,0,0,0,44,266459,NO_EVALUABLE,1,16.0,LAPTOP-OMI6BJ6L,45a097c1b95bf1ad3f27d32ddffdc4ee8014640d7d379ca3df7bcd8b6f73c49a,b8d9ed2fd9f5011c1e05f5a5f6588b283367d7395a7bcc57ef6887d4ded60e12,60.0,200.0,5,120.0,ventanas,20261105,experimento_oficial_SIM_5D.csv
87,simulacion,SIM_5D,BAJA,78,1296,propio,ventas.202609.txt,ventas.202609.txt,bloqueo.2609.txt,,TABU,29,3029,tiempo,2000,60,0,,urgentes,795,4472,11520.0,192.0,si,,,,114331.0,18897,790,732,732,100.0,0,119,0,2003.9,2083.0,211113,1371776,0,28,450,12.162,35,0,0,0,13,256520,NO_EVALUABLE,0,16.0,LAPTOP-OMI6BJ6L,45a097c1b95bf1ad3f27d32ddffdc4ee8014640d7d379ca3df7bcd8b6f73c49a,b8d9ed2fd9f5011c1e05f5a5f6588b283367d7395a7bcc57ef6887d4ded60e12,60.0,200.0,4,120.0,ventanas,20260904,experimento_oficial_SIM_5D.csv
88,simulacion,SIM_5D,MEDIA,98,1296,propio,ventas.202612.txt,ventas.202609.txt,bloqueo.2609.txt,,TABU,6,3006,tiempo,2000,60,0,,urgentes,1210,6786,10080.0,168.0,si,,,,185455.0,30744,1199,1095,1095,100.0,0,119,0,2002.7,2085.6,139074,971367,0,9,696,18.811,34,0,0,0,96,271948,NO_EVALUABLE,0,16.0,LAPTOP-OMI6BJ6L,45a097c1b95bf1ad3f27d32ddffdc4ee8014640d7d379ca3df7bcd8b6f73c49a,b8d9ed2fd9f5011c1e05f5a5f6588b283367d7395a7bcc57ef6887d4ded60e12,60.0,200.0,3,120.0,ventanas,20261203,experimento_oficial_SIM_5D.csv
89,simulacion,SIM_5D,BAJA,78,1296,propio,ventas.202609.txt,ventas.202609.txt,bloqueo.2609.txt,,AG,20,3020,tiempo,2000,60,0,si,urgentes,886,4907,33304.0,555.0667,no,c9995-L3923 (c9995-L3923),TA02,llegada tardía (a bordo),98863.0,16441,720,634,635,99.84,0,99,0,2014.4,2089.6,1821,156931,0,250,396,10.703,32,0,0,0,11,216240,NO_EVALUABLE,0,16.0,LAPTOP-OMI6BJ6L,45a097c1b95bf1ad3f27d32ddffdc4ee8014640d7d379ca3df7bcd8b6f73c49a,b8d9ed2fd9f5011c1e05f5a5f6588b283367d7395a7bcc57ef6887d4ded60e12,60.0,200.0,20,99.0667,ventanas,20260920,experimento_oficial_SIM_5D.csv
90,simulacion,SIM_5D,BAJA,78,1296,propio,ventas.202609.txt,ventas.202609.txt,bloqueo.2609.txt,,TABU,33,3033,tiempo,2000,60,0,,urgentes,871,4795,25920.0,432.0,si,,,,128646.0,21671,870,802,802,100.0,0,119,0,2004.5,2078.8,192534,1339720,0,35,507,13.703,29,0,0,0,16,263452,NO_EVALUABLE,0,16.0,LAPTOP-OMI6BJ6L,45a097c1b95bf1ad3f27d32ddffdc4ee8014640d7d379ca3df7bcd8b6f73c49a,b8d9ed2fd9f5011c1e05f5a5f6588b283367d7395a7bcc57ef6887d4ded60e12,60.0,200.0,14,120.0,ventanas,20260914,experimento_oficial_SIM_5D.csv
91,simulacion,SIM_5D,BAJA,78,1296,propio,ventas.202609.txt,ventas.202609.txt,bloqueo.2609.txt,,AG,2,3002,tiempo,2000,60,0,si,urgentes,878,4817,30240.0,504.0,si,,,,126406.0,21263,875,801,801,100.0,0,119,0,2015.5,2110.8,1022,88699,0,195,500,13.514,28,0,0,0,16,264633,NO_EVALUABLE,0,16.0,LAPTOP-OMI6BJ6L,45a097c1b95bf1ad3f27d32ddffdc4ee8014640d7d379ca3df7bcd8b6f73c49a,b8d9ed2fd9f5011c1e05f5a5f6588b283367d7395a7bcc57ef6887d4ded60e12,60.0,200.0,17,120.0,ventanas,20260917,experimento_oficial_SIM_5D.csv
92,simulacion,SIM_5D,BAJA,78,1296,propio,ventas.202610.txt,ventas.202609.txt,bloqueo.2609.txt,,TABU,23,3023,tiempo,2000,60,0,,urgentes,985,5218,7582.0,126.3667,no,c7742-L969 (c7742-L969),,destino bloqueado,113458.0,19067,833,743,744,99.87,0,102,0,2002.0,2077.1,170984,1166038,0,41,457,12.351,29,0,0,0,10,225533,NO_EVALUABLE,0,16.0,LAPTOP-OMI6BJ6L,45a097c1b95bf1ad3f27d32ddffdc4ee8014640d7d379ca3df7bcd8b6f73c49a,b8d9ed2fd9f5011c1e05f5a5f6588b283367d7395a7bcc57ef6887d4ded60e12,60.0,200.0,2,102.3667,ventanas,20261002,experimento_oficial_SIM_5D.csv
93,simulacion,SIM_5D,MEDIA,98,1296,propio,ventas.202612.txt,ventas.202609.txt,bloqueo.2609.txt,,AG,21,3021,tiempo,2000,60,0,si,urgentes,1137,6368,14400.0,240.0,si,,,,161046.0,26510,1130,1009,1009,100.0,0,119,0,2034.7,2228.0,1073,98140,0,265,606,16.378,33,0,0,0,77,270553,NO_EVALUABLE,0,16.0,LAPTOP-OMI6BJ6L,45a097c1b95bf1ad3f27d32ddffdc4ee8014640d7d379ca3df7bcd8b6f73c49a,b8d9ed2fd9f5011c1e05f5a5f6588b283367d7395a7bcc57ef6887d4ded60e12,60.0,200.0,6,120.0,ventanas,20261206,experimento_oficial_SIM_5D.csv
94,simulacion,SIM_5D,BAJA,78,1296,propio,ventas.202609.txt,ventas.202609.txt,bloqueo.2609.txt,,TABU,7,3007,tiempo,2000,60,0,,urgentes,940,5143,37440.0,624.0,si,,,,137934.0,23511,928,838,838,100.0,0,119,0,2005.8,2095.8,171449,1075906,0,12,540,14.595,33,0,0,0,15,264896,NO_EVALUABLE,0,16.0,LAPTOP-OMI6BJ6L,45a097c1b95bf1ad3f27d32ddffdc4ee8014640d7d379ca3df7bcd8b6f73c49a,b8d9ed2fd9f5011c1e05f5a5f6588b283367d7395a7bcc57ef6887d4ded60e12,60.0,200.0,22,120.0,ventanas,20260922,experimento_oficial_SIM_5D.csv
95,simulacion,SIM_5D,MEDIA,98,1296,propio,ventas.202611.txt,ventas.202609.txt,bloqueo.2609.txt,,AG,7,3007,tiempo,2000,60,0,si,urgentes,1128,6294,28311.0,471.85,no,c6031-L4314 (c6031-L4314),TA02,destino bloqueado,76452.0,12704,577,486,487,99.79,0,63,0,2017.2,2074.4,699,64351,0,146,294,7.946,18,0,0,0,13,138414,NO_EVALUABLE,0,16.0,LAPTOP-OMI6BJ6L,45a097c1b95bf1ad3f27d32ddffdc4ee8014640d7d379ca3df7bcd8b6f73c49a,b8d9ed2fd9f5011c1e05f5a5f6588b283367d7395a7bcc57ef6887d4ded60e12,60.0,200.0,18,63.85,ventanas,20261118,experimento_oficial_SIM_5D.csv
96,simulacion,SIM_5D,BAJA,78,1296,propio,ventas.202609.txt,ventas.202609.txt,bloqueo.2609.txt,,TABU,11,3011,tiempo,2000,60,0,,urgentes,833,4673,15840.0,264.0,si,,,,124268.0,20737,825,758,758,100.0,0,119,0,2005.2,2075.7,246968,1654864,0,41,496,13.405,34,0,0,0,16,253235,NO_EVALUABLE,0,16.0,LAPTOP-OMI6BJ6L,45a097c1b95bf1ad3f27d32ddffdc4ee8014640d7d379ca3df7bcd8b6f73c49a,b8d9ed2fd9f5011c1e05f5a5f6588b283367d7395a7bcc57ef6887d4ded60e12,60.0,200.0,7,120.0,ventanas,20260907,experimento_oficial_SIM_5D.csv
97,simulacion,SIM_5D,MEDIA,98,1296,propio,ventas.202611.txt,ventas.202609.txt,bloqueo.2609.txt,,AG,15,3015,tiempo,2000,60,0,si,urgentes,1212,6531,17161.0,286.0167,no,c4269-L2555 (c4269-L2555),,destino bloqueado,19331.0,3104,228,129,130,99.23,0,22,0,2023.1,2170.8,479,53702,0,57,79,2.135,8,0,0,0,0,50048,NO_EVALUABLE,0,16.0,LAPTOP-OMI6BJ6L,45a097c1b95bf1ad3f27d32ddffdc4ee8014640d7d379ca3df7bcd8b6f73c49a,b8d9ed2fd9f5011c1e05f5a5f6588b283367d7395a7bcc57ef6887d4ded60e12,60.0,200.0,12,22.0167,ventanas,20261112,experimento_oficial_SIM_5D.csv
98,simulacion,SIM_5D,MEDIA,98,1296,propio,ventas.202612.txt,ventas.202609.txt,bloqueo.2609.txt,,AG,30,3030,tiempo,2000,60,0,si,urgentes,1309,7100,24480.0,408.0,si,,,,185474.0,30959,1290,1147,1147,100.0,0,120,0,2096.7,2551.6,1151,134185,0,121,714,19.297,35,0,0,0,60,297955,NO_EVALUABLE,0,16.0,LAPTOP-OMI6BJ6L,45a097c1b95bf1ad3f27d32ddffdc4ee8014640d7d379ca3df7bcd8b6f73c49a,b8d9ed2fd9f5011c1e05f5a5f6588b283367d7395a7bcc57ef6887d4ded60e12,60.0,200.0,13,120.0,ventanas,20261213,experimento_oficial_SIM_5D.csv
99,simulacion,SIM_5D,MEDIA,98,1296,propio,ventas.202611.txt,ventas.202609.txt,bloqueo.2609.txt,,AG,26,3026,tiempo,2000,60,0,si,urgentes,1184,6452,17161.0,286.0167,no,c4269-L2555 (c4269-L2555),,destino bloqueado,123821.0,20666,902,775,776,99.87,0,94,0,2040.2,2351.9,693,65804,0,172,473,12.784,30,0,0,0,21,218141,NO_EVALUABLE,1,16.0,LAPTOP-OMI6BJ6L,45a097c1b95bf1ad3f27d32ddffdc4ee8014640d7d379ca3df7bcd8b6f73c49a,b8d9ed2fd9f5011c1e05f5a5f6588b283367d7395a7bcc57ef6887d4ded60e12,60.0,200.0,9,94.0167,ventanas,20261109,experimento_oficial_SIM_5D.csv
100,simulacion,SIM_5D,ALTA,115,1296,propio,ventas.202702.txt,ventas.202609.txt,bloqueo.2609.txt,,TABU,9,3009,tiempo,2000,60,0,,urgentes,1395,7695,20239.0,337.3167,no,c0651-L3739 (c0651-L3739),TA09,llegada tardía (a bordo),162358.0,26959,1141,978,979,99.9,0,97,0,2004.2,2072.6,83382,575510,0,10,627,16.946,33,0,0,0,90,238449,NO_EVALUABLE,0,16.0,LAPTOP-OMI6BJ6L,45a097c1b95bf1ad3f27d32ddffdc4ee8014640d7d379ca3df7bcd8b6f73c49a,b8d9ed2fd9f5011c1e05f5a5f6588b283367d7395a7bcc57ef6887d4ded60e12,60.0,200.0,11,97.3167,ventanas,20270211,experimento_oficial_SIM_5D.csv
101,simulacion,SIM_5D,MEDIA,98,1296,propio,ventas.202611.txt,ventas.202609.txt,bloqueo.2609.txt,,TABU,33,3033,tiempo,2000,60,0,,urgentes,1104,6145,15840.0,264.0,si,,,,163955.0,27387,1098,997,997,100.0,0,120,0,2003.3,2068.1,192191,1274950,0,33,639,17.27,31,0,0,0,39,266098,NO_EVALUABLE,1,16.0,LAPTOP-OMI6BJ6L,45a097c1b95bf1ad3f27d32ddffdc4ee8014640d7d379ca3df7bcd8b6f73c49a,b8d9ed2fd9f5011c1e05f5a5f6588b283367d7395a7bcc57ef6887d4ded60e12,60.0,200.0,7,120.0,ventanas,20261107,experimento_oficial_SIM_5D.csv
102,simulacion,SIM_5D,ALTA,115,1296,propio,ventas.202701.txt,ventas.202609.txt,bloqueo.2609.txt,,AG,14,3014,tiempo,2000,60,0,si,urgentes,1332,7232,3082.0,51.3667,no,c3821-L539 (c3821-L539),,destino bloqueado,68307.0,11614,583,445,446,99.78,0,51,0,2012.8,2045.0,434,36938,0,152,271,7.324,13,0,0,0,26,111445,NO_EVALUABLE,0,16.0,LAPTOP-OMI6BJ6L,45a097c1b95bf1ad3f27d32ddffdc4ee8014640d7d379ca3df7bcd8b6f73c49a,b8d9ed2fd9f5011c1e05f5a5f6588b283367d7395a7bcc57ef6887d4ded60e12,60.0,200.0,1,51.3667,ventanas,20270101,experimento_oficial_SIM_5D.csv
103,simulacion,SIM_5D,ALTA,115,1296,propio,ventas.202702.txt,ventas.202609.txt,bloqueo.2609.txt,,TABU,19,3019,tiempo,2000,60,0,,urgentes,1437,8069,8961.0,149.35,no,c4936-L1655 (c4936-L1655~1),TA09,llegada tardía (a bordo),39299.0,6510,383,231,232,99.57,0,29,0,2002.5,2016.6,38106,310728,0,22,158,4.27,9,0,0,0,22,70452,NO_EVALUABLE,0,16.0,LAPTOP-OMI6BJ6L,45a097c1b95bf1ad3f27d32ddffdc4ee8014640d7d379ca3df7bcd8b6f73c49a,b8d9ed2fd9f5011c1e05f5a5f6588b283367d7395a7bcc57ef6887d4ded60e12,60.0,200.0,6,29.35,ventanas,20270206,experimento_oficial_SIM_5D.csv
104,simulacion,SIM_5D,ALTA,115,1296,propio,ventas.202702.txt,ventas.202609.txt,bloqueo.2609.txt,,AG,6,3006,tiempo,2000,60,0,si,urgentes,1447,8012,10873.0,181.2167,no,c3167-L2072 (c3167-L2072),TB09,llegada tardía (a bordo),59693.0,9767,477,331,332,99.7,0,38,0,2118.6,2412.2,994,127226,0,52,230,6.216,12,0,0,0,38,98347,NO_EVALUABLE,0,16.0,LAPTOP-OMI6BJ6L,45a097c1b95bf1ad3f27d32ddffdc4ee8014640d7d379ca3df7bcd8b6f73c49a,b8d9ed2fd9f5011c1e05f5a5f6588b283367d7395a7bcc57ef6887d4ded60e12,60.0,200.0,7,37.2167,ventanas,20270207,experimento_oficial_SIM_5D.csv
105,simulacion,SIM_5D,BAJA,78,1296,propio,ventas.202610.txt,ventas.202609.txt,bloqueo.2609.txt,,TABU,12,3012,tiempo,2000,60,0,,urgentes,886,4932,33120.0,552.0,si,,,,128117.0,21088,877,820,820,100.0,0,119,0,2003.2,2063.4,215511,1449012,0,48,489,13.216,33,0,0,0,29,251789,NO_EVALUABLE,0,16.0,LAPTOP-OMI6BJ6L,45a097c1b95bf1ad3f27d32ddffdc4ee8014640d7d379ca3df7bcd8b6f73c49a,b8d9ed2fd9f5011c1e05f5a5f6588b283367d7395a7bcc57ef6887d4ded60e12,60.0,200.0,19,120.0,ventanas,20261019,experimento_oficial_SIM_5D.csv
106,simulacion,SIM_5D,MEDIA,98,1296,propio,ventas.202612.txt,ventas.202609.txt,bloqueo.2609.txt,,TABU,28,3028,tiempo,2000,60,0,,urgentes,1124,6242,15840.0,264.0,si,,,,164032.0,27054,1111,1021,1021,100.0,0,119,0,2005.2,2085.7,136215,893443,0,10,627,16.946,45,0,0,0,59,266677,NO_EVALUABLE,0,16.0,LAPTOP-OMI6BJ6L,45a097c1b95bf1ad3f27d32ddffdc4ee8014640d7d379ca3df7bcd8b6f73c49a,b8d9ed2fd9f5011c1e05f5a5f6588b283367d7395a7bcc57ef6887d4ded60e12,60.0,200.0,7,120.0,ventanas,20261207,experimento_oficial_SIM_5D.csv
107,simulacion,SIM_5D,BAJA,78,1296,propio,ventas.202610.txt,ventas.202609.txt,bloqueo.2609.txt,,AG,16,3016,tiempo,2000,60,0,si,urgentes,974,5387,20160.0,336.0,si,,,,142438.0,23613,964,890,890,100.0,0,119,0,2019.3,2129.2,942,86420,0,211,546,14.757,28,0,0,0,12,264116,NO_EVALUABLE,0,16.0,LAPTOP-OMI6BJ6L,45a097c1b95bf1ad3f27d32ddffdc4ee8014640d7d379ca3df7bcd8b6f73c49a,b8d9ed2fd9f5011c1e05f5a5f6588b283367d7395a7bcc57ef6887d4ded60e12,60.0,200.0,10,120.0,ventanas,20261010,experimento_oficial_SIM_5D.csv
108,simulacion,SIM_5D,MEDIA,98,1296,propio,ventas.202611.txt,ventas.202609.txt,bloqueo.2609.txt,,AG,33,3033,tiempo,2000,60,0,si,urgentes,1104,6145,15840.0,264.0,si,,,,156698.0,25908,1098,995,995,100.0,0,120,0,2022.2,2136.9,1510,139205,0,170,603,16.297,34,0,0,0,45,269708,NO_EVALUABLE,1,16.0,LAPTOP-OMI6BJ6L,45a097c1b95bf1ad3f27d32ddffdc4ee8014640d7d379ca3df7bcd8b6f73c49a,b8d9ed2fd9f5011c1e05f5a5f6588b283367d7395a7bcc57ef6887d4ded60e12,60.0,200.0,7,120.0,ventanas,20261107,experimento_oficial_SIM_5D.csv
109,simulacion,SIM_5D,MEDIA,98,1296,propio,ventas.202611.txt,ventas.202609.txt,bloqueo.2609.txt,,TABU,18,3018,tiempo,2000,60,0,,urgentes,1146,6266,17280.0,288.0,si,,,,165915.0,27494,1133,1010,1010,100.0,0,119,0,2006.0,2078.1,141623,888504,0,20,619,16.73,33,0,0,0,45,273471,NO_EVALUABLE,1,16.0,LAPTOP-OMI6BJ6L,45a097c1b95bf1ad3f27d32ddffdc4ee8014640d7d379ca3df7bcd8b6f73c49a,b8d9ed2fd9f5011c1e05f5a5f6588b283367d7395a7bcc57ef6887d4ded60e12,60.0,200.0,8,120.0,ventanas,20261108,experimento_oficial_SIM_5D.csv
110,simulacion,SIM_5D,MEDIA,98,1296,propio,ventas.202612.txt,ventas.202609.txt,bloqueo.2609.txt,,TABU,20,3020,tiempo,2000,60,0,,urgentes,1145,6300,7200.0,120.0,si,,,,167446.0,27799,1136,1026,1026,100.0,0,119,0,2003.0,2058.0,157116,1092486,0,16,646,17.459,38,0,0,0,62,268001,NO_EVALUABLE,0,16.0,LAPTOP-OMI6BJ6L,45a097c1b95bf1ad3f27d32ddffdc4ee8014640d7d379ca3df7bcd8b6f73c49a,b8d9ed2fd9f5011c1e05f5a5f6588b283367d7395a7bcc57ef6887d4ded60e12,60.0,200.0,1,120.0,ventanas,20261201,experimento_oficial_SIM_5D.csv
111,simulacion,SIM_5D,ALTA,115,1296,propio,ventas.202702.txt,ventas.202609.txt,bloqueo.2609.txt,,AG,21,3021,tiempo,2000,60,0,si,urgentes,1355,7479,20029.0,333.8167,no,c7996-L3637 (c7996-L3637),,llegada tardía (planificada),104731.0,17013,771,625,626,99.84,0,69,0,2060.5,2248.0,608,55946,0,156,395,10.676,22,0,0,0,39,165217,NO_EVALUABLE,0,16.0,LAPTOP-OMI6BJ6L,45a097c1b95bf1ad3f27d32ddffdc4ee8014640d7d379ca3df7bcd8b6f73c49a,b8d9ed2fd9f5011c1e05f5a5f6588b283367d7395a7bcc57ef6887d4ded60e12,60.0,200.0,12,69.8167,ventanas,20270212,experimento_oficial_SIM_5D.csv
112,simulacion,SIM_5D,BAJA,78,1296,propio,ventas.202610.txt,ventas.202609.txt,bloqueo.2609.txt,,AG,35,3035,tiempo,2000,60,0,si,urgentes,968,5198,15840.0,264.0,si,,,,135807.0,22316,959,888,888,100.0,0,119,0,2020.3,2183.8,1426,121096,0,321,521,14.081,31,0,0,0,22,263831,NO_EVALUABLE,0,16.0,LAPTOP-OMI6BJ6L,45a097c1b95bf1ad3f27d32ddffdc4ee8014640d7d379ca3df7bcd8b6f73c49a,b8d9ed2fd9f5011c1e05f5a5f6588b283367d7395a7bcc57ef6887d4ded60e12,60.0,200.0,7,120.0,ventanas,20261007,experimento_oficial_SIM_5D.csv
113,simulacion,SIM_5D,BAJA,78,1296,propio,ventas.202610.txt,ventas.202609.txt,bloqueo.2609.txt,,AG,4,3004,tiempo,2000,60,0,si,urgentes,1017,5348,7582.0,126.3667,no,c7742-L969 (c7742-L969),,destino bloqueado,85333.0,14259,671,577,578,99.83,0,78,0,2043.3,2292.6,1148,114326,0,122,342,9.243,25,0,0,0,22,178214,NO_EVALUABLE,0,16.0,LAPTOP-OMI6BJ6L,45a097c1b95bf1ad3f27d32ddffdc4ee8014640d7d379ca3df7bcd8b6f73c49a,b8d9ed2fd9f5011c1e05f5a5f6588b283367d7395a7bcc57ef6887d4ded60e12,60.0,200.0,3,78.3667,ventanas,20261003,experimento_oficial_SIM_5D.csv
114,simulacion,SIM_5D,ALTA,115,1296,propio,ventas.202702.txt,ventas.202609.txt,bloqueo.2609.txt,,TABU,6,3006,tiempo,2000,60,0,,urgentes,1447,8012,11343.0,189.05,no,c9464-L2166 (c9464-L2166),,llegada tardía (planificada),71029.0,11646,578,413,414,99.76,0,46,0,2002.4,2081.2,69229,604961,0,32,270,7.297,15,0,0,0,40,111354,NO_EVALUABLE,0,16.0,LAPTOP-OMI6BJ6L,45a097c1b95bf1ad3f27d32ddffdc4ee8014640d7d379ca3df7bcd8b6f73c49a,b8d9ed2fd9f5011c1e05f5a5f6588b283367d7395a7bcc57ef6887d4ded60e12,60.0,200.0,7,45.05,ventanas,20270207,experimento_oficial_SIM_5D.csv
115,simulacion,SIM_5D,ALTA,115,1296,propio,ventas.202701.txt,ventas.202609.txt,bloqueo.2609.txt,,TABU,23,3023,tiempo,2000,60,0,,urgentes,1295,7036,6723.0,112.05,no,c2500-L1191 (c2500-L1191~2),,llegada tardía (planificada),51831.0,8752,448,304,305,99.67,0,40,0,1999.9,2013.4,82421,619376,0,22,215,5.811,12,0,0,0,18,87161,NO_EVALUABLE,0,16.0,LAPTOP-OMI6BJ6L,45a097c1b95bf1ad3f27d32ddffdc4ee8014640d7d379ca3df7bcd8b6f73c49a,b8d9ed2fd9f5011c1e05f5a5f6588b283367d7395a7bcc57ef6887d4ded60e12,60.0,200.0,4,40.05,ventanas,20270104,experimento_oficial_SIM_5D.csv
116,simulacion,SIM_5D,MEDIA,98,1296,propio,ventas.202612.txt,ventas.202609.txt,bloqueo.2609.txt,,AG,16,3016,tiempo,2000,60,0,si,urgentes,1165,6496,8640.0,144.0,si,,,,170774.0,28209,1157,1049,1049,100.0,0,119,0,2045.3,2427.1,964,99858,0,220,646,17.459,36,0,0,0,72,273642,NO_EVALUABLE,0,16.0,LAPTOP-OMI6BJ6L,45a097c1b95bf1ad3f27d32ddffdc4ee8014640d7d379ca3df7bcd8b6f73c49a,b8d9ed2fd9f5011c1e05f5a5f6588b283367d7395a7bcc57ef6887d4ded60e12,60.0,200.0,2,120.0,ventanas,20261202,experimento_oficial_SIM_5D.csv
117,simulacion,SIM_5D,BAJA,78,1296,propio,ventas.202609.txt,ventas.202609.txt,bloqueo.2609.txt,,AG,33,3033,tiempo,2000,60,0,si,urgentes,871,4795,25920.0,432.0,si,,,,122579.0,20214,870,802,802,100.0,0,119,0,2016.9,2166.4,1366,118502,0,388,468,12.649,30,0,0,0,18,260327,NO_EVALUABLE,0,16.0,LAPTOP-OMI6BJ6L,45a097c1b95bf1ad3f27d32ddffdc4ee8014640d7d379ca3df7bcd8b6f73c49a,b8d9ed2fd9f5011c1e05f5a5f6588b283367d7395a7bcc57ef6887d4ded60e12,60.0,200.0,14,120.0,ventanas,20260914,experimento_oficial_SIM_5D.csv
118,simulacion,SIM_5D,ALTA,115,1296,propio,ventas.202701.txt,ventas.202609.txt,bloqueo.2609.txt,,TABU,25,3025,tiempo,2000,60,0,,urgentes,1265,7010,24480.0,408.0,si,,,,188312.0,31285,1253,1126,1126,100.0,0,119,0,2004.4,2067.6,92196,641924,0,22,712,19.243,38,0,0,0,61,290888,NO_EVALUABLE,1,16.0,LAPTOP-OMI6BJ6L,45a097c1b95bf1ad3f27d32ddffdc4ee8014640d7d379ca3df7bcd8b6f73c49a,b8d9ed2fd9f5011c1e05f5a5f6588b283367d7395a7bcc57ef6887d4ded60e12,60.0,200.0,13,120.0,ventanas,20270113,experimento_oficial_SIM_5D.csv
119,simulacion,SIM_5D,ALTA,115,1296,propio,ventas.202702.txt,ventas.202609.txt,bloqueo.2609.txt,,AG,8,3008,tiempo,2000,60,0,si,urgentes,1431,8270,3737.0,62.2833,no,c6321-L636 (c6321-L636),,destino bloqueado,9886.0,1507,154,68,69,98.55,0,14,0,2013.5,2074.7,382,38531,0,62,46,1.243,5,0,0,0,5,29877,NO_EVALUABLE,0,16.0,LAPTOP-OMI6BJ6L,45a097c1b95bf1ad3f27d32ddffdc4ee8014640d7d379ca3df7bcd8b6f73c49a,b8d9ed2fd9f5011c1e05f5a5f6588b283367d7395a7bcc57ef6887d4ded60e12,60.0,200.0,3,14.2833,ventanas,20270203,experimento_oficial_SIM_5D.csv
120,simulacion,SIM_5D,ALTA,115,1296,propio,ventas.202702.txt,ventas.202609.txt,bloqueo.2609.txt,,TABU,28,3028,tiempo,2000,60,0,,urgentes,1456,8318,7988.0,133.1333,no,c0892-L1457 (c0892-L1457~1),,llegada tardía (planificada),90115.0,14965,713,541,542,99.82,0,61,0,2001.4,2065.0,66782,484850,0,11,374,10.108,20,0,0,0,41,145186,NO_EVALUABLE,0,16.0,LAPTOP-OMI6BJ6L,45a097c1b95bf1ad3f27d32ddffdc4ee8014640d7d379ca3df7bcd8b6f73c49a,b8d9ed2fd9f5011c1e05f5a5f6588b283367d7395a7bcc57ef6887d4ded60e12,60.0,200.0,4,61.1333,ventanas,20270204,experimento_oficial_SIM_5D.csv
121,simulacion,SIM_5D,MEDIA,98,1296,propio,ventas.202612.txt,ventas.202609.txt,bloqueo.2609.txt,,TABU,16,3016,tiempo,2000,60,0,,urgentes,1165,6496,8640.0,144.0,si,,,,169751.0,28097,1157,1039,1039,100.0,0,119,0,2006.5,2086.6,156899,1075343,0,23,643,17.378,37,0,0,0,64,268674,NO_EVALUABLE,0,16.0,LAPTOP-OMI6BJ6L,45a097c1b95bf1ad3f27d32ddffdc4ee8014640d7d379ca3df7bcd8b6f73c49a,b8d9ed2fd9f5011c1e05f5a5f6588b283367d7395a7bcc57ef6887d4ded60e12,60.0,200.0,2,120.0,ventanas,20261202,experimento_oficial_SIM_5D.csv
122,simulacion,SIM_5D,ALTA,115,1296,propio,ventas.202701.txt,ventas.202609.txt,bloqueo.2609.txt,,TABU,16,3016,tiempo,2000,60,0,,urgentes,1305,7266,27360.0,456.0,si,,,,194435.0,32309,1293,1161,1161,100.0,0,119,0,2002.6,2051.3,104850,675599,0,16,740,20.0,37,0,0,0,89,282988,NO_EVALUABLE,0,16.0,LAPTOP-OMI6BJ6L,45a097c1b95bf1ad3f27d32ddffdc4ee8014640d7d379ca3df7bcd8b6f73c49a,b8d9ed2fd9f5011c1e05f5a5f6588b283367d7395a7bcc57ef6887d4ded60e12,60.0,200.0,15,120.0,ventanas,20270115,experimento_oficial_SIM_5D.csv
123,simulacion,SIM_5D,MEDIA,98,1296,propio,ventas.202611.txt,ventas.202609.txt,bloqueo.2609.txt,,TABU,1,3001,tiempo,2000,60,0,,urgentes,1112,6118,25920.0,432.0,si,,,,161885.0,26955,1106,1013,1013,100.0,0,119,0,2003.5,2074.4,157311,1011542,0,49,639,17.27,36,0,0,0,35,260746,NO_EVALUABLE,0,16.0,LAPTOP-OMI6BJ6L,45a097c1b95bf1ad3f27d32ddffdc4ee8014640d7d379ca3df7bcd8b6f73c49a,b8d9ed2fd9f5011c1e05f5a5f6588b283367d7395a7bcc57ef6887d4ded60e12,60.0,200.0,14,120.0,ventanas,20261114,experimento_oficial_SIM_5D.csv
124,simulacion,SIM_5D,BAJA,78,1296,propio,ventas.202610.txt,ventas.202609.txt,bloqueo.2609.txt,,TABU,8,3008,tiempo,2000,60,0,,urgentes,1010,5640,23040.0,384.0,si,,,,148058.0,24115,1002,912,912,100.0,0,119,0,2003.1,2064.2,151557,1016459,0,49,559,15.108,34,0,0,0,20,267672,NO_EVALUABLE,0,16.0,LAPTOP-OMI6BJ6L,45a097c1b95bf1ad3f27d32ddffdc4ee8014640d7d379ca3df7bcd8b6f73c49a,b8d9ed2fd9f5011c1e05f5a5f6588b283367d7395a7bcc57ef6887d4ded60e12,60.0,200.0,12,120.0,ventanas,20261012,experimento_oficial_SIM_5D.csv
125,simulacion,SIM_5D,BAJA,78,1296,propio,ventas.202609.txt,ventas.202609.txt,bloqueo.2609.txt,,AG,18,3018,tiempo,2000,60,0,si,urgentes,829,4714,14400.0,240.0,si,,,,115124.0,18451,824,751,751,100.0,0,119,0,2008.5,2080.5,1830,171341,0,342,430,11.622,25,0,0,0,24,253680,NO_EVALUABLE,0,16.0,LAPTOP-OMI6BJ6L,45a097c1b95bf1ad3f27d32ddffdc4ee8014640d7d379ca3df7bcd8b6f73c49a,b8d9ed2fd9f5011c1e05f5a5f6588b283367d7395a7bcc57ef6887d4ded60e12,60.0,200.0,6,120.0,ventanas,20260906,experimento_oficial_SIM_5D.csv
126,simulacion,SIM_5D,MEDIA,98,1296,propio,ventas.202611.txt,ventas.202609.txt,bloqueo.2609.txt,,TABU,7,3007,tiempo,2000,60,0,,urgentes,1128,6294,28311.0,471.85,no,c6031-L4314 (c6031-L4314),,destino bloqueado,77817.0,12816,577,493,494,99.8,0,63,0,2001.7,2070.1,109931,770994,0,18,293,7.919,20,0,0,0,22,137414,NO_EVALUABLE,0,16.0,LAPTOP-OMI6BJ6L,45a097c1b95bf1ad3f27d32ddffdc4ee8014640d7d379ca3df7bcd8b6f73c49a,b8d9ed2fd9f5011c1e05f5a5f6588b283367d7395a7bcc57ef6887d4ded60e12,60.0,200.0,18,63.85,ventanas,20261118,experimento_oficial_SIM_5D.csv
127,simulacion,SIM_5D,MEDIA,98,1296,propio,ventas.202611.txt,ventas.202609.txt,bloqueo.2609.txt,,TABU,3,3003,tiempo,2000,60,0,,urgentes,1035,5843,28311.0,471.85,no,c6031-L4314 (c6031-L4314),,destino bloqueado,144420.0,23851,962,872,873,99.89,0,111,0,2001.5,2068.3,188032,1228306,0,37,566,15.297,35,0,0,0,30,240241,NO_EVALUABLE,0,16.0,LAPTOP-OMI6BJ6L,45a097c1b95bf1ad3f27d32ddffdc4ee8014640d7d379ca3df7bcd8b6f73c49a,b8d9ed2fd9f5011c1e05f5a5f6588b283367d7395a7bcc57ef6887d4ded60e12,60.0,200.0,16,111.85,ventanas,20261116,experimento_oficial_SIM_5D.csv
128,simulacion,SIM_5D,ALTA,115,1296,propio,ventas.202701.txt,ventas.202609.txt,bloqueo.2609.txt,,TABU,3,3003,tiempo,2000,60,0,,urgentes,1370,7465,9373.0,156.2167,no,c2464-L1625 (c2464-L1625~2),,llegada tardía (planificada),94516.0,15695,714,581,582,99.83,0,61,0,2002.3,2037.4,89252,679365,0,12,374,10.108,21,0,0,0,40,147425,NO_EVALUABLE,0,16.0,LAPTOP-OMI6BJ6L,45a097c1b95bf1ad3f27d32ddffdc4ee8014640d7d379ca3df7bcd8b6f73c49a,b8d9ed2fd9f5011c1e05f5a5f6588b283367d7395a7bcc57ef6887d4ded60e12,60.0,200.0,5,60.2167,ventanas,20270105,experimento_oficial_SIM_5D.csv
129,simulacion,SIM_5D,BAJA,78,1296,propio,ventas.202609.txt,ventas.202609.txt,bloqueo.2609.txt,,AG,34,3034,tiempo,2000,60,0,si,urgentes,895,4881,18720.0,312.0,si,,,,124300.0,20222,892,815,815,100.0,0,119,0,2007.0,2086.5,1745,134441,0,371,477,12.892,22,0,0,0,14,250195,NO_EVALUABLE,0,16.0,LAPTOP-OMI6BJ6L,45a097c1b95bf1ad3f27d32ddffdc4ee8014640d7d379ca3df7bcd8b6f73c49a,b8d9ed2fd9f5011c1e05f5a5f6588b283367d7395a7bcc57ef6887d4ded60e12,60.0,200.0,9,120.0,ventanas,20260909,experimento_oficial_SIM_5D.csv
130,simulacion,SIM_5D,BAJA,78,1296,propio,ventas.202609.txt,ventas.202609.txt,bloqueo.2609.txt,,TABU,32,3032,tiempo,2000,60,0,,urgentes,833,4640,31680.0,528.0,si,,,,120377.0,20285,827,766,766,100.0,0,119,0,2003.1,2062.2,212839,1369288,0,37,490,13.243,31,0,0,0,10,256973,NO_EVALUABLE,0,16.0,LAPTOP-OMI6BJ6L,45a097c1b95bf1ad3f27d32ddffdc4ee8014640d7d379ca3df7bcd8b6f73c49a,b8d9ed2fd9f5011c1e05f5a5f6588b283367d7395a7bcc57ef6887d4ded60e12,60.0,200.0,18,120.0,ventanas,20260918,experimento_oficial_SIM_5D.csv
131,simulacion,SIM_5D,BAJA,78,1296,propio,ventas.202609.txt,ventas.202609.txt,bloqueo.2609.txt,,TABU,5,3005,tiempo,2000,60,0,,urgentes,792,4533,8640.0,144.0,si,,,,112580.0,18355,783,692,692,100.0,0,119,0,2002.1,2072.0,296940,2051364,0,55,429,11.595,30,0,0,0,4,253584,NO_EVALUABLE,0,16.0,LAPTOP-OMI6BJ6L,45a097c1b95bf1ad3f27d32ddffdc4ee8014640d7d379ca3df7bcd8b6f73c49a,b8d9ed2fd9f5011c1e05f5a5f6588b283367d7395a7bcc57ef6887d4ded60e12,60.0,200.0,2,120.0,ventanas,20260902,experimento_oficial_SIM_5D.csv
132,simulacion,SIM_5D,MEDIA,98,1296,propio,ventas.202611.txt,ventas.202609.txt,bloqueo.2609.txt,,TABU,8,3008,tiempo,2000,60,0,,urgentes,1059,5841,11520.0,192.0,si,,,,154426.0,26339,1051,941,941,100.0,0,119,0,2002.9,2067.3,180916,1131514,0,29,616,16.649,41,0,0,0,35,263129,NO_EVALUABLE,0,16.0,LAPTOP-OMI6BJ6L,45a097c1b95bf1ad3f27d32ddffdc4ee8014640d7d379ca3df7bcd8b6f73c49a,b8d9ed2fd9f5011c1e05f5a5f6588b283367d7395a7bcc57ef6887d4ded60e12,60.0,200.0,4,120.0,ventanas,20261104,experimento_oficial_SIM_5D.csv
133,simulacion,SIM_5D,BAJA,78,1296,propio,ventas.202610.txt,ventas.202609.txt,bloqueo.2609.txt,,AG,30,3030,tiempo,2000,60,0,si,urgentes,990,5447,25522.0,425.3667,no,c2478-L3446 (c2478-L3446),TB12,destino bloqueado,100845.0,16209,735,652,653,99.85,0,89,0,2009.0,2050.6,1147,103691,0,290,374,10.108,26,0,0,0,20,192847,NO_EVALUABLE,0,16.0,LAPTOP-OMI6BJ6L,45a097c1b95bf1ad3f27d32ddffdc4ee8014640d7d379ca3df7bcd8b6f73c49a,b8d9ed2fd9f5011c1e05f5a5f6588b283367d7395a7bcc57ef6887d4ded60e12,60.0,200.0,15,89.3667,ventanas,20261015,experimento_oficial_SIM_5D.csv
134,simulacion,SIM_5D,BAJA,78,1296,propio,ventas.202609.txt,ventas.202609.txt,bloqueo.2609.txt,,TABU,34,3034,tiempo,2000,60,0,,urgentes,895,4881,18720.0,312.0,si,,,,130750.0,21826,892,809,809,100.0,0,119,0,2001.8,2069.5,232893,1448418,0,26,526,14.216,37,0,0,0,4,250957,NO_EVALUABLE,0,16.0,LAPTOP-OMI6BJ6L,45a097c1b95bf1ad3f27d32ddffdc4ee8014640d7d379ca3df7bcd8b6f73c49a,b8d9ed2fd9f5011c1e05f5a5f6588b283367d7395a7bcc57ef6887d4ded60e12,60.0,200.0,9,120.0,ventanas,20260909,experimento_oficial_SIM_5D.csv
135,simulacion,SIM_5D,BAJA,78,1296,propio,ventas.202610.txt,ventas.202609.txt,bloqueo.2609.txt,,TABU,14,3014,tiempo,2000,60,0,,urgentes,1010,5424,7582.0,126.3667,no,c7742-L969 (c7742-L969),,destino bloqueado,25817.0,4261,255,180,181,99.45,0,30,0,2000.9,2050.5,89908,630670,0,31,113,3.054,8,0,0,0,1,62608,NO_EVALUABLE,0,16.0,LAPTOP-OMI6BJ6L,45a097c1b95bf1ad3f27d32ddffdc4ee8014640d7d379ca3df7bcd8b6f73c49a,b8d9ed2fd9f5011c1e05f5a5f6588b283367d7395a7bcc57ef6887d4ded60e12,60.0,200.0,5,30.3667,ventanas,20261005,experimento_oficial_SIM_5D.csv
136,simulacion,SIM_5D,BAJA,78,1296,propio,ventas.202609.txt,ventas.202609.txt,bloqueo.2609.txt,,TABU,10,3010,tiempo,2000,60,0,,urgentes,819,4649,10080.0,168.0,si,,,,121680.0,20232,814,748,748,100.0,0,119,0,2006.1,2082.2,231708,1499929,0,25,477,12.892,33,0,0,0,9,256521,NO_EVALUABLE,0,16.0,LAPTOP-OMI6BJ6L,45a097c1b95bf1ad3f27d32ddffdc4ee8014640d7d379ca3df7bcd8b6f73c49a,b8d9ed2fd9f5011c1e05f5a5f6588b283367d7395a7bcc57ef6887d4ded60e12,60.0,200.0,3,120.0,ventanas,20260903,experimento_oficial_SIM_5D.csv
137,simulacion,SIM_5D,BAJA,78,1296,propio,ventas.202610.txt,ventas.202609.txt,bloqueo.2609.txt,,TABU,13,3013,tiempo,2000,60,0,,urgentes,1034,5427,7582.0,126.3667,no,c7742-L969 (c7742-L969),,destino bloqueado,55704.0,9635,482,382,383,99.74,0,54,0,2004.5,2049.4,82333,579762,0,46,243,6.568,14,0,0,0,10,119678,NO_EVALUABLE,0,16.0,LAPTOP-OMI6BJ6L,45a097c1b95bf1ad3f27d32ddffdc4ee8014640d7d379ca3df7bcd8b6f73c49a,b8d9ed2fd9f5011c1e05f5a5f6588b283367d7395a7bcc57ef6887d4ded60e12,60.0,200.0,4,54.3667,ventanas,20261004,experimento_oficial_SIM_5D.csv
138,simulacion,SIM_5D,ALTA,115,1296,propio,ventas.202701.txt,ventas.202609.txt,bloqueo.2609.txt,,AG,10,3010,tiempo,2000,60,0,si,urgentes,1277,7088,25920.0,432.0,si,,,,189186.0,31469,1265,1134,1134,100.0,0,119,0,2129.1,2575.1,548,54573,0,84,706,19.081,33,0,0,0,81,307366,NO_EVALUABLE,1,16.0,LAPTOP-OMI6BJ6L,45a097c1b95bf1ad3f27d32ddffdc4ee8014640d7d379ca3df7bcd8b6f73c49a,b8d9ed2fd9f5011c1e05f5a5f6588b283367d7395a7bcc57ef6887d4ded60e12,60.0,200.0,14,120.0,ventanas,20270114,experimento_oficial_SIM_5D.csv
139,simulacion,SIM_5D,BAJA,78,1296,propio,ventas.202609.txt,ventas.202609.txt,bloqueo.2609.txt,,AG,32,3032,tiempo,2000,60,0,si,urgentes,833,4640,31680.0,528.0,si,,,,115869.0,19401,827,776,776,100.0,0,119,0,2012.3,2109.3,1715,136036,0,283,450,12.162,36,0,0,0,13,256444,NO_EVALUABLE,0,16.0,LAPTOP-OMI6BJ6L,45a097c1b95bf1ad3f27d32ddffdc4ee8014640d7d379ca3df7bcd8b6f73c49a,b8d9ed2fd9f5011c1e05f5a5f6588b283367d7395a7bcc57ef6887d4ded60e12,60.0,200.0,18,120.0,ventanas,20260918,experimento_oficial_SIM_5D.csv
140,simulacion,SIM_5D,ALTA,115,1296,propio,ventas.202702.txt,ventas.202609.txt,bloqueo.2609.txt,,TABU,2,3002,tiempo,2000,60,0,,urgentes,1374,7618,16069.0,267.8167,no,c8010-L3082 (c8010-L3082~2),,llegada tardía (planificada),72636.0,12071,595,435,436,99.77,0,52,0,2002.5,2051.1,87055,733690,0,13,294,7.946,16,0,0,0,39,128055,NO_EVALUABLE,0,16.0,LAPTOP-OMI6BJ6L,45a097c1b95bf1ad3f27d32ddffdc4ee8014640d7d379ca3df7bcd8b6f73c49a,b8d9ed2fd9f5011c1e05f5a5f6588b283367d7395a7bcc57ef6887d4ded60e12,60.0,200.0,10,51.8167,ventanas,20270210,experimento_oficial_SIM_5D.csv
141,simulacion,SIM_5D,MEDIA,98,1296,propio,ventas.202611.txt,ventas.202609.txt,bloqueo.2609.txt,,TABU,15,3015,tiempo,2000,60,0,,urgentes,1212,6531,23040.0,384.0,si,,,,178440.0,30200,1205,1116,1116,100.0,0,119,0,2003.0,2065.7,117864,793018,0,22,705,19.054,36,0,0,0,57,281086,NO_EVALUABLE,0,16.0,LAPTOP-OMI6BJ6L,45a097c1b95bf1ad3f27d32ddffdc4ee8014640d7d379ca3df7bcd8b6f73c49a,b8d9ed2fd9f5011c1e05f5a5f6588b283367d7395a7bcc57ef6887d4ded60e12,60.0,200.0,12,120.0,ventanas,20261112,experimento_oficial_SIM_5D.csv
142,simulacion,SIM_5D,MEDIA,98,1296,propio,ventas.202612.txt,ventas.202609.txt,bloqueo.2609.txt,,TABU,22,3022,tiempo,2000,60,0,,urgentes,1102,6080,18720.0,312.0,si,,,,156394.0,25794,1088,980,980,100.0,0,119,0,2003.0,2062.4,147941,964665,0,28,610,16.486,36,0,0,0,50,271876,NO_EVALUABLE,0,16.0,LAPTOP-OMI6BJ6L,45a097c1b95bf1ad3f27d32ddffdc4ee8014640d7d379ca3df7bcd8b6f73c49a,b8d9ed2fd9f5011c1e05f5a5f6588b283367d7395a7bcc57ef6887d4ded60e12,60.0,200.0,9,120.0,ventanas,20261209,experimento_oficial_SIM_5D.csv
143,simulacion,SIM_5D,MEDIA,98,1296,propio,ventas.202611.txt,ventas.202609.txt,bloqueo.2609.txt,,TABU,10,3010,tiempo,2000,60,0,,urgentes,1215,6566,17161.0,286.0167,no,c4269-L2555 (c4269-L2555),TA02,destino bloqueado,89065.0,14695,682,556,557,99.82,0,70,0,2004.8,2080.2,95491,648885,0,17,348,9.405,22,0,0,0,19,159335,NO_EVALUABLE,0,16.0,LAPTOP-OMI6BJ6L,45a097c1b95bf1ad3f27d32ddffdc4ee8014640d7d379ca3df7bcd8b6f73c49a,b8d9ed2fd9f5011c1e05f5a5f6588b283367d7395a7bcc57ef6887d4ded60e12,60.0,200.0,10,70.0167,ventanas,20261110,experimento_oficial_SIM_5D.csv
144,simulacion,SIM_5D,BAJA,78,1296,propio,ventas.202609.txt,ventas.202609.txt,bloqueo.2609.txt,,AG,6,3006,tiempo,2000,60,0,si,urgentes,991,5378,38880.0,648.0,si,,,,142610.0,23965,979,900,900,100.0,0,120,0,2018.6,2111.9,1505,167536,0,308,559,15.108,35,0,0,0,18,265587,NO_EVALUABLE,0,16.0,LAPTOP-OMI6BJ6L,45a097c1b95bf1ad3f27d32ddffdc4ee8014640d7d379ca3df7bcd8b6f73c49a,b8d9ed2fd9f5011c1e05f5a5f6588b283367d7395a7bcc57ef6887d4ded60e12,60.0,200.0,23,120.0,ventanas,20260923,experimento_oficial_SIM_5D.csv
145,simulacion,SIM_5D,BAJA,78,1296,propio,ventas.202609.txt,ventas.202609.txt,bloqueo.2609.txt,,TABU,36,3036,tiempo,2000,60,0,,urgentes,847,4663,17280.0,288.0,si,,,,124923.0,20538,842,779,779,100.0,0,119,0,2003.9,2061.2,262612,1725212,0,27,497,13.432,30,0,0,0,9,251918,NO_EVALUABLE,0,16.0,LAPTOP-OMI6BJ6L,45a097c1b95bf1ad3f27d32ddffdc4ee8014640d7d379ca3df7bcd8b6f73c49a,b8d9ed2fd9f5011c1e05f5a5f6588b283367d7395a7bcc57ef6887d4ded60e12,60.0,200.0,8,120.0,ventanas,20260908,experimento_oficial_SIM_5D.csv
146,simulacion,SIM_5D,BAJA,78,1296,propio,ventas.202609.txt,ventas.202609.txt,bloqueo.2609.txt,,AG,5,3005,tiempo,2000,60,0,si,urgentes,792,4533,8640.0,144.0,si,,,,104031.0,16744,783,697,697,100.0,0,119,0,2009.5,2107.5,3231,310952,0,358,387,10.459,27,0,0,0,16,252222,NO_EVALUABLE,0,16.0,LAPTOP-OMI6BJ6L,45a097c1b95bf1ad3f27d32ddffdc4ee8014640d7d379ca3df7bcd8b6f73c49a,b8d9ed2fd9f5011c1e05f5a5f6588b283367d7395a7bcc57ef6887d4ded60e12,60.0,200.0,2,120.0,ventanas,20260902,experimento_oficial_SIM_5D.csv
147,simulacion,SIM_5D,ALTA,115,1296,propio,ventas.202702.txt,ventas.202609.txt,bloqueo.2609.txt,,TABU,22,3022,tiempo,2000,60,0,,urgentes,1329,7650,3737.0,62.2833,no,c6321-L636 (c6321-L636),,destino bloqueado,88795.0,14587,683,545,546,99.82,0,62,0,2006.9,2064.1,77037,536254,0,30,344,9.297,17,0,0,0,47,147760,NO_EVALUABLE,0,16.0,LAPTOP-OMI6BJ6L,45a097c1b95bf1ad3f27d32ddffdc4ee8014640d7d379ca3df7bcd8b6f73c49a,b8d9ed2fd9f5011c1e05f5a5f6588b283367d7395a7bcc57ef6887d4ded60e12,60.0,200.0,1,62.2833,ventanas,20270201,experimento_oficial_SIM_5D.csv
148,simulacion,SIM_5D,BAJA,78,1296,propio,ventas.202609.txt,ventas.202609.txt,bloqueo.2609.txt,,TABU,22,3022,tiempo,2000,60,0,,urgentes,885,4750,23040.0,384.0,si,,,,122712.0,20244,872,803,803,100.0,0,119,0,2004.3,2082.9,245593,1657721,0,29,485,13.108,34,0,0,0,5,251664,NO_EVALUABLE,0,16.0,LAPTOP-OMI6BJ6L,45a097c1b95bf1ad3f27d32ddffdc4ee8014640d7d379ca3df7bcd8b6f73c49a,b8d9ed2fd9f5011c1e05f5a5f6588b283367d7395a7bcc57ef6887d4ded60e12,60.0,200.0,12,120.0,ventanas,20260912,experimento_oficial_SIM_5D.csv
149,simulacion,SIM_5D,BAJA,78,1296,propio,ventas.202609.txt,ventas.202609.txt,bloqueo.2609.txt,,TABU,25,3025,tiempo,2000,60,0,,urgentes,931,5199,36000.0,600.0,si,,,,136648.0,22883,925,833,833,100.0,0,119,0,2002.9,2078.8,182387,1182412,0,35,523,14.135,33,0,0,0,23,262698,NO_EVALUABLE,0,16.0,LAPTOP-OMI6BJ6L,45a097c1b95bf1ad3f27d32ddffdc4ee8014640d7d379ca3df7bcd8b6f73c49a,b8d9ed2fd9f5011c1e05f5a5f6588b283367d7395a7bcc57ef6887d4ded60e12,60.0,200.0,21,120.0,ventanas,20260921,experimento_oficial_SIM_5D.csv
150,simulacion,SIM_5D,MEDIA,98,1296,propio,ventas.202612.txt,ventas.202609.txt,bloqueo.2609.txt,,TABU,32,3032,tiempo,2000,60,0,,urgentes,1302,7090,25920.0,432.0,si,,,,188112.0,31474,1282,1164,1164,100.0,0,119,0,2003.9,2079.8,136036,890044,0,54,732,19.784,37,0,0,0,70,281055,NO_EVALUABLE,0,16.0,LAPTOP-OMI6BJ6L,45a097c1b95bf1ad3f27d32ddffdc4ee8014640d7d379ca3df7bcd8b6f73c49a,b8d9ed2fd9f5011c1e05f5a5f6588b283367d7395a7bcc57ef6887d4ded60e12,60.0,200.0,14,120.0,ventanas,20261214,experimento_oficial_SIM_5D.csv
151,simulacion,SIM_5D,MEDIA,98,1296,propio,ventas.202611.txt,ventas.202609.txt,bloqueo.2609.txt,,TABU,26,3026,tiempo,2000,60,0,,urgentes,1184,6452,17161.0,286.0167,no,c4269-L2555 (c4269-L2555),,destino bloqueado,123539.0,20747,902,772,773,99.87,0,94,0,2003.6,2067.4,116652,794421,0,28,483,13.054,27,0,0,0,14,215962,NO_EVALUABLE,1,16.0,LAPTOP-OMI6BJ6L,45a097c1b95bf1ad3f27d32ddffdc4ee8014640d7d379ca3df7bcd8b6f73c49a,b8d9ed2fd9f5011c1e05f5a5f6588b283367d7395a7bcc57ef6887d4ded60e12,60.0,200.0,9,94.0167,ventanas,20261109,experimento_oficial_SIM_5D.csv
152,simulacion,SIM_5D,BAJA,78,1296,propio,ventas.202610.txt,ventas.202609.txt,bloqueo.2609.txt,,AG,39,3039,tiempo,2000,60,0,si,urgentes,978,5469,25920.0,432.0,si,,,,142663.0,23023,972,893,893,100.0,0,119,0,2015.1,2085.4,1539,134923,0,290,532,14.378,35,0,0,0,16,262743,NO_EVALUABLE,0,16.0,LAPTOP-OMI6BJ6L,45a097c1b95bf1ad3f27d32ddffdc4ee8014640d7d379ca3df7bcd8b6f73c49a,b8d9ed2fd9f5011c1e05f5a5f6588b283367d7395a7bcc57ef6887d4ded60e12,60.0,200.0,14,120.0,ventanas,20261014,experimento_oficial_SIM_5D.csv
153,simulacion,SIM_5D,ALTA,115,1296,propio,ventas.202701.txt,ventas.202609.txt,bloqueo.2609.txt,,TABU,27,3027,tiempo,2000,60,0,,urgentes,1335,7255,16069.0,267.8167,no,c8648-L2905 (c8648-L2905~1),TA05,llegada tardía (a bordo),114244.0,19222,857,735,736,99.86,0,75,0,2002.3,2066.5,68073,514280,0,21,459,12.405,23,0,0,0,40,196966,NO_EVALUABLE,0,16.0,LAPTOP-OMI6BJ6L,45a097c1b95bf1ad3f27d32ddffdc4ee8014640d7d379ca3df7bcd8b6f73c49a,b8d9ed2fd9f5011c1e05f5a5f6588b283367d7395a7bcc57ef6887d4ded60e12,60.0,200.0,9,75.8167,ventanas,20270109,experimento_oficial_SIM_5D.csv
154,simulacion,SIM_5D,BAJA,78,1296,propio,ventas.202609.txt,ventas.202609.txt,bloqueo.2609.txt,,TABU,1,3001,tiempo,2000,60,0,,urgentes,912,4890,24480.0,408.0,si,,,,127801.0,21593,910,821,821,100.0,0,119,0,2003.3,2068.6,174999,1129301,0,23,509,13.757,35,0,0,0,20,263143,NO_EVALUABLE,0,16.0,LAPTOP-OMI6BJ6L,45a097c1b95bf1ad3f27d32ddffdc4ee8014640d7d379ca3df7bcd8b6f73c49a,b8d9ed2fd9f5011c1e05f5a5f6588b283367d7395a7bcc57ef6887d4ded60e12,60.0,200.0,13,120.0,ventanas,20260913,experimento_oficial_SIM_5D.csv
155,simulacion,SIM_5D,BAJA,78,1296,propio,ventas.202609.txt,ventas.202609.txt,bloqueo.2609.txt,,AG,15,3015,tiempo,2000,60,0,si,urgentes,810,4530,12960.0,216.0,si,,,,113465.0,18236,800,741,741,100.0,0,119,0,2010.4,2092.4,2188,196079,0,380,419,11.324,27,0,0,0,21,253932,NO_EVALUABLE,0,16.0,LAPTOP-OMI6BJ6L,45a097c1b95bf1ad3f27d32ddffdc4ee8014640d7d379ca3df7bcd8b6f73c49a,b8d9ed2fd9f5011c1e05f5a5f6588b283367d7395a7bcc57ef6887d4ded60e12,60.0,200.0,5,120.0,ventanas,20260905,experimento_oficial_SIM_5D.csv
156,simulacion,SIM_5D,BAJA,78,1296,propio,ventas.202609.txt,ventas.202609.txt,bloqueo.2609.txt,,AG,25,3025,tiempo,2000,60,0,si,urgentes,931,5199,36000.0,600.0,si,,,,132017.0,22103,925,836,836,100.0,0,119,0,2019.9,2099.2,1481,123711,0,242,507,13.703,31,0,0,0,12,264461,NO_EVALUABLE,0,16.0,LAPTOP-OMI6BJ6L,45a097c1b95bf1ad3f27d32ddffdc4ee8014640d7d379ca3df7bcd8b6f73c49a,b8d9ed2fd9f5011c1e05f5a5f6588b283367d7395a7bcc57ef6887d4ded60e12,60.0,200.0,21,120.0,ventanas,20260921,experimento_oficial_SIM_5D.csv
157,simulacion,SIM_5D,MEDIA,98,1296,propio,ventas.202611.txt,ventas.202609.txt,bloqueo.2609.txt,,AG,1,3001,tiempo,2000,60,0,si,urgentes,1112,6118,25204.0,420.0667,no,c1876-L3844 (c1876-L3844~1),TA05,llegada tardía (a bordo),142785.0,23703,1007,903,904,99.89,0,108,0,2018.6,2161.6,703,62928,0,299,537,14.514,32,0,0,0,58,239074,NO_EVALUABLE,0,16.0,LAPTOP-OMI6BJ6L,45a097c1b95bf1ad3f27d32ddffdc4ee8014640d7d379ca3df7bcd8b6f73c49a,b8d9ed2fd9f5011c1e05f5a5f6588b283367d7395a7bcc57ef6887d4ded60e12,60.0,200.0,14,108.0667,ventanas,20261114,experimento_oficial_SIM_5D.csv
158,simulacion,SIM_5D,ALTA,115,1296,propio,ventas.202701.txt,ventas.202609.txt,bloqueo.2609.txt,,TABU,5,3005,tiempo,2000,60,0,,urgentes,1252,6929,18581.0,309.6833,no,c6074-L3345 (c6074-L3345~2),,llegada tardía (planificada),58751.0,9587,481,356,357,99.72,0,45,0,2004.3,2072.5,56555,419914,0,29,232,6.27,15,0,0,0,21,105691,NO_EVALUABLE,0,16.0,LAPTOP-OMI6BJ6L,45a097c1b95bf1ad3f27d32ddffdc4ee8014640d7d379ca3df7bcd8b6f73c49a,b8d9ed2fd9f5011c1e05f5a5f6588b283367d7395a7bcc57ef6887d4ded60e12,60.0,200.0,12,45.6833,ventanas,20270112,experimento_oficial_SIM_5D.csv
159,simulacion,SIM_5D,ALTA,115,1296,propio,ventas.202702.txt,ventas.202609.txt,bloqueo.2609.txt,,AG,22,3022,tiempo,2000,60,0,si,urgentes,1329,7650,3737.0,62.2833,no,c6321-L636 (c6321-L636),,destino bloqueado,88797.0,14589,683,537,538,99.81,0,62,0,2085.4,2322.7,567,55021,0,102,338,9.135,16,0,0,0,52,152641,NO_EVALUABLE,0,16.0,LAPTOP-OMI6BJ6L,45a097c1b95bf1ad3f27d32ddffdc4ee8014640d7d379ca3df7bcd8b6f73c49a,b8d9ed2fd9f5011c1e05f5a5f6588b283367d7395a7bcc57ef6887d4ded60e12,60.0,200.0,1,62.2833,ventanas,20270201,experimento_oficial_SIM_5D.csv
160,simulacion,SIM_5D,MEDIA,98,1296,propio,ventas.202612.txt,ventas.202609.txt,bloqueo.2609.txt,,AG,25,3025,tiempo,2000,60,0,si,urgentes,1304,6959,25224.0,420.4,no,c9857-L4051 (c9857-L4051~1),,llegada tardía (planificada),86044.0,14535,692,549,550,99.82,0,60,0,2081.0,2293.6,413,46717,0,68,343,9.27,18,0,0,0,44,148171,NO_EVALUABLE,0,16.0,LAPTOP-OMI6BJ6L,45a097c1b95bf1ad3f27d32ddffdc4ee8014640d7d379ca3df7bcd8b6f73c49a,b8d9ed2fd9f5011c1e05f5a5f6588b283367d7395a7bcc57ef6887d4ded60e12,60.0,200.0,16,60.4,ventanas,20261216,experimento_oficial_SIM_5D.csv
161,simulacion,SIM_5D,BAJA,78,1296,propio,ventas.202609.txt,ventas.202609.txt,bloqueo.2609.txt,,TABU,6,3006,tiempo,2000,60,0,,urgentes,991,5378,35833.0,597.2167,no,c3074-L4281 (c3074-L4281),,llegada tardía (planificada),75480.0,12938,578,473,474,99.79,0,70,0,2002.8,2072.9,109186,901040,0,7,303,8.189,23,0,0,0,16,156449,NO_EVALUABLE,0,16.0,LAPTOP-OMI6BJ6L,45a097c1b95bf1ad3f27d32ddffdc4ee8014640d7d379ca3df7bcd8b6f73c49a,b8d9ed2fd9f5011c1e05f5a5f6588b283367d7395a7bcc57ef6887d4ded60e12,60.0,200.0,23,69.2167,ventanas,20260923,experimento_oficial_SIM_5D.csv
162,simulacion,SIM_5D,BAJA,78,1296,propio,ventas.202610.txt,ventas.202609.txt,bloqueo.2609.txt,,TABU,39,3039,tiempo,2000,60,0,,urgentes,978,5469,25522.0,425.3667,no,c2478-L3446 (c2478-L3446),,destino bloqueado,136328.0,22331,918,833,834,99.88,0,113,0,2004.7,2078.2,154950,1023729,0,27,532,14.378,32,0,0,0,23,252495,NO_EVALUABLE,0,16.0,LAPTOP-OMI6BJ6L,45a097c1b95bf1ad3f27d32ddffdc4ee8014640d7d379ca3df7bcd8b6f73c49a,b8d9ed2fd9f5011c1e05f5a5f6588b283367d7395a7bcc57ef6887d4ded60e12,60.0,200.0,14,113.3667,ventanas,20261014,experimento_oficial_SIM_5D.csv
163,simulacion,SIM_5D,BAJA,78,1296,propio,ventas.202610.txt,ventas.202609.txt,bloqueo.2609.txt,,AG,14,3014,tiempo,2000,60,0,si,urgentes,1010,5424,7582.0,126.3667,no,c7742-L969 (c7742-L969),TA02,destino bloqueado,23114.0,3730,255,168,169,99.41,0,30,0,2006.9,2064.4,637,65834,0,97,96,2.595,8,0,0,0,0,63048,NO_EVALUABLE,0,16.0,LAPTOP-OMI6BJ6L,45a097c1b95bf1ad3f27d32ddffdc4ee8014640d7d379ca3df7bcd8b6f73c49a,b8d9ed2fd9f5011c1e05f5a5f6588b283367d7395a7bcc57ef6887d4ded60e12,60.0,200.0,5,30.3667,ventanas,20261005,experimento_oficial_SIM_5D.csv
164,simulacion,SIM_5D,MEDIA,98,1296,propio,ventas.202612.txt,ventas.202609.txt,bloqueo.2609.txt,,AG,2,3002,tiempo,2000,60,0,si,urgentes,1238,6657,30240.0,504.0,si,,,,180296.0,30431,1232,1140,1140,100.0,0,120,0,2060.1,2299.5,1222,124074,0,229,685,18.514,33,0,0,0,47,290355,NO_EVALUABLE,0,16.0,LAPTOP-OMI6BJ6L,45a097c1b95bf1ad3f27d32ddffdc4ee8014640d7d379ca3df7bcd8b6f73c49a,b8d9ed2fd9f5011c1e05f5a5f6588b283367d7395a7bcc57ef6887d4ded60e12,60.0,200.0,17,120.0,ventanas,20261217,experimento_oficial_SIM_5D.csv
165,simulacion,SIM_5D,BAJA,78,1296,propio,ventas.202610.txt,ventas.202609.txt,bloqueo.2609.txt,,AG,3,3003,tiempo,2000,60,0,si,urgentes,929,5204,25522.0,425.3667,no,c2478-L3446 (c2478-L3446),,destino bloqueado,35905.0,5706,334,252,253,99.6,0,42,0,2008.9,2070.6,1683,181548,0,101,145,3.919,11,0,0,0,3,88590,NO_EVALUABLE,0,16.0,LAPTOP-OMI6BJ6L,45a097c1b95bf1ad3f27d32ddffdc4ee8014640d7d379ca3df7bcd8b6f73c49a,b8d9ed2fd9f5011c1e05f5a5f6588b283367d7395a7bcc57ef6887d4ded60e12,60.0,200.0,17,41.3667,ventanas,20261017,experimento_oficial_SIM_5D.csv
166,simulacion,SIM_5D,MEDIA,98,1296,propio,ventas.202612.txt,ventas.202609.txt,bloqueo.2609.txt,,TABU,31,3031,tiempo,2000,60,0,,urgentes,1165,6536,11520.0,192.0,si,,,,183615.0,30021,1157,1059,1059,100.0,0,119,0,2002.8,2082.8,155425,973499,0,30,676,18.27,38,0,0,0,81,267457,NO_EVALUABLE,0,16.0,LAPTOP-OMI6BJ6L,45a097c1b95bf1ad3f27d32ddffdc4ee8014640d7d379ca3df7bcd8b6f73c49a,b8d9ed2fd9f5011c1e05f5a5f6588b283367d7395a7bcc57ef6887d4ded60e12,60.0,200.0,4,120.0,ventanas,20261204,experimento_oficial_SIM_5D.csv
167,simulacion,SIM_5D,BAJA,78,1296,propio,ventas.202610.txt,ventas.202609.txt,bloqueo.2609.txt,,AG,12,3012,tiempo,2000,60,0,si,urgentes,886,4932,30030.0,500.5,no,c6352-L4005 (c6352-L4005~2),,llegada tardía (planificada),67824.0,11061,501,430,431,99.77,0,68,0,2007.9,2083.3,1044,124353,0,160,263,7.108,18,0,0,0,16,145343,NO_EVALUABLE,0,16.0,LAPTOP-OMI6BJ6L,45a097c1b95bf1ad3f27d32ddffdc4ee8014640d7d379ca3df7bcd8b6f73c49a,b8d9ed2fd9f5011c1e05f5a5f6588b283367d7395a7bcc57ef6887d4ded60e12,60.0,200.0,19,68.5,ventanas,20261019,experimento_oficial_SIM_5D.csv
168,simulacion,SIM_5D,ALTA,115,1296,propio,ventas.202702.txt,ventas.202609.txt,bloqueo.2609.txt,,TABU,4,3004,tiempo,2000,60,0,,urgentes,1445,8235,9438.0,157.3,no,c5661-L1763 (c5661-L1763~2),,llegada tardía (planificada),96506.0,16013,744,563,564,99.82,0,62,0,2000.6,2016.2,105396,726699,0,39,380,10.27,17,0,0,0,70,155889,NO_EVALUABLE,0,16.0,LAPTOP-OMI6BJ6L,45a097c1b95bf1ad3f27d32ddffdc4ee8014640d7d379ca3df7bcd8b6f73c49a,b8d9ed2fd9f5011c1e05f5a5f6588b283367d7395a7bcc57ef6887d4ded60e12,60.0,200.0,5,61.3,ventanas,20270205,experimento_oficial_SIM_5D.csv
169,simulacion,SIM_5D,ALTA,115,1296,propio,ventas.202702.txt,ventas.202609.txt,bloqueo.2609.txt,,TABU,18,3018,tiempo,2000,60,0,,urgentes,1371,7562,13205.0,220.0833,no,c0717-L2149 (c0717-L2149),,llegada tardía (planificada),80296.0,13575,602,472,473,99.79,0,53,0,2001.7,2043.0,84914,647980,0,5,319,8.622,16,0,0,0,27,123971,NO_EVALUABLE,0,16.0,LAPTOP-OMI6BJ6L,45a097c1b95bf1ad3f27d32ddffdc4ee8014640d7d379ca3df7bcd8b6f73c49a,b8d9ed2fd9f5011c1e05f5a5f6588b283367d7395a7bcc57ef6887d4ded60e12,60.0,200.0,8,52.0833,ventanas,20270208,experimento_oficial_SIM_5D.csv
170,simulacion,SIM_5D,BAJA,78,1296,propio,ventas.202610.txt,ventas.202609.txt,bloqueo.2609.txt,,AG,38,3038,tiempo,2000,60,0,si,urgentes,1003,5555,21600.0,360.0,si,,,,144494.0,23278,997,911,911,100.0,0,119,0,2024.1,2182.7,1575,132217,0,331,530,14.324,38,0,0,0,21,268654,NO_EVALUABLE,0,16.0,LAPTOP-OMI6BJ6L,45a097c1b95bf1ad3f27d32ddffdc4ee8014640d7d379ca3df7bcd8b6f73c49a,b8d9ed2fd9f5011c1e05f5a5f6588b283367d7395a7bcc57ef6887d4ded60e12,60.0,200.0,11,120.0,ventanas,20261011,experimento_oficial_SIM_5D.csv
171,simulacion,SIM_5D,MEDIA,98,1296,propio,ventas.202611.txt,ventas.202609.txt,bloqueo.2609.txt,,TABU,14,3014,tiempo,2000,60,0,,urgentes,1101,6115,28311.0,471.85,no,c6031-L4314 (c6031-L4314),,destino bloqueado,107424.0,18032,767,677,678,99.85,0,87,0,2003.1,2078.1,152435,982566,0,22,428,11.568,25,0,0,0,21,188630,NO_EVALUABLE,0,16.0,LAPTOP-OMI6BJ6L,45a097c1b95bf1ad3f27d32ddffdc4ee8014640d7d379ca3df7bcd8b6f73c49a,b8d9ed2fd9f5011c1e05f5a5f6588b283367d7395a7bcc57ef6887d4ded60e12,60.0,200.0,17,87.85,ventanas,20261117,experimento_oficial_SIM_5D.csv
172,simulacion,SIM_5D,BAJA,78,1296,propio,ventas.202609.txt,ventas.202609.txt,bloqueo.2609.txt,,AG,36,3036,tiempo,2000,60,0,si,urgentes,847,4663,17280.0,288.0,si,,,,116622.0,18842,842,771,771,100.0,0,119,0,2007.3,2058.5,2272,175820,0,425,448,12.108,24,0,0,0,19,250669,NO_EVALUABLE,0,16.0,LAPTOP-OMI6BJ6L,45a097c1b95bf1ad3f27d32ddffdc4ee8014640d7d379ca3df7bcd8b6f73c49a,b8d9ed2fd9f5011c1e05f5a5f6588b283367d7395a7bcc57ef6887d4ded60e12,60.0,200.0,8,120.0,ventanas,20260908,experimento_oficial_SIM_5D.csv
173,simulacion,SIM_5D,BAJA,78,1296,propio,ventas.202609.txt,ventas.202609.txt,bloqueo.2609.txt,,TABU,18,3018,tiempo,2000,60,0,,urgentes,829,4714,14400.0,240.0,si,,,,122063.0,20039,824,750,750,100.0,0,119,0,2003.3,2072.2,208146,1385730,0,42,476,12.865,34,0,0,0,7,255195,NO_EVALUABLE,0,16.0,LAPTOP-OMI6BJ6L,45a097c1b95bf1ad3f27d32ddffdc4ee8014640d7d379ca3df7bcd8b6f73c49a,b8d9ed2fd9f5011c1e05f5a5f6588b283367d7395a7bcc57ef6887d4ded60e12,60.0,200.0,6,120.0,ventanas,20260906,experimento_oficial_SIM_5D.csv
174,simulacion,SIM_5D,MEDIA,98,1296,propio,ventas.202611.txt,ventas.202609.txt,bloqueo.2609.txt,,AG,18,3018,tiempo,2000,60,0,si,urgentes,1146,6266,17161.0,286.0167,no,c4269-L2555 (c4269-L2555),,destino bloqueado,158450.0,26290,1119,988,989,99.9,0,118,0,2035.3,2295.6,961,76286,0,163,591,15.973,28,0,0,0,51,271164,NO_EVALUABLE,1,16.0,LAPTOP-OMI6BJ6L,45a097c1b95bf1ad3f27d32ddffdc4ee8014640d7d379ca3df7bcd8b6f73c49a,b8d9ed2fd9f5011c1e05f5a5f6588b283367d7395a7bcc57ef6887d4ded60e12,60.0,200.0,8,118.0167,ventanas,20261108,experimento_oficial_SIM_5D.csv
175,simulacion,SIM_5D,MEDIA,98,1296,propio,ventas.202612.txt,ventas.202609.txt,bloqueo.2609.txt,,TABU,24,3024,tiempo,2000,60,0,,urgentes,1222,6719,23040.0,384.0,si,,,,176208.0,28835,1214,1073,1073,100.0,0,119,0,2005.8,2085.0,135675,885137,0,28,655,17.703,36,0,0,0,66,279151,NO_EVALUABLE,0,16.0,LAPTOP-OMI6BJ6L,45a097c1b95bf1ad3f27d32ddffdc4ee8014640d7d379ca3df7bcd8b6f73c49a,b8d9ed2fd9f5011c1e05f5a5f6588b283367d7395a7bcc57ef6887d4ded60e12,60.0,200.0,12,120.0,ventanas,20261212,experimento_oficial_SIM_5D.csv
176,simulacion,SIM_5D,ALTA,115,1296,propio,ventas.202702.txt,ventas.202609.txt,bloqueo.2609.txt,,TABU,15,3015,tiempo,2000,60,0,,urgentes,1341,7440,15483.0,258.05,no,c6210-L2941 (c6210-L2941~1),,llegada tardía (planificada),99115.0,16559,756,593,594,99.83,0,66,0,2002.3,2047.4,73281,523847,0,16,388,10.486,21,0,0,0,39,163617,NO_EVALUABLE,0,16.0,LAPTOP-OMI6BJ6L,45a097c1b95bf1ad3f27d32ddffdc4ee8014640d7d379ca3df7bcd8b6f73c49a,b8d9ed2fd9f5011c1e05f5a5f6588b283367d7395a7bcc57ef6887d4ded60e12,60.0,200.0,9,66.05,ventanas,20270209,experimento_oficial_SIM_5D.csv
177,simulacion,SIM_5D,ALTA,115,1296,propio,ventas.202701.txt,ventas.202609.txt,bloqueo.2609.txt,,TABU,13,3013,tiempo,2000,60,0,,urgentes,1283,6903,14699.0,244.9833,no,c3275-L2661 (c3275-L2661~2),,llegada tardía (planificada),146742.0,24789,1068,932,933,99.89,0,100,0,2004.2,2097.4,89557,632483,0,4,577,15.595,29,0,0,0,48,254696,NO_EVALUABLE,0,16.0,LAPTOP-OMI6BJ6L,45a097c1b95bf1ad3f27d32ddffdc4ee8014640d7d379ca3df7bcd8b6f73c49a,b8d9ed2fd9f5011c1e05f5a5f6588b283367d7395a7bcc57ef6887d4ded60e12,60.0,200.0,7,100.9833,ventanas,20270107,experimento_oficial_SIM_5D.csv
178,simulacion,SIM_5D,ALTA,115,1296,propio,ventas.202702.txt,ventas.202609.txt,bloqueo.2609.txt,,AG,19,3019,tiempo,2000,60,0,si,urgentes,1437,8069,9390.0,156.5,no,c0473-L1752 (c0473-L1752),,llegada tardía (planificada),51928.0,8468,478,304,305,99.67,0,36,0,2153.0,2587.4,180,20951,0,16,203,5.486,12,0,0,0,41,97116,NO_EVALUABLE,0,16.0,LAPTOP-OMI6BJ6L,45a097c1b95bf1ad3f27d32ddffdc4ee8014640d7d379ca3df7bcd8b6f73c49a,b8d9ed2fd9f5011c1e05f5a5f6588b283367d7395a7bcc57ef6887d4ded60e12,60.0,200.0,6,36.5,ventanas,20270206,experimento_oficial_SIM_5D.csv
179,simulacion,SIM_5D,BAJA,78,1296,propio,ventas.202610.txt,ventas.202609.txt,bloqueo.2609.txt,,TABU,3,3003,tiempo,2000,60,0,,urgentes,929,5204,30240.0,504.0,si,,,,137601.0,22512,923,857,857,100.0,0,120,0,2002.7,2065.2,210491,1443121,0,28,537,14.514,35,0,0,0,18,259032,NO_EVALUABLE,0,16.0,LAPTOP-OMI6BJ6L,45a097c1b95bf1ad3f27d32ddffdc4ee8014640d7d379ca3df7bcd8b6f73c49a,b8d9ed2fd9f5011c1e05f5a5f6588b283367d7395a7bcc57ef6887d4ded60e12,60.0,200.0,17,120.0,ventanas,20261017,experimento_oficial_SIM_5D.csv
180,simulacion,SIM_5D,BAJA,78,1296,propio,ventas.202610.txt,ventas.202609.txt,bloqueo.2609.txt,,TABU,31,3031,tiempo,2000,60,0,,urgentes,984,5281,7582.0,126.3667,no,c7742-L969 (c7742-L969),,destino bloqueado,3348.0,518,52,18,19,94.74,0,6,0,2005.1,2042.4,35382,361549,0,12,19,0.514,2,0,0,0,0,12169,NO_EVALUABLE,0,16.0,LAPTOP-OMI6BJ6L,45a097c1b95bf1ad3f27d32ddffdc4ee8014640d7d379ca3df7bcd8b6f73c49a,b8d9ed2fd9f5011c1e05f5a5f6588b283367d7395a7bcc57ef6887d4ded60e12,60.0,200.0,6,6.3667,ventanas,20261006,experimento_oficial_SIM_5D.csv
181,simulacion,SIM_5D,MEDIA,98,1296,propio,ventas.202611.txt,ventas.202609.txt,bloqueo.2609.txt,,AG,29,3029,tiempo,2000,60,0,si,urgentes,1148,6283,24480.0,408.0,si,,,,170434.0,28615,1140,1062,1062,100.0,0,120,0,2048.0,2317.6,1414,96955,0,106,675,18.243,39,0,0,0,59,280343,NO_EVALUABLE,0,16.0,LAPTOP-OMI6BJ6L,45a097c1b95bf1ad3f27d32ddffdc4ee8014640d7d379ca3df7bcd8b6f73c49a,b8d9ed2fd9f5011c1e05f5a5f6588b283367d7395a7bcc57ef6887d4ded60e12,60.0,200.0,13,120.0,ventanas,20261113,experimento_oficial_SIM_5D.csv
182,simulacion,SIM_5D,BAJA,78,1296,propio,ventas.202610.txt,ventas.202609.txt,bloqueo.2609.txt,,AG,31,3031,tiempo,2000,60,0,si,urgentes,984,5281,7582.0,126.3667,no,c7742-L969 (c7742-L969),TA03,destino bloqueado,3068.0,458,52,14,15,93.33,0,6,0,2005.5,2040.0,488,60486,0,13,18,0.486,2,0,0,0,0,12170,NO_EVALUABLE,0,16.0,LAPTOP-OMI6BJ6L,45a097c1b95bf1ad3f27d32ddffdc4ee8014640d7d379ca3df7bcd8b6f73c49a,b8d9ed2fd9f5011c1e05f5a5f6588b283367d7395a7bcc57ef6887d4ded60e12,60.0,200.0,6,6.3667,ventanas,20261006,experimento_oficial_SIM_5D.csv
183,simulacion,SIM_5D,ALTA,115,1296,propio,ventas.202701.txt,ventas.202609.txt,bloqueo.2609.txt,,AG,12,3012,tiempo,2000,60,0,si,urgentes,1344,7328,3082.0,51.3667,no,c3821-L539 (c3821-L539),,destino bloqueado,27440.0,4548,303,185,186,99.46,0,28,0,2006.0,2020.6,1260,150862,0,78,121,3.27,7,0,0,0,5,59831,NO_EVALUABLE,0,16.0,LAPTOP-OMI6BJ6L,45a097c1b95bf1ad3f27d32ddffdc4ee8014640d7d379ca3df7bcd8b6f73c49a,b8d9ed2fd9f5011c1e05f5a5f6588b283367d7395a7bcc57ef6887d4ded60e12,60.0,200.0,2,27.3667,ventanas,20270102,experimento_oficial_SIM_5D.csv
184,simulacion,SIM_5D,ALTA,115,1296,propio,ventas.202701.txt,ventas.202609.txt,bloqueo.2609.txt,,AG,17,3017,tiempo,2000,60,0,si,urgentes,1306,7098,6086.0,101.4333,no,c2849-L1040 (c2849-L1040),,llegada tardía (planificada),68403.0,11072,539,426,427,99.77,0,53,0,2019.1,2095.6,542,49876,0,103,261,7.054,13,0,0,0,15,116738,NO_EVALUABLE,0,16.0,LAPTOP-OMI6BJ6L,45a097c1b95bf1ad3f27d32ddffdc4ee8014640d7d379ca3df7bcd8b6f73c49a,b8d9ed2fd9f5011c1e05f5a5f6588b283367d7395a7bcc57ef6887d4ded60e12,60.0,200.0,3,53.4333,ventanas,20270103,experimento_oficial_SIM_5D.csv
185,simulacion,SIM_5D,MEDIA,98,1296,propio,ventas.202612.txt,ventas.202609.txt,bloqueo.2609.txt,,TABU,13,3013,tiempo,2000,60,0,,urgentes,1156,6409,19085.0,318.0833,no,c8170-L2968 (c8170-L2968),,llegada tardía (planificada),97964.0,15849,715,598,599,99.83,0,78,0,2004.9,2077.7,112777,783110,0,37,373,10.081,24,0,0,0,31,175087,NO_EVALUABLE,0,16.0,LAPTOP-OMI6BJ6L,45a097c1b95bf1ad3f27d32ddffdc4ee8014640d7d379ca3df7bcd8b6f73c49a,b8d9ed2fd9f5011c1e05f5a5f6588b283367d7395a7bcc57ef6887d4ded60e12,60.0,200.0,11,78.0833,ventanas,20261211,experimento_oficial_SIM_5D.csv
186,simulacion,SIM_5D,MEDIA,98,1296,propio,ventas.202612.txt,ventas.202609.txt,bloqueo.2609.txt,,TABU,35,3035,tiempo,2000,60,0,,urgentes,1298,6978,27360.0,456.0,si,,,,189996.0,31847,1289,1179,1179,100.0,0,119,0,2004.5,2083.9,115335,781650,0,28,733,19.811,41,0,0,0,65,285766,NO_EVALUABLE,0,16.0,LAPTOP-OMI6BJ6L,45a097c1b95bf1ad3f27d32ddffdc4ee8014640d7d379ca3df7bcd8b6f73c49a,b8d9ed2fd9f5011c1e05f5a5f6588b283367d7395a7bcc57ef6887d4ded60e12,60.0,200.0,15,120.0,ventanas,20261215,experimento_oficial_SIM_5D.csv
187,simulacion,SIM_5D,MEDIA,98,1296,propio,ventas.202612.txt,ventas.202609.txt,bloqueo.2609.txt,,AG,24,3024,tiempo,2000,60,0,si,urgentes,1222,6719,22412.0,373.5333,no,c0907-L3549 (c0907-L3549),,llegada tardía (planificada),154823.0,25882,1087,945,946,99.89,0,109,0,2062.7,2381.0,922,77622,0,56,601,16.243,31,0,0,0,65,259807,NO_EVALUABLE,0,16.0,LAPTOP-OMI6BJ6L,45a097c1b95bf1ad3f27d32ddffdc4ee8014640d7d379ca3df7bcd8b6f73c49a,b8d9ed2fd9f5011c1e05f5a5f6588b283367d7395a7bcc57ef6887d4ded60e12,60.0,200.0,12,109.5333,ventanas,20261212,experimento_oficial_SIM_5D.csv
188,simulacion,SIM_5D,MEDIA,98,1296,propio,ventas.202611.txt,ventas.202609.txt,bloqueo.2609.txt,,TABU,11,3011,tiempo,2000,60,0,,urgentes,1129,6248,14400.0,240.0,si,,,,165399.0,27941,1114,1030,1030,100.0,0,119,0,2002.5,2063.4,136104,926931,0,19,641,17.324,38,0,0,0,44,266919,NO_EVALUABLE,1,16.0,LAPTOP-OMI6BJ6L,45a097c1b95bf1ad3f27d32ddffdc4ee8014640d7d379ca3df7bcd8b6f73c49a,b8d9ed2fd9f5011c1e05f5a5f6588b283367d7395a7bcc57ef6887d4ded60e12,60.0,200.0,6,120.0,ventanas,20261106,experimento_oficial_SIM_5D.csv
189,simulacion,SIM_5D,MEDIA,98,1296,propio,ventas.202611.txt,ventas.202609.txt,bloqueo.2609.txt,,AG,9,3009,tiempo,2000,60,0,si,urgentes,1057,5766,8402.0,140.0333,no,c4052-L1187 (c4052-L1187),,llegada tardía (planificada),144710.0,23731,1021,907,908,99.89,0,116,0,2026.3,2269.2,1074,95918,0,221,543,14.676,30,0,0,0,44,255441,NO_EVALUABLE,0,16.0,LAPTOP-OMI6BJ6L,45a097c1b95bf1ad3f27d32ddffdc4ee8014640d7d379ca3df7bcd8b6f73c49a,b8d9ed2fd9f5011c1e05f5a5f6588b283367d7395a7bcc57ef6887d4ded60e12,60.0,200.0,2,116.0333,ventanas,20261102,experimento_oficial_SIM_5D.csv
190,simulacion,SIM_5D,MEDIA,98,1296,propio,ventas.202612.txt,ventas.202609.txt,bloqueo.2609.txt,,AG,28,3028,tiempo,2000,60,0,si,urgentes,1124,6242,15840.0,264.0,si,,,,163163.0,26940,1111,1020,1020,100.0,0,119,0,2023.0,2140.1,855,89353,0,171,625,16.892,41,0,0,0,46,269965,NO_EVALUABLE,0,16.0,LAPTOP-OMI6BJ6L,45a097c1b95bf1ad3f27d32ddffdc4ee8014640d7d379ca3df7bcd8b6f73c49a,b8d9ed2fd9f5011c1e05f5a5f6588b283367d7395a7bcc57ef6887d4ded60e12,60.0,200.0,7,120.0,ventanas,20261207,experimento_oficial_SIM_5D.csv
191,simulacion,SIM_5D,MEDIA,98,1296,propio,ventas.202611.txt,ventas.202609.txt,bloqueo.2609.txt,,AG,10,3010,tiempo,2000,60,0,si,urgentes,1215,6566,17818.0,296.9667,no,c6918-L2675 (c6918-L2675~1),TA06,llegada tardía (a bordo),108253.0,17711,793,677,678,99.85,0,80,0,2076.2,2449.3,635,53695,0,48,428,11.568,27,0,0,0,24,193395,NO_EVALUABLE,0,16.0,LAPTOP-OMI6BJ6L,45a097c1b95bf1ad3f27d32ddffdc4ee8014640d7d379ca3df7bcd8b6f73c49a,b8d9ed2fd9f5011c1e05f5a5f6588b283367d7395a7bcc57ef6887d4ded60e12,60.0,200.0,10,80.9667,ventanas,20261110,experimento_oficial_SIM_5D.csv
192,simulacion,SIM_5D,BAJA,78,1296,propio,ventas.202610.txt,ventas.202609.txt,bloqueo.2609.txt,,TABU,38,3038,tiempo,2000,60,0,,urgentes,1003,5555,21600.0,360.0,si,,,,150076.0,24732,997,902,902,100.0,0,119,0,2004.4,2081.2,161599,1118617,0,22,590,15.946,41,0,0,0,17,271992,NO_EVALUABLE,0,16.0,LAPTOP-OMI6BJ6L,45a097c1b95bf1ad3f27d32ddffdc4ee8014640d7d379ca3df7bcd8b6f73c49a,b8d9ed2fd9f5011c1e05f5a5f6588b283367d7395a7bcc57ef6887d4ded60e12,60.0,200.0,11,120.0,ventanas,20261011,experimento_oficial_SIM_5D.csv
193,simulacion,SIM_5D,BAJA,78,1296,propio,ventas.202609.txt,ventas.202609.txt,bloqueo.2609.txt,,TABU,28,3028,tiempo,2000,60,0,,urgentes,795,4478,7200.0,120.0,si,,,,112587.0,18635,788,722,722,100.0,0,119,0,2015.6,3498.4,232476,1608005,0,46,434,11.73,35,0,0,0,1,254393,NO_EVALUABLE,0,16.0,LAPTOP-OMI6BJ6L,45a097c1b95bf1ad3f27d32ddffdc4ee8014640d7d379ca3df7bcd8b6f73c49a,b8d9ed2fd9f5011c1e05f5a5f6588b283367d7395a7bcc57ef6887d4ded60e12,60.0,200.0,1,120.0,ventanas,20260901,experimento_oficial_SIM_5D.csv
194,simulacion,SIM_5D,MEDIA,98,1296,propio,ventas.202612.txt,ventas.202609.txt,bloqueo.2609.txt,,AG,13,3013,tiempo,2000,60,0,si,urgentes,1156,6409,21600.0,360.0,si,,,,167658.0,27540,1146,1031,1031,100.0,0,119,0,2028.3,2315.3,805,80401,0,115,636,17.189,35,0,0,0,64,272125,NO_EVALUABLE,0,16.0,LAPTOP-OMI6BJ6L,45a097c1b95bf1ad3f27d32ddffdc4ee8014640d7d379ca3df7bcd8b6f73c49a,b8d9ed2fd9f5011c1e05f5a5f6588b283367d7395a7bcc57ef6887d4ded60e12,60.0,200.0,11,120.0,ventanas,20261211,experimento_oficial_SIM_5D.csv
195,simulacion,SIM_5D,BAJA,78,1296,propio,ventas.202610.txt,ventas.202609.txt,bloqueo.2609.txt,,AG,19,3019,tiempo,2000,60,0,si,urgentes,932,5134,37440.0,624.0,si,,,,128706.0,21111,927,861,861,100.0,0,119,0,2021.0,2591.2,1338,108129,0,347,507,13.703,33,0,0,0,24,259101,NO_EVALUABLE,0,16.0,LAPTOP-OMI6BJ6L,45a097c1b95bf1ad3f27d32ddffdc4ee8014640d7d379ca3df7bcd8b6f73c49a,b8d9ed2fd9f5011c1e05f5a5f6588b283367d7395a7bcc57ef6887d4ded60e12,60.0,200.0,22,120.0,ventanas,20261022,experimento_oficial_SIM_5D.csv
196,simulacion,SIM_5D,ALTA,115,1296,propio,ventas.202701.txt,ventas.202609.txt,bloqueo.2609.txt,,AG,27,3027,tiempo,2000,60,0,si,urgentes,1335,7255,18581.0,309.6833,no,c6074-L3345 (c6074-L3345~1),TA07,llegada tardía (a bordo),186713.0,31702,1299,1163,1164,99.91,0,117,0,2222.3,2601.6,393,45291,0,244,723,19.541,35,0,0,0,76,331319,NO_EVALUABLE,0,16.0,LAPTOP-OMI6BJ6L,45a097c1b95bf1ad3f27d32ddffdc4ee8014640d7d379ca3df7bcd8b6f73c49a,b8d9ed2fd9f5011c1e05f5a5f6588b283367d7395a7bcc57ef6887d4ded60e12,60.0,200.0,9,117.6833,ventanas,20270109,experimento_oficial_SIM_5D.csv
197,simulacion,SIM_5D,BAJA,78,1296,propio,ventas.202610.txt,ventas.202609.txt,bloqueo.2609.txt,,TABU,9,3009,tiempo,2000,60,0,,urgentes,982,5365,17280.0,288.0,si,,,,134729.0,22494,973,878,878,100.0,0,119,0,2006.4,2351.9,163506,1095801,0,25,518,14.0,39,0,0,0,11,264715,NO_EVALUABLE,0,16.0,LAPTOP-OMI6BJ6L,45a097c1b95bf1ad3f27d32ddffdc4ee8014640d7d379ca3df7bcd8b6f73c49a,b8d9ed2fd9f5011c1e05f5a5f6588b283367d7395a7bcc57ef6887d4ded60e12,60.0,200.0,8,120.0,ventanas,20261008,experimento_oficial_SIM_5D.csv
198,simulacion,SIM_5D,BAJA,78,1296,propio,ventas.202610.txt,ventas.202609.txt,bloqueo.2609.txt,,TABU,17,3017,tiempo,2000,60,0,,urgentes,912,5044,29155.0,485.9167,no,c4704-L3903 (c4704-L3903),,destino bloqueado,80819.0,13225,597,511,512,99.8,0,77,0,2002.1,2057.0,131112,923688,0,26,318,8.595,21,0,0,0,11,167081,NO_EVALUABLE,0,16.0,LAPTOP-OMI6BJ6L,45a097c1b95bf1ad3f27d32ddffdc4ee8014640d7d379ca3df7bcd8b6f73c49a,b8d9ed2fd9f5011c1e05f5a5f6588b283367d7395a7bcc57ef6887d4ded60e12,60.0,200.0,18,77.9167,ventanas,20261018,experimento_oficial_SIM_5D.csv
199,simulacion,SIM_5D,ALTA,115,1296,propio,ventas.202702.txt,ventas.202609.txt,bloqueo.2609.txt,,AG,2,3002,tiempo,2000,60,0,si,urgentes,1374,7618,16158.0,269.3,no,c2987-L2991 (c2987-L2991~1),,llegada tardía (planificada),75577.0,12414,612,457,458,99.78,0,54,0,2132.7,2460.1,1233,148385,0,97,290,7.838,17,0,0,0,27,141144,NO_EVALUABLE,0,16.0,LAPTOP-OMI6BJ6L,45a097c1b95bf1ad3f27d32ddffdc4ee8014640d7d379ca3df7bcd8b6f73c49a,b8d9ed2fd9f5011c1e05f5a5f6588b283367d7395a7bcc57ef6887d4ded60e12,60.0,200.0,10,53.3,ventanas,20270210,experimento_oficial_SIM_5D.csv
200,simulacion,SIM_5D,MEDIA,98,1296,propio,ventas.202612.txt,ventas.202609.txt,bloqueo.2609.txt,,AG,20,3020,tiempo,2000,60,0,si,urgentes,1145,6300,7200.0,120.0,si,,,,163743.0,27159,1136,1031,1031,100.0,0,119,0,2036.1,2294.5,1208,112429,0,230,629,17.0,32,0,0,0,54,268413,NO_EVALUABLE,0,16.0,LAPTOP-OMI6BJ6L,45a097c1b95bf1ad3f27d32ddffdc4ee8014640d7d379ca3df7bcd8b6f73c49a,b8d9ed2fd9f5011c1e05f5a5f6588b283367d7395a7bcc57ef6887d4ded60e12,60.0,200.0,1,120.0,ventanas,20261201,experimento_oficial_SIM_5D.csv
201,simulacion,SIM_5D,ALTA,115,1296,propio,ventas.202701.txt,ventas.202609.txt,bloqueo.2609.txt,,AG,3,3003,tiempo,2000,60,0,si,urgentes,1370,7465,8506.0,141.7667,no,c6119-L1539 (c6119-L1539),,llegada tardía (planificada),70671.0,11704,560,428,429,99.77,0,46,0,2051.6,2284.3,1067,108480,0,46,280,7.568,13,0,0,0,36,108951,NO_EVALUABLE,0,16.0,LAPTOP-OMI6BJ6L,45a097c1b95bf1ad3f27d32ddffdc4ee8014640d7d379ca3df7bcd8b6f73c49a,b8d9ed2fd9f5011c1e05f5a5f6588b283367d7395a7bcc57ef6887d4ded60e12,60.0,200.0,5,45.7667,ventanas,20270105,experimento_oficial_SIM_5D.csv
202,simulacion,SIM_5D,MEDIA,98,1296,propio,ventas.202612.txt,ventas.202609.txt,bloqueo.2609.txt,,TABU,21,3021,tiempo,2000,60,0,,urgentes,1137,6368,14400.0,240.0,si,,,,162737.0,27175,1130,1015,1015,100.0,0,119,0,2003.8,2069.4,158067,1048514,0,32,626,16.919,38,0,0,0,62,267747,NO_EVALUABLE,0,16.0,LAPTOP-OMI6BJ6L,45a097c1b95bf1ad3f27d32ddffdc4ee8014640d7d379ca3df7bcd8b6f73c49a,b8d9ed2fd9f5011c1e05f5a5f6588b283367d7395a7bcc57ef6887d4ded60e12,60.0,200.0,6,120.0,ventanas,20261206,experimento_oficial_SIM_5D.csv
203,simulacion,SIM_5D,MEDIA,98,1296,propio,ventas.202612.txt,ventas.202609.txt,bloqueo.2609.txt,,TABU,4,3004,tiempo,2000,60,0,,urgentes,1066,5944,17280.0,288.0,si,,,,154716.0,25495,1058,966,966,100.0,0,119,0,2002.7,2072.8,154191,989015,0,15,600,16.216,39,0,0,0,38,266850,NO_EVALUABLE,0,16.0,LAPTOP-OMI6BJ6L,45a097c1b95bf1ad3f27d32ddffdc4ee8014640d7d379ca3df7bcd8b6f73c49a,b8d9ed2fd9f5011c1e05f5a5f6588b283367d7395a7bcc57ef6887d4ded60e12,60.0,200.0,8,120.0,ventanas,20261208,experimento_oficial_SIM_5D.csv
204,simulacion,SIM_5D,BAJA,78,1296,propio,ventas.202609.txt,ventas.202609.txt,bloqueo.2609.txt,,AG,22,3022,tiempo,2000,60,0,si,urgentes,885,4750,23040.0,384.0,si,,,,119317.0,19497,872,792,792,100.0,0,119,0,2008.8,2079.3,2154,197935,0,325,445,12.027,24,0,0,0,17,251005,NO_EVALUABLE,0,16.0,LAPTOP-OMI6BJ6L,45a097c1b95bf1ad3f27d32ddffdc4ee8014640d7d379ca3df7bcd8b6f73c49a,b8d9ed2fd9f5011c1e05f5a5f6588b283367d7395a7bcc57ef6887d4ded60e12,60.0,200.0,12,120.0,ventanas,20260912,experimento_oficial_SIM_5D.csv
205,simulacion,SIM_5D,BAJA,78,1296,propio,ventas.202610.txt,ventas.202609.txt,bloqueo.2609.txt,,TABU,30,3030,tiempo,2000,60,0,,urgentes,990,5447,27360.0,456.0,si,,,,144175.0,23868,985,902,902,100.0,0,119,0,2002.1,2066.1,176179,1166795,0,15,559,15.108,36,0,0,0,25,258592,NO_EVALUABLE,0,16.0,LAPTOP-OMI6BJ6L,45a097c1b95bf1ad3f27d32ddffdc4ee8014640d7d379ca3df7bcd8b6f73c49a,b8d9ed2fd9f5011c1e05f5a5f6588b283367d7395a7bcc57ef6887d4ded60e12,60.0,200.0,15,120.0,ventanas,20261015,experimento_oficial_SIM_5D.csv
206,simulacion,SIM_5D,ALTA,115,1296,propio,ventas.202701.txt,ventas.202609.txt,bloqueo.2609.txt,,AG,20,3020,tiempo,2000,60,0,si,urgentes,1261,6904,20160.0,336.0,si,,,,183545.0,30909,1251,1152,1152,100.0,0,119,0,2085.7,2296.2,364,36788,0,104,709,19.162,39,0,0,0,80,297340,NO_EVALUABLE,1,16.0,LAPTOP-OMI6BJ6L,45a097c1b95bf1ad3f27d32ddffdc4ee8014640d7d379ca3df7bcd8b6f73c49a,b8d9ed2fd9f5011c1e05f5a5f6588b283367d7395a7bcc57ef6887d4ded60e12,60.0,200.0,10,120.0,ventanas,20270110,experimento_oficial_SIM_5D.csv
