orden,modo,escenario,nivel,pct_cmax,cmax_paquetes_dia,fuente_cmax,archivo_carga,archivo_ventas,archivo_bloqueos,archivo_averias,algoritmo,replica,semilla,modo_parada,ta_ms,sa_min,max_evaluaciones,busqueda_local,parciales,pedidos_originales_total,paquetes_total,colapso_min,colapso_h,censurada,pedido_colapso,unidad_colapso,causa_colapso,costo_acumulado,km_acumulados,pedidos_llegados,pedidos_entregados,pedidos_evaluables,pct_pedidos_en_plazo,entregas_tarde,replanificaciones,replan_por_evento,planificador_ms_medio,planificador_ms_max,iteraciones_totales,evaluaciones_totales,aplazamientos,cambios_de_unidad,viajes_totales,viajes_por_vehiculo_medio,viajes_por_vehiculo_max,bloqueos_encontrados,averias_aplicadas,trasvases,parciales_creadas,tiempo_real_ms,regla_destino,pedidos_inentregables_bloqueo,penalidad_estabilidad,pc,sha256_ventas,sha256_bloqueos,holgura_min,penalidad_holgura,dia_inicio,horas_desde_inicio,situaciones,semilla_carga
1,simulacion,SIM_5D,MEDIA,98,1296,propio,ventas.202611.txt,ventas.202609.txt,bloqueo.2609.txt,,AG,34,3034,tiempo,2000,60,0,si,urgentes,1239,6616,21600.00,360.0000,si,,,,183758.00,30358,1230,1115,1115,100.00,0,119,0,2080.2,2328.9,500,41760,0,256,684,18.486,37,0,0,0,61,293162,NO_EVALUABLE,0,16.0,LAPTOP-OMI6BJ6L,45a097c1b95bf1ad3f27d32ddffdc4ee8014640d7d379ca3df7bcd8b6f73c49a,b8d9ed2fd9f5011c1e05f5a5f6588b283367d7395a7bcc57ef6887d4ded60e12,60.0,200.0,11,120.0000,ventanas,20261111
2,simulacion,SIM_5D,BAJA,78,1296,propio,ventas.202610.txt,ventas.202609.txt,bloqueo.2609.txt,,AG,40,3040,tiempo,2000,60,0,si,urgentes,911,5074,34560.00,576.0000,si,,,,119769.00,19679,900,803,803,100.00,0,119,0,2011.2,2078.7,1410,107153,0,431,470,12.703,38,0,0,0,23,254092,NO_EVALUABLE,0,16.0,LAPTOP-OMI6BJ6L,45a097c1b95bf1ad3f27d32ddffdc4ee8014640d7d379ca3df7bcd8b6f73c49a,b8d9ed2fd9f5011c1e05f5a5f6588b283367d7395a7bcc57ef6887d4ded60e12,60.0,200.0,20,120.0000,ventanas,20261020
3,simulacion,SIM_5D,MEDIA,98,1296,propio,ventas.202612.txt,ventas.202609.txt,bloqueo.2609.txt,,AG,22,3022,tiempo,2000,60,0,si,urgentes,1102,6080,15664.00,261.0667,no,c0431-L2431 (c0431-L2431),,llegada tardía (planificada),80615.00,13412,616,519,520,99.81,0,69,0,2026.7,2207.8,606,45278,0,148,318,8.595,17,0,0,0,20,156004,NO_EVALUABLE,0,16.0,LAPTOP-OMI6BJ6L,45a097c1b95bf1ad3f27d32ddffdc4ee8014640d7d379ca3df7bcd8b6f73c49a,b8d9ed2fd9f5011c1e05f5a5f6588b283367d7395a7bcc57ef6887d4ded60e12,60.0,200.0,9,69.0667,ventanas,20261209
4,simulacion,SIM_5D,MEDIA,98,1296,propio,ventas.202612.txt,ventas.202609.txt,bloqueo.2609.txt,,AG,6,3006,tiempo,2000,60,0,si,urgentes,1210,6786,9875.00,164.5833,no,c0614-L1551 (c0614-L1551),TA10,llegada tardía (a bordo),175472.00,28682,1167,1041,1042,99.90,0,116,0,2041.8,2312.6,484,41370,0,210,645,17.432,29,0,0,0,106,268759,NO_EVALUABLE,0,16.0,LAPTOP-OMI6BJ6L,45a097c1b95bf1ad3f27d32ddffdc4ee8014640d7d379ca3df7bcd8b6f73c49a,b8d9ed2fd9f5011c1e05f5a5f6588b283367d7395a7bcc57ef6887d4ded60e12,60.0,200.0,3,116.5833,ventanas,20261203
5,simulacion,SIM_5D,MEDIA,98,1296,propio,ventas.202611.txt,ventas.202609.txt,bloqueo.2609.txt,,AG,17,3017,tiempo,2000,60,0,si,urgentes,1104,6152,26263.00,437.7167,no,c4819-L4009 (c4819-L4009~2),,llegada tardía (planificada),132039.00,21479,916,805,806,99.88,0,101,0,2010.9,2055.5,674,52611,0,254,492,13.297,26,0,0,0,38,218464,NO_EVALUABLE,0,16.0,LAPTOP-OMI6BJ6L,45a097c1b95bf1ad3f27d32ddffdc4ee8014640d7d379ca3df7bcd8b6f73c49a,b8d9ed2fd9f5011c1e05f5a5f6588b283367d7395a7bcc57ef6887d4ded60e12,60.0,200.0,15,101.7167,ventanas,20261115
6,simulacion,SIM_5D,ALTA,115,1296,propio,ventas.202702.txt,ventas.202609.txt,bloqueo.2609.txt,,AG,4,3004,tiempo,2000,60,0,si,urgentes,1445,8235,8961.00,149.3500,no,c4936-L1655 (c4936-L1655~1),TA06,llegada tardía (a bordo),77831.00,12791,636,469,470,99.79,0,54,0,2153.1,2572.4,532,40815,0,119,303,8.189,14,0,0,0,58,140781,NO_EVALUABLE,0,16.0,LAPTOP-OMI6BJ6L,45a097c1b95bf1ad3f27d32ddffdc4ee8014640d7d379ca3df7bcd8b6f73c49a,b8d9ed2fd9f5011c1e05f5a5f6588b283367d7395a7bcc57ef6887d4ded60e12,60.0,200.0,5,53.3500,ventanas,20270205
7,simulacion,SIM_5D,ALTA,115,1296,propio,ventas.202701.txt,ventas.202609.txt,bloqueo.2609.txt,,TABU,7,3007,tiempo,2000,60,0,,urgentes,1253,6908,21065.00,351.0833,no,c1821-L3755 (c1821-L3755),,destino bloqueado,168168.00,28558,1147,1026,1027,99.90,0,111,0,2003.1,2058.6,66446,409323,0,8,672,18.162,36,0,0,0,42,282676,NO_EVALUABLE,1,16.0,LAPTOP-OMI6BJ6L,45a097c1b95bf1ad3f27d32ddffdc4ee8014640d7d379ca3df7bcd8b6f73c49a,b8d9ed2fd9f5011c1e05f5a5f6588b283367d7395a7bcc57ef6887d4ded60e12,60.0,200.0,11,111.0833,ventanas,20270111
8,simulacion,SIM_5D,ALTA,115,1296,propio,ventas.202701.txt,ventas.202609.txt,bloqueo.2609.txt,,AG,24,3024,tiempo,2000,60,0,si,urgentes,1316,7072,14699.00,244.9833,no,c3275-L2661 (c3275-L2661~2),,llegada tardía (planificada),110512.00,18416,841,701,702,99.86,0,76,0,2196.9,2715.3,933,88430,0,107,441,11.919,22,0,0,0,38,215597,NO_EVALUABLE,0,16.0,LAPTOP-OMI6BJ6L,45a097c1b95bf1ad3f27d32ddffdc4ee8014640d7d379ca3df7bcd8b6f73c49a,b8d9ed2fd9f5011c1e05f5a5f6588b283367d7395a7bcc57ef6887d4ded60e12,60.0,200.0,8,76.9833,ventanas,20270108
9,simulacion,SIM_5D,BAJA,78,1296,propio,ventas.202610.txt,ventas.202609.txt,bloqueo.2609.txt,,TABU,26,3026,tiempo,2000,60,0,,urgentes,938,5150,29155.00,485.9167,no,c4704-L3903 (c4704-L3903),TM08,destino bloqueado,2715.00,398,43,16,17,94.12,0,5,0,1999.7,2000.5,32476,324574,0,5,14,0.378,2,0,0,0,0,10183,NO_EVALUABLE,0,16.0,LAPTOP-OMI6BJ6L,45a097c1b95bf1ad3f27d32ddffdc4ee8014640d7d379ca3df7bcd8b6f73c49a,b8d9ed2fd9f5011c1e05f5a5f6588b283367d7395a7bcc57ef6887d4ded60e12,60.0,200.0,21,5.9167,ventanas,20261021
10,simulacion,SIM_5D,MEDIA,98,1296,propio,ventas.202611.txt,ventas.202609.txt,bloqueo.2609.txt,,TABU,29,3029,tiempo,2000,60,0,,urgentes,1148,6283,24480.00,408.0000,si,,,,174493.00,29232,1140,1071,1071,100.00,0,120,0,2004.3,2085.1,165194,1021720,0,19,664,17.946,40,0,0,0,68,269288,NO_EVALUABLE,0,16.0,LAPTOP-OMI6BJ6L,45a097c1b95bf1ad3f27d32ddffdc4ee8014640d7d379ca3df7bcd8b6f73c49a,b8d9ed2fd9f5011c1e05f5a5f6588b283367d7395a7bcc57ef6887d4ded60e12,60.0,200.0,13,120.0000,ventanas,20261113
11,simulacion,SIM_5D,BAJA,78,1296,propio,ventas.202609.txt,ventas.202609.txt,bloqueo.2609.txt,,AG,28,3028,tiempo,2000,60,0,si,urgentes,795,4478,7200.00,120.0000,si,,,,109983.00,18181,788,725,725,100.00,0,119,0,2008.8,2081.3,1871,164425,0,334,421,11.378,27,0,0,0,8,253226,NO_EVALUABLE,0,16.0,LAPTOP-OMI6BJ6L,45a097c1b95bf1ad3f27d32ddffdc4ee8014640d7d379ca3df7bcd8b6f73c49a,b8d9ed2fd9f5011c1e05f5a5f6588b283367d7395a7bcc57ef6887d4ded60e12,60.0,200.0,1,120.0000,ventanas,20260901
12,simulacion,SIM_5D,ALTA,115,1296,propio,ventas.202702.txt,ventas.202609.txt,bloqueo.2609.txt,,TABU,21,3021,tiempo,2000,60,0,,urgentes,1355,7479,20090.00,334.8333,no,c6923-L3821 (c6923-L3821),,llegada tardía (planificada),104269.00,17243,789,628,629,99.84,0,70,0,2002.9,2065.8,81508,567713,0,27,404,10.919,22,0,0,0,45,165844,NO_EVALUABLE,0,16.0,LAPTOP-OMI6BJ6L,45a097c1b95bf1ad3f27d32ddffdc4ee8014640d7d379ca3df7bcd8b6f73c49a,b8d9ed2fd9f5011c1e05f5a5f6588b283367d7395a7bcc57ef6887d4ded60e12,60.0,200.0,12,70.8333,ventanas,20270212
13,simulacion,SIM_5D,ALTA,115,1296,propio,ventas.202702.txt,ventas.202609.txt,bloqueo.2609.txt,,TABU,11,3011,tiempo,2000,60,0,,urgentes,1423,7874,19936.00,332.2667,no,c1434-L3783 (c1434-L3783~2),TM14,llegada tardía (a bordo),58037.00,9305,508,349,350,99.71,0,45,0,2001.6,2047.5,89794,682625,0,20,227,6.135,13,0,0,0,24,103695,NO_EVALUABLE,0,16.0,LAPTOP-OMI6BJ6L,45a097c1b95bf1ad3f27d32ddffdc4ee8014640d7d379ca3df7bcd8b6f73c49a,b8d9ed2fd9f5011c1e05f5a5f6588b283367d7395a7bcc57ef6887d4ded60e12,60.0,200.0,13,44.2667,ventanas,20270213
14,simulacion,SIM_5D,BAJA,78,1296,propio,ventas.202609.txt,ventas.202609.txt,bloqueo.2609.txt,,TABU,21,3021,tiempo,2000,60,0,,urgentes,894,4800,21600.00,360.0000,si,,,,125553.00,20913,886,797,797,100.00,0,119,0,2002.8,2067.6,203189,1316285,0,31,493,13.324,33,0,0,0,7,252687,NO_EVALUABLE,0,16.0,LAPTOP-OMI6BJ6L,45a097c1b95bf1ad3f27d32ddffdc4ee8014640d7d379ca3df7bcd8b6f73c49a,b8d9ed2fd9f5011c1e05f5a5f6588b283367d7395a7bcc57ef6887d4ded60e12,60.0,200.0,11,120.0000,ventanas,20260911
15,simulacion,SIM_5D,BAJA,78,1296,propio,ventas.202610.txt,ventas.202609.txt,bloqueo.2609.txt,,TABU,24,3024,tiempo,2000,60,0,,urgentes,950,5297,25522.00,425.3667,no,c2478-L3446 (c2478-L3446),,destino bloqueado,73115.00,11842,529,457,458,99.78,0,65,0,2002.9,2047.6,117871,836090,0,21,296,8.000,19,0,0,0,6,140558,NO_EVALUABLE,0,16.0,LAPTOP-OMI6BJ6L,45a097c1b95bf1ad3f27d32ddffdc4ee8014640d7d379ca3df7bcd8b6f73c49a,b8d9ed2fd9f5011c1e05f5a5f6588b283367d7395a7bcc57ef6887d4ded60e12,60.0,200.0,16,65.3667,ventanas,20261016
16,simulacion,SIM_5D,MEDIA,98,1296,propio,ventas.202612.txt,ventas.202609.txt,bloqueo.2609.txt,,TABU,25,3025,tiempo,2000,60,0,,urgentes,1304,6959,28800.00,480.0000,si,,,,186737.00,31640,1292,1162,1162,100.00,0,119,0,2002.8,2068.4,101916,715271,0,12,728,19.676,40,0,0,0,52,285058,NO_EVALUABLE,0,16.0,LAPTOP-OMI6BJ6L,45a097c1b95bf1ad3f27d32ddffdc4ee8014640d7d379ca3df7bcd8b6f73c49a,b8d9ed2fd9f5011c1e05f5a5f6588b283367d7395a7bcc57ef6887d4ded60e12,60.0,200.0,16,120.0000,ventanas,20261216
17,simulacion,SIM_5D,MEDIA,98,1296,propio,ventas.202611.txt,ventas.202609.txt,bloqueo.2609.txt,,AG,12,3012,tiempo,2000,60,0,si,urgentes,1012,5534,7200.00,120.0000,si,,,,148617.00,24777,1008,938,938,100.00,0,119,0,2011.3,2088.1,1435,134152,0,228,565,15.270,37,0,0,0,29,257739,NO_EVALUABLE,0,16.0,LAPTOP-OMI6BJ6L,45a097c1b95bf1ad3f27d32ddffdc4ee8014640d7d379ca3df7bcd8b6f73c49a,b8d9ed2fd9f5011c1e05f5a5f6588b283367d7395a7bcc57ef6887d4ded60e12,60.0,200.0,1,120.0000,ventanas,20261101
18,simulacion,SIM_5D,BAJA,78,1296,propio,ventas.202609.txt,ventas.202609.txt,bloqueo.2609.txt,,AG,10,3010,tiempo,2000,60,0,si,urgentes,819,4649,9843.00,164.0500,no,c6633-L1085 (c6633-L1085~2),,llegada tardía (planificada),106426.00,16968,801,716,717,99.86,0,116,0,2007.4,2082.0,2134,181840,0,307,397,10.730,23,0,0,0,20,246683,NO_EVALUABLE,0,16.0,LAPTOP-OMI6BJ6L,45a097c1b95bf1ad3f27d32ddffdc4ee8014640d7d379ca3df7bcd8b6f73c49a,b8d9ed2fd9f5011c1e05f5a5f6588b283367d7395a7bcc57ef6887d4ded60e12,60.0,200.0,3,116.0500,ventanas,20260903
19,simulacion,SIM_5D,MEDIA,98,1296,propio,ventas.202611.txt,ventas.202609.txt,bloqueo.2609.txt,,AG,3,3003,tiempo,2000,60,0,si,urgentes,1035,5843,26263.00,437.7167,no,c4819-L4009 (c4819-L4009~1),TA06,llegada tardía (a bordo),87795.00,13926,660,551,552,99.82,0,77,0,2008.3,2068.0,1246,116552,0,295,326,8.811,18,0,0,0,27,162618,NO_EVALUABLE,0,16.0,LAPTOP-OMI6BJ6L,45a097c1b95bf1ad3f27d32ddffdc4ee8014640d7d379ca3df7bcd8b6f73c49a,b8d9ed2fd9f5011c1e05f5a5f6588b283367d7395a7bcc57ef6887d4ded60e12,60.0,200.0,16,77.7167,ventanas,20261116
20,simulacion,SIM_5D,MEDIA,98,1296,propio,ventas.202611.txt,ventas.202609.txt,bloqueo.2609.txt,,TABU,23,3023,tiempo,2000,60,0,,urgentes,1039,5730,10080.00,168.0000,si,,,,151010.00,25039,1032,925,925,100.00,0,119,0,2002.3,2073.6,185410,1249700,0,18,577,15.595,38,0,0,0,25,260124,NO_EVALUABLE,0,16.0,LAPTOP-OMI6BJ6L,45a097c1b95bf1ad3f27d32ddffdc4ee8014640d7d379ca3df7bcd8b6f73c49a,b8d9ed2fd9f5011c1e05f5a5f6588b283367d7395a7bcc57ef6887d4ded60e12,60.0,200.0,3,120.0000,ventanas,20261103
21,simulacion,SIM_5D,ALTA,115,1296,propio,ventas.202701.txt,ventas.202609.txt,bloqueo.2609.txt,,TABU,12,3012,tiempo,2000,60,0,,urgentes,1344,7328,3082.00,51.3667,no,c3821-L539 (c3821-L539),,destino bloqueado,28411.00,4583,303,194,195,99.49,0,28,0,2001.4,2070.6,98021,836948,0,13,124,3.351,6,0,0,0,8,59140,NO_EVALUABLE,0,16.0,LAPTOP-OMI6BJ6L,45a097c1b95bf1ad3f27d32ddffdc4ee8014640d7d379ca3df7bcd8b6f73c49a,b8d9ed2fd9f5011c1e05f5a5f6588b283367d7395a7bcc57ef6887d4ded60e12,60.0,200.0,2,27.3667,ventanas,20270102
22,simulacion,SIM_5D,MEDIA,98,1296,propio,ventas.202611.txt,ventas.202609.txt,bloqueo.2609.txt,,TABU,12,3012,tiempo,2000,60,0,,urgentes,1012,5534,7200.00,120.0000,si,,,,154927.00,25566,1008,940,940,100.00,0,119,0,2004.5,2066.9,197412,1281913,0,26,586,15.838,40,0,0,0,34,258764,NO_EVALUABLE,0,16.0,LAPTOP-OMI6BJ6L,45a097c1b95bf1ad3f27d32ddffdc4ee8014640d7d379ca3df7bcd8b6f73c49a,b8d9ed2fd9f5011c1e05f5a5f6588b283367d7395a7bcc57ef6887d4ded60e12,60.0,200.0,1,120.0000,ventanas,20261101
23,simulacion,SIM_5D,ALTA,115,1296,propio,ventas.202701.txt,ventas.202609.txt,bloqueo.2609.txt,,TABU,14,3014,tiempo,2000,60,0,,urgentes,1332,7232,3082.00,51.3667,no,c3821-L539 (c3821-L539),,destino bloqueado,72530.00,12043,583,442,443,99.77,0,51,0,2002.9,2071.6,80128,514668,0,28,286,7.730,14,0,0,0,21,110967,NO_EVALUABLE,0,16.0,LAPTOP-OMI6BJ6L,45a097c1b95bf1ad3f27d32ddffdc4ee8014640d7d379ca3df7bcd8b6f73c49a,b8d9ed2fd9f5011c1e05f5a5f6588b283367d7395a7bcc57ef6887d4ded60e12,60.0,200.0,1,51.3667,ventanas,20270101
24,simulacion,SIM_5D,MEDIA,98,1296,propio,ventas.202612.txt,ventas.202609.txt,bloqueo.2609.txt,,AG,35,3035,tiempo,2000,60,0,si,urgentes,1298,6978,27360.00,456.0000,si,,,,184185.00,30716,1289,1176,1176,100.00,0,119,0,2091.7,2372.1,583,56747,0,204,711,19.216,39,0,0,0,47,295245,NO_EVALUABLE,0,16.0,LAPTOP-OMI6BJ6L,45a097c1b95bf1ad3f27d32ddffdc4ee8014640d7d379ca3df7bcd8b6f73c49a,b8d9ed2fd9f5011c1e05f5a5f6588b283367d7395a7bcc57ef6887d4ded60e12,60.0,200.0,15,120.0000,ventanas,20261215
25,simulacion,SIM_5D,BAJA,78,1296,propio,ventas.202609.txt,ventas.202609.txt,bloqueo.2609.txt,,TABU,37,3037,tiempo,2000,60,0,,urgentes,897,4884,27360.00,456.0000,si,,,,129869.00,21546,890,814,814,100.00,0,119,0,2005.6,2097.5,190410,1228401,0,34,494,13.351,31,0,0,0,14,262917,NO_EVALUABLE,0,16.0,LAPTOP-OMI6BJ6L,45a097c1b95bf1ad3f27d32ddffdc4ee8014640d7d379ca3df7bcd8b6f73c49a,b8d9ed2fd9f5011c1e05f5a5f6588b283367d7395a7bcc57ef6887d4ded60e12,60.0,200.0,15,120.0000,ventanas,20260915
26,simulacion,SIM_5D,BAJA,78,1296,propio,ventas.202610.txt,ventas.202609.txt,bloqueo.2609.txt,,TABU,16,3016,tiempo,2000,60,0,,urgentes,974,5387,20160.00,336.0000,si,,,,146732.00,24886,964,895,895,100.00,0,119,0,2003.7,2087.7,144980,1018895,0,20,590,15.946,37,0,0,0,13,266398,NO_EVALUABLE,0,16.0,LAPTOP-OMI6BJ6L,45a097c1b95bf1ad3f27d32ddffdc4ee8014640d7d379ca3df7bcd8b6f73c49a,b8d9ed2fd9f5011c1e05f5a5f6588b283367d7395a7bcc57ef6887d4ded60e12,60.0,200.0,10,120.0000,ventanas,20261010
27,simulacion,SIM_5D,ALTA,115,1296,propio,ventas.202702.txt,ventas.202609.txt,bloqueo.2609.txt,,AG,18,3018,tiempo,2000,60,0,si,urgentes,1371,7562,15735.00,262.2500,no,c4001-L3009 (c4001-L3009~1),TA08,llegada tardía (a bordo),156997.00,26139,1101,924,925,99.89,0,95,0,2122.3,2517.5,978,99326,0,87,594,16.054,28,0,0,0,70,248085,NO_EVALUABLE,0,16.0,LAPTOP-OMI6BJ6L,45a097c1b95bf1ad3f27d32ddffdc4ee8014640d7d379ca3df7bcd8b6f73c49a,b8d9ed2fd9f5011c1e05f5a5f6588b283367d7395a7bcc57ef6887d4ded60e12,60.0,200.0,8,94.2500,ventanas,20270208
28,simulacion,SIM_5D,MEDIA,98,1296,propio,ventas.202612.txt,ventas.202609.txt,bloqueo.2609.txt,,TABU,19,3019,tiempo,2000,60,0,,urgentes,1153,6499,12960.00,216.0000,si,,,,175227.00,28763,1141,1049,1049,100.00,0,119,0,2004.5,2078.4,132892,870662,0,31,664,17.946,45,0,0,0,91,268403,NO_EVALUABLE,0,16.0,LAPTOP-OMI6BJ6L,45a097c1b95bf1ad3f27d32ddffdc4ee8014640d7d379ca3df7bcd8b6f73c49a,b8d9ed2fd9f5011c1e05f5a5f6588b283367d7395a7bcc57ef6887d4ded60e12,60.0,200.0,5,120.0000,ventanas,20261205
29,simulacion,SIM_5D,MEDIA,98,1296,propio,ventas.202611.txt,ventas.202609.txt,bloqueo.2609.txt,,AG,8,3008,tiempo,2000,60,0,si,urgentes,1059,5841,11520.00,192.0000,si,,,,152203.00,25317,1051,946,946,100.00,0,119,0,2030.3,2233.0,1057,92764,0,181,581,15.703,31,0,0,0,32,265996,NO_EVALUABLE,0,16.0,LAPTOP-OMI6BJ6L,45a097c1b95bf1ad3f27d32ddffdc4ee8014640d7d379ca3df7bcd8b6f73c49a,b8d9ed2fd9f5011c1e05f5a5f6588b283367d7395a7bcc57ef6887d4ded60e12,60.0,200.0,4,120.0000,ventanas,20261104
30,simulacion,SIM_5D,BAJA,78,1296,propio,ventas.202609.txt,ventas.202609.txt,bloqueo.2609.txt,,TABU,20,3020,tiempo,2000,60,0,,urgentes,886,4907,34560.00,576.0000,si,,,,126367.00,21137,881,778,778,100.00,0,119,0,2004.9,2078.8,179862,1255757,0,15,498,13.459,38,0,0,0,11,264391,NO_EVALUABLE,0,16.0,LAPTOP-OMI6BJ6L,45a097c1b95bf1ad3f27d32ddffdc4ee8014640d7d379ca3df7bcd8b6f73c49a,b8d9ed2fd9f5011c1e05f5a5f6588b283367d7395a7bcc57ef6887d4ded60e12,60.0,200.0,20,120.0000,ventanas,20260920
31,simulacion,SIM_5D,MEDIA,98,1296,propio,ventas.202612.txt,ventas.202609.txt,bloqueo.2609.txt,,AG,31,3031,tiempo,2000,60,0,si,urgentes,1165,6536,9375.00,156.2500,no,c0324-L1470 (c0324-L1470),,llegada tardía (planificada),111397.00,18184,826,691,692,99.86,0,84,0,2025.2,2177.2,842,68232,0,164,417,11.270,26,0,0,0,50,188765,NO_EVALUABLE,0,16.0,LAPTOP-OMI6BJ6L,45a097c1b95bf1ad3f27d32ddffdc4ee8014640d7d379ca3df7bcd8b6f73c49a,b8d9ed2fd9f5011c1e05f5a5f6588b283367d7395a7bcc57ef6887d4ded60e12,60.0,200.0,4,84.2500,ventanas,20261204
32,simulacion,SIM_5D,MEDIA,98,1296,propio,ventas.202612.txt,ventas.202609.txt,bloqueo.2609.txt,,TABU,30,3030,tiempo,2000,60,0,,urgentes,1309,7100,24248.00,404.1333,no,c4918-L3902 (c4918-L3902),,llegada tardía (planificada),180216.00,30186,1257,1107,1108,99.91,0,117,0,2002.0,2034.1,136845,1016744,0,24,699,18.892,36,0,0,0,63,277704,NO_EVALUABLE,0,16.0,LAPTOP-OMI6BJ6L,45a097c1b95bf1ad3f27d32ddffdc4ee8014640d7d379ca3df7bcd8b6f73c49a,b8d9ed2fd9f5011c1e05f5a5f6588b283367d7395a7bcc57ef6887d4ded60e12,60.0,200.0,13,116.1333,ventanas,20261213
33,simulacion,SIM_5D,ALTA,115,1296,propio,ventas.202701.txt,ventas.202609.txt,bloqueo.2609.txt,,AG,13,3013,tiempo,2000,60,0,si,urgentes,1283,6903,14663.00,244.3833,no,c5112-L2654 (c5112-L2654),,llegada tardía (planificada),147937.00,24672,1068,926,927,99.89,0,100,0,2182.4,2657.9,507,50209,0,151,578,15.622,28,0,0,0,48,271990,NO_EVALUABLE,0,16.0,LAPTOP-OMI6BJ6L,45a097c1b95bf1ad3f27d32ddffdc4ee8014640d7d379ca3df7bcd8b6f73c49a,b8d9ed2fd9f5011c1e05f5a5f6588b283367d7395a7bcc57ef6887d4ded60e12,60.0,200.0,7,100.3833,ventanas,20270107
34,simulacion,SIM_5D,ALTA,115,1296,propio,ventas.202701.txt,ventas.202609.txt,bloqueo.2609.txt,,TABU,10,3010,tiempo,2000,60,0,,urgentes,1277,7088,25920.00,432.0000,si,,,,185475.00,30809,1265,1143,1143,100.00,0,119,0,2002.9,2068.7,105692,723350,0,22,706,19.081,37,0,0,0,81,285939,NO_EVALUABLE,1,16.0,LAPTOP-OMI6BJ6L,45a097c1b95bf1ad3f27d32ddffdc4ee8014640d7d379ca3df7bcd8b6f73c49a,b8d9ed2fd9f5011c1e05f5a5f6588b283367d7395a7bcc57ef6887d4ded60e12,60.0,200.0,14,120.0000,ventanas,20270114
35,simulacion,SIM_5D,BAJA,78,1296,propio,ventas.202609.txt,ventas.202609.txt,bloqueo.2609.txt,,AG,37,3037,tiempo,2000,60,0,si,urgentes,897,4884,27360.00,456.0000,si,,,,127290.00,20665,890,809,809,100.00,0,119,0,2019.1,2139.3,1421,114167,0,249,468,12.649,33,0,0,0,20,263940,NO_EVALUABLE,0,16.0,LAPTOP-OMI6BJ6L,45a097c1b95bf1ad3f27d32ddffdc4ee8014640d7d379ca3df7bcd8b6f73c49a,b8d9ed2fd9f5011c1e05f5a5f6588b283367d7395a7bcc57ef6887d4ded60e12,60.0,200.0,15,120.0000,ventanas,20260915
36,simulacion,SIM_5D,MEDIA,98,1296,propio,ventas.202611.txt,ventas.202609.txt,bloqueo.2609.txt,,TABU,34,3034,tiempo,2000,60,0,,urgentes,1239,6616,17993.00,299.8833,no,c8007-L2702 (c8007-L2702),TM13,llegada tardía (a bordo),76290.00,12726,585,472,473,99.79,0,59,0,2004.6,2072.2,91161,656157,0,45,313,8.459,18,0,0,0,21,140455,NO_EVALUABLE,0,16.0,LAPTOP-OMI6BJ6L,45a097c1b95bf1ad3f27d32ddffdc4ee8014640d7d379ca3df7bcd8b6f73c49a,b8d9ed2fd9f5011c1e05f5a5f6588b283367d7395a7bcc57ef6887d4ded60e12,60.0,200.0,11,59.8833,ventanas,20261111
37,simulacion,SIM_5D,BAJA,78,1296,propio,ventas.202609.txt,ventas.202609.txt,bloqueo.2609.txt,,TABU,2,3002,tiempo,2000,60,0,,urgentes,878,4817,30240.00,504.0000,si,,,,127646.00,21385,875,802,802,100.00,0,119,0,2002.4,2063.5,164331,1087155,0,25,490,13.243,32,0,0,0,15,260169,NO_EVALUABLE,0,16.0,LAPTOP-OMI6BJ6L,45a097c1b95bf1ad3f27d32ddffdc4ee8014640d7d379ca3df7bcd8b6f73c49a,b8d9ed2fd9f5011c1e05f5a5f6588b283367d7395a7bcc57ef6887d4ded60e12,60.0,200.0,17,120.0000,ventanas,20260917
38,simulacion,SIM_5D,MEDIA,98,1296,propio,ventas.202612.txt,ventas.202609.txt,bloqueo.2609.txt,,AG,27,3027,tiempo,2000,60,0,si,urgentes,1146,6309,19085.00,318.0833,no,c8170-L2968 (c8170-L2968),,llegada tardía (planificada),135413.00,22264,951,845,846,99.88,0,102,0,2024.8,2098.2,644,64487,0,85,500,13.514,27,0,0,0,46,232871,NO_EVALUABLE,0,16.0,LAPTOP-OMI6BJ6L,45a097c1b95bf1ad3f27d32ddffdc4ee8014640d7d379ca3df7bcd8b6f73c49a,b8d9ed2fd9f5011c1e05f5a5f6588b283367d7395a7bcc57ef6887d4ded60e12,60.0,200.0,10,102.0833,ventanas,20261210
39,simulacion,SIM_5D,BAJA,78,1296,propio,ventas.202609.txt,ventas.202609.txt,bloqueo.2609.txt,,AG,21,3021,tiempo,2000,60,0,si,urgentes,894,4800,21600.00,360.0000,si,,,,120910.00,19458,886,808,808,100.00,0,119,0,2007.9,2083.1,1563,118835,0,377,445,12.027,24,0,0,0,9,250689,NO_EVALUABLE,0,16.0,LAPTOP-OMI6BJ6L,45a097c1b95bf1ad3f27d32ddffdc4ee8014640d7d379ca3df7bcd8b6f73c49a,b8d9ed2fd9f5011c1e05f5a5f6588b283367d7395a7bcc57ef6887d4ded60e12,60.0,200.0,11,120.0000,ventanas,20260911
40,simulacion,SIM_5D,MEDIA,98,1296,propio,ventas.202611.txt,ventas.202609.txt,bloqueo.2609.txt,,TABU,17,3017,tiempo,2000,60,0,,urgentes,1104,6152,26881.00,448.0167,no,c6490-L4112 (c6490-L4112~2),,llegada tardía (planificada),148720.00,24792,1026,899,900,99.89,0,112,0,2001.0,2056.7,148863,1013769,0,9,585,15.811,37,0,0,0,47,245309,NO_EVALUABLE,0,16.0,LAPTOP-OMI6BJ6L,45a097c1b95bf1ad3f27d32ddffdc4ee8014640d7d379ca3df7bcd8b6f73c49a,b8d9ed2fd9f5011c1e05f5a5f6588b283367d7395a7bcc57ef6887d4ded60e12,60.0,200.0,15,112.0167,ventanas,20261115
41,simulacion,SIM_5D,BAJA,78,1296,propio,ventas.202610.txt,ventas.202609.txt,bloqueo.2609.txt,,AG,13,3013,tiempo,2000,60,0,si,urgentes,1034,5427,7582.00,126.3667,no,c7742-L969 (c7742-L969),,destino bloqueado,56283.00,9188,482,392,393,99.75,0,54,0,2009.4,2088.5,673,63019,0,173,216,5.838,14,0,0,0,6,117444,NO_EVALUABLE,0,16.0,LAPTOP-OMI6BJ6L,45a097c1b95bf1ad3f27d32ddffdc4ee8014640d7d379ca3df7bcd8b6f73c49a,b8d9ed2fd9f5011c1e05f5a5f6588b283367d7395a7bcc57ef6887d4ded60e12,60.0,200.0,4,54.3667,ventanas,20261004
42,simulacion,SIM_5D,BAJA,78,1296,propio,ventas.202609.txt,ventas.202609.txt,bloqueo.2609.txt,,AG,27,3027,tiempo,2000,60,0,si,urgentes,884,4800,20160.00,336.0000,si,,,,119868.00,19594,873,795,795,100.00,0,119,0,2007.3,2072.1,1771,156485,0,459,449,12.135,24,0,0,0,6,249704,NO_EVALUABLE,0,16.0,LAPTOP-OMI6BJ6L,45a097c1b95bf1ad3f27d32ddffdc4ee8014640d7d379ca3df7bcd8b6f73c49a,b8d9ed2fd9f5011c1e05f5a5f6588b283367d7395a7bcc57ef6887d4ded60e12,60.0,200.0,10,120.0000,ventanas,20260910
43,simulacion,SIM_5D,MEDIA,98,1296,propio,ventas.202612.txt,ventas.202609.txt,bloqueo.2609.txt,,AG,4,3004,tiempo,2000,60,0,si,urgentes,1066,5944,17280.00,288.0000,si,,,,153894.00,25512,1058,962,962,100.00,0,119,0,2021.6,2117.2,855,74299,0,132,588,15.892,35,0,0,0,38,268953,NO_EVALUABLE,0,16.0,LAPTOP-OMI6BJ6L,45a097c1b95bf1ad3f27d32ddffdc4ee8014640d7d379ca3df7bcd8b6f73c49a,b8d9ed2fd9f5011c1e05f5a5f6588b283367d7395a7bcc57ef6887d4ded60e12,60.0,200.0,8,120.0000,ventanas,20261208
44,simulacion,SIM_5D,MEDIA,98,1296,propio,ventas.202611.txt,ventas.202609.txt,bloqueo.2609.txt,,AG,14,3014,tiempo,2000,60,0,si,urgentes,1101,6115,28311.00,471.8500,no,c6031-L4314 (c6031-L4314),TA03,destino bloqueado,108143.00,17728,767,685,686,99.85,0,87,0,2014.8,2108.3,982,89283,0,253,418,11.297,26,0,0,0,35,189850,NO_EVALUABLE,0,16.0,LAPTOP-OMI6BJ6L,45a097c1b95bf1ad3f27d32ddffdc4ee8014640d7d379ca3df7bcd8b6f73c49a,b8d9ed2fd9f5011c1e05f5a5f6588b283367d7395a7bcc57ef6887d4ded60e12,60.0,200.0,17,87.8500,ventanas,20261117
45,simulacion,SIM_5D,BAJA,78,1296,propio,ventas.202609.txt,ventas.202609.txt,bloqueo.2609.txt,,AG,29,3029,tiempo,2000,60,0,si,urgentes,795,4472,11520.00,192.0000,si,,,,109607.00,17745,790,730,730,100.00,0,119,0,2009.8,2107.6,1680,144415,0,316,420,11.351,26,0,0,0,14,255723,NO_EVALUABLE,0,16.0,LAPTOP-OMI6BJ6L,45a097c1b95bf1ad3f27d32ddffdc4ee8014640d7d379ca3df7bcd8b6f73c49a,b8d9ed2fd9f5011c1e05f5a5f6588b283367d7395a7bcc57ef6887d4ded60e12,60.0,200.0,4,120.0000,ventanas,20260904
46,simulacion,SIM_5D,BAJA,78,1296,propio,ventas.202610.txt,ventas.202609.txt,bloqueo.2609.txt,,TABU,40,3040,tiempo,2000,60,0,,urgentes,911,5074,34560.00,576.0000,si,,,,128178.00,21183,900,803,803,100.00,0,119,0,2004.2,2092.8,243167,1561743,0,32,510,13.784,39,0,0,0,10,252802,NO_EVALUABLE,0,16.0,LAPTOP-OMI6BJ6L,45a097c1b95bf1ad3f27d32ddffdc4ee8014640d7d379ca3df7bcd8b6f73c49a,b8d9ed2fd9f5011c1e05f5a5f6588b283367d7395a7bcc57ef6887d4ded60e12,60.0,200.0,20,120.0000,ventanas,20261020
47,simulacion,SIM_5D,ALTA,115,1296,propio,ventas.202701.txt,ventas.202609.txt,bloqueo.2609.txt,,AG,23,3023,tiempo,2000,60,0,si,urgentes,1295,7036,6757.00,112.6167,no,c0168-L1137 (c0168-L1137),TM10,llegada tardía (a bordo),50065.00,8333,448,312,313,99.68,0,40,0,2012.2,2057.0,613,57967,0,174,202,5.459,9,0,0,0,23,87308,NO_EVALUABLE,0,16.0,LAPTOP-OMI6BJ6L,45a097c1b95bf1ad3f27d32ddffdc4ee8014640d7d379ca3df7bcd8b6f73c49a,b8d9ed2fd9f5011c1e05f5a5f6588b283367d7395a7bcc57ef6887d4ded60e12,60.0,200.0,4,40.6167,ventanas,20270104
48,simulacion,SIM_5D,ALTA,115,1296,propio,ventas.202702.txt,ventas.202609.txt,bloqueo.2609.txt,,AG,28,3028,tiempo,2000,60,0,si,urgentes,1456,8318,8741.00,145.6833,no,c7702-L1612 (c7702-L1612),TA09,llegada tardía (a bordo),118683.00,19852,858,696,697,99.86,0,73,0,2133.1,2678.8,434,51038,0,91,468,12.649,23,0,0,0,67,190130,NO_EVALUABLE,0,16.0,LAPTOP-OMI6BJ6L,45a097c1b95bf1ad3f27d32ddffdc4ee8014640d7d379ca3df7bcd8b6f73c49a,b8d9ed2fd9f5011c1e05f5a5f6588b283367d7395a7bcc57ef6887d4ded60e12,60.0,200.0,4,73.6833,ventanas,20270204
49,simulacion,SIM_5D,BAJA,78,1296,propio,ventas.202609.txt,ventas.202609.txt,bloqueo.2609.txt,,TABU,15,3015,tiempo,2000,60,0,,urgentes,810,4530,12960.00,216.0000,si,,,,118667.00,19395,800,739,739,100.00,0,119,0,2001.9,2056.3,217453,1506450,0,30,465,12.568,34,0,0,0,18,256334,NO_EVALUABLE,0,16.0,LAPTOP-OMI6BJ6L,45a097c1b95bf1ad3f27d32ddffdc4ee8014640d7d379ca3df7bcd8b6f73c49a,b8d9ed2fd9f5011c1e05f5a5f6588b283367d7395a7bcc57ef6887d4ded60e12,60.0,200.0,5,120.0000,ventanas,20260905
50,simulacion,SIM_5D,MEDIA,98,1296,propio,ventas.202611.txt,ventas.202609.txt,bloqueo.2609.txt,,TABU,9,3009,tiempo,2000,60,0,,urgentes,1057,5766,8640.00,144.0000,si,,,,155325.00,25996,1049,946,946,100.00,0,119,0,2003.2,2093.5,165834,1094432,0,16,591,15.973,38,0,0,0,38,262841,NO_EVALUABLE,0,16.0,LAPTOP-OMI6BJ6L,45a097c1b95bf1ad3f27d32ddffdc4ee8014640d7d379ca3df7bcd8b6f73c49a,b8d9ed2fd9f5011c1e05f5a5f6588b283367d7395a7bcc57ef6887d4ded60e12,60.0,200.0,2,120.0000,ventanas,20261102
51,simulacion,SIM_5D,BAJA,78,1296,propio,ventas.202610.txt,ventas.202609.txt,bloqueo.2609.txt,,TABU,35,3035,tiempo,2000,60,0,,urgentes,968,5198,15840.00,264.0000,si,,,,140122.00,23358,959,884,884,100.00,0,119,0,2005.3,2079.4,179386,1182794,0,28,550,14.865,38,0,0,0,13,263003,NO_EVALUABLE,0,16.0,LAPTOP-OMI6BJ6L,45a097c1b95bf1ad3f27d32ddffdc4ee8014640d7d379ca3df7bcd8b6f73c49a,b8d9ed2fd9f5011c1e05f5a5f6588b283367d7395a7bcc57ef6887d4ded60e12,60.0,200.0,7,120.0000,ventanas,20261007
52,simulacion,SIM_5D,MEDIA,98,1296,propio,ventas.202612.txt,ventas.202609.txt,bloqueo.2609.txt,,TABU,27,3027,tiempo,2000,60,0,,urgentes,1146,6309,20160.00,336.0000,si,,,,171049.00,28103,1137,1030,1030,100.00,0,119,0,2003.4,2082.0,133960,892141,0,29,631,17.054,37,0,0,0,58,271179,NO_EVALUABLE,0,16.0,LAPTOP-OMI6BJ6L,45a097c1b95bf1ad3f27d32ddffdc4ee8014640d7d379ca3df7bcd8b6f73c49a,b8d9ed2fd9f5011c1e05f5a5f6588b283367d7395a7bcc57ef6887d4ded60e12,60.0,200.0,10,120.0000,ventanas,20261210
53,simulacion,SIM_5D,MEDIA,98,1296,propio,ventas.202612.txt,ventas.202609.txt,bloqueo.2609.txt,,AG,32,3032,tiempo,2000,60,0,si,urgentes,1302,7090,25048.00,417.4667,no,c6957-L4021 (c6957-L4021~1),,llegada tardía (planificada),162800.00,26899,1150,1007,1008,99.90,0,105,0,2111.9,2453.0,696,65940,0,154,618,16.703,33,0,0,0,65,262740,NO_EVALUABLE,0,16.0,LAPTOP-OMI6BJ6L,45a097c1b95bf1ad3f27d32ddffdc4ee8014640d7d379ca3df7bcd8b6f73c49a,b8d9ed2fd9f5011c1e05f5a5f6588b283367d7395a7bcc57ef6887d4ded60e12,60.0,200.0,14,105.4667,ventanas,20261214
54,simulacion,SIM_5D,ALTA,115,1296,propio,ventas.202702.txt,ventas.202609.txt,bloqueo.2609.txt,,TABU,1,3001,tiempo,2000,60,0,,urgentes,1374,8019,3737.00,62.2833,no,c6321-L636 (c6321-L636),,destino bloqueado,45610.00,7587,419,282,283,99.65,0,38,0,2002.5,2049.9,56535,440344,0,8,189,5.108,13,0,0,0,24,87787,NO_EVALUABLE,0,16.0,LAPTOP-OMI6BJ6L,45a097c1b95bf1ad3f27d32ddffdc4ee8014640d7d379ca3df7bcd8b6f73c49a,b8d9ed2fd9f5011c1e05f5a5f6588b283367d7395a7bcc57ef6887d4ded60e12,60.0,200.0,2,38.2833,ventanas,20270202
55,simulacion,SIM_5D,ALTA,115,1296,propio,ventas.202702.txt,ventas.202609.txt,bloqueo.2609.txt,,AG,11,3011,tiempo,2000,60,0,si,urgentes,1423,7874,19808.00,330.1333,no,c6319-L3751 (c6319-L3751),,llegada tardía (planificada),56790.00,8969,475,338,339,99.71,0,43,0,2056.1,2220.6,1159,111391,0,66,218,5.892,11,0,0,0,27,101550,NO_EVALUABLE,0,16.0,LAPTOP-OMI6BJ6L,45a097c1b95bf1ad3f27d32ddffdc4ee8014640d7d379ca3df7bcd8b6f73c49a,b8d9ed2fd9f5011c1e05f5a5f6588b283367d7395a7bcc57ef6887d4ded60e12,60.0,200.0,13,42.1333,ventanas,20270213
56,simulacion,SIM_5D,ALTA,115,1296,propio,ventas.202702.txt,ventas.202609.txt,bloqueo.2609.txt,,AG,9,3009,tiempo,2000,60,0,si,urgentes,1395,7695,16173.00,269.5500,no,c3444-L3100 (c3444-L3100),,destino bloqueado,39003.00,6344,367,235,236,99.58,0,29,0,2080.5,2285.2,323,34096,0,28,156,4.216,8,0,0,0,24,71853,NO_EVALUABLE,0,16.0,LAPTOP-OMI6BJ6L,45a097c1b95bf1ad3f27d32ddffdc4ee8014640d7d379ca3df7bcd8b6f73c49a,b8d9ed2fd9f5011c1e05f5a5f6588b283367d7395a7bcc57ef6887d4ded60e12,60.0,200.0,11,29.5500,ventanas,20270211
57,simulacion,SIM_5D,BAJA,78,1296,propio,ventas.202609.txt,ventas.202609.txt,bloqueo.2609.txt,,AG,11,3011,tiempo,2000,60,0,si,urgentes,833,4673,15840.00,264.0000,si,,,,115956.00,18551,825,760,760,100.00,0,119,0,2009.4,2082.5,2401,200850,0,332,437,11.811,22,0,0,0,24,251922,NO_EVALUABLE,0,16.0,LAPTOP-OMI6BJ6L,45a097c1b95bf1ad3f27d32ddffdc4ee8014640d7d379ca3df7bcd8b6f73c49a,b8d9ed2fd9f5011c1e05f5a5f6588b283367d7395a7bcc57ef6887d4ded60e12,60.0,200.0,7,120.0000,ventanas,20260907
58,simulacion,SIM_5D,BAJA,78,1296,propio,ventas.202610.txt,ventas.202609.txt,bloqueo.2609.txt,,TABU,19,3019,tiempo,2000,60,0,,urgentes,932,5134,37440.00,624.0000,si,,,,129728.00,21595,927,861,861,100.00,0,119,0,2001.2,2062.1,215215,1347800,0,23,529,14.297,31,0,0,0,10,255961,NO_EVALUABLE,0,16.0,LAPTOP-OMI6BJ6L,45a097c1b95bf1ad3f27d32ddffdc4ee8014640d7d379ca3df7bcd8b6f73c49a,b8d9ed2fd9f5011c1e05f5a5f6588b283367d7395a7bcc57ef6887d4ded60e12,60.0,200.0,22,120.0000,ventanas,20261022
59,simulacion,SIM_5D,MEDIA,98,1296,propio,ventas.202611.txt,ventas.202609.txt,bloqueo.2609.txt,,AG,23,3023,tiempo,2000,60,0,si,urgentes,1039,5730,10080.00,168.0000,si,,,,150741.00,24454,1032,931,931,100.00,0,119,0,2017.9,2188.9,1338,118187,0,260,543,14.676,35,0,0,0,38,258661,NO_EVALUABLE,0,16.0,LAPTOP-OMI6BJ6L,45a097c1b95bf1ad3f27d32ddffdc4ee8014640d7d379ca3df7bcd8b6f73c49a,b8d9ed2fd9f5011c1e05f5a5f6588b283367d7395a7bcc57ef6887d4ded60e12,60.0,200.0,3,120.0000,ventanas,20261103
60,simulacion,SIM_5D,ALTA,115,1296,propio,ventas.202701.txt,ventas.202609.txt,bloqueo.2609.txt,,AG,16,3016,tiempo,2000,60,0,si,urgentes,1305,7266,27360.00,456.0000,si,,,,189635.00,31827,1293,1154,1154,100.00,0,119,0,2086.5,2405.6,397,37516,0,47,735,19.865,38,0,0,0,96,294933,NO_EVALUABLE,0,16.0,LAPTOP-OMI6BJ6L,45a097c1b95bf1ad3f27d32ddffdc4ee8014640d7d379ca3df7bcd8b6f73c49a,b8d9ed2fd9f5011c1e05f5a5f6588b283367d7395a7bcc57ef6887d4ded60e12,60.0,200.0,15,120.0000,ventanas,20270115
61,simulacion,SIM_5D,BAJA,78,1296,propio,ventas.202610.txt,ventas.202609.txt,bloqueo.2609.txt,,AG,24,3024,tiempo,2000,60,0,si,urgentes,950,5297,25522.00,425.3667,no,c2478-L3446 (c2478-L3446),,destino bloqueado,67379.00,10618,529,455,456,99.78,0,65,0,2011.7,2095.4,992,88703,0,214,264,7.135,17,0,0,0,10,138743,NO_EVALUABLE,0,16.0,LAPTOP-OMI6BJ6L,45a097c1b95bf1ad3f27d32ddffdc4ee8014640d7d379ca3df7bcd8b6f73c49a,b8d9ed2fd9f5011c1e05f5a5f6588b283367d7395a7bcc57ef6887d4ded60e12,60.0,200.0,16,65.3667,ventanas,20261016
62,simulacion,SIM_5D,ALTA,115,1296,propio,ventas.202701.txt,ventas.202609.txt,bloqueo.2609.txt,,AG,25,3025,tiempo,2000,60,0,si,urgentes,1265,7010,24480.00,408.0000,si,,,,185179.00,31003,1253,1129,1129,100.00,0,119,0,2105.3,2368.7,419,50178,0,145,698,18.865,36,0,0,0,67,300565,NO_EVALUABLE,1,16.0,LAPTOP-OMI6BJ6L,45a097c1b95bf1ad3f27d32ddffdc4ee8014640d7d379ca3df7bcd8b6f73c49a,b8d9ed2fd9f5011c1e05f5a5f6588b283367d7395a7bcc57ef6887d4ded60e12,60.0,200.0,13,120.0000,ventanas,20270113
63,simulacion,SIM_5D,BAJA,78,1296,propio,ventas.202610.txt,ventas.202609.txt,bloqueo.2609.txt,,AG,23,3023,tiempo,2000,60,0,si,urgentes,985,5218,2496.00,41.6000,no,c3612-L260 (c3612-L260),,destino bloqueado,11036.00,1723,117,79,80,98.75,0,17,0,2005.7,2039.9,986,102104,0,70,53,1.432,4,0,0,0,0,35219,NO_EVALUABLE,0,16.0,LAPTOP-OMI6BJ6L,45a097c1b95bf1ad3f27d32ddffdc4ee8014640d7d379ca3df7bcd8b6f73c49a,b8d9ed2fd9f5011c1e05f5a5f6588b283367d7395a7bcc57ef6887d4ded60e12,60.0,200.0,2,17.6000,ventanas,20261002
64,simulacion,SIM_5D,MEDIA,98,1296,propio,ventas.202611.txt,ventas.202609.txt,bloqueo.2609.txt,,AG,11,3011,tiempo,2000,60,0,si,urgentes,1129,6248,14400.00,240.0000,si,,,,165538.00,27797,1114,1027,1027,100.00,0,119,0,2024.3,2153.3,666,62480,0,188,651,17.595,41,0,0,0,42,268768,NO_EVALUABLE,1,16.0,LAPTOP-OMI6BJ6L,45a097c1b95bf1ad3f27d32ddffdc4ee8014640d7d379ca3df7bcd8b6f73c49a,b8d9ed2fd9f5011c1e05f5a5f6588b283367d7395a7bcc57ef6887d4ded60e12,60.0,200.0,6,120.0000,ventanas,20261106
65,simulacion,SIM_5D,BAJA,78,1296,propio,ventas.202609.txt,ventas.202609.txt,bloqueo.2609.txt,,AG,7,3007,tiempo,2000,60,0,si,urgentes,940,5143,37440.00,624.0000,si,,,,131461.00,21711,928,830,830,100.00,0,119,0,2018.6,2106.2,1191,98100,0,330,500,13.514,41,0,0,0,14,264646,NO_EVALUABLE,0,16.0,LAPTOP-OMI6BJ6L,45a097c1b95bf1ad3f27d32ddffdc4ee8014640d7d379ca3df7bcd8b6f73c49a,b8d9ed2fd9f5011c1e05f5a5f6588b283367d7395a7bcc57ef6887d4ded60e12,60.0,200.0,22,120.0000,ventanas,20260922
66,simulacion,SIM_5D,ALTA,115,1296,propio,ventas.202702.txt,ventas.202609.txt,bloqueo.2609.txt,,TABU,8,3008,tiempo,2000,60,0,,urgentes,1431,8270,3737.00,62.2833,no,c6321-L636 (c6321-L636),,destino bloqueado,12140.00,1927,154,73,74,98.65,0,14,0,2007.3,2078.4,45518,358891,0,32,54,1.459,4,0,0,0,3,29853,NO_EVALUABLE,0,16.0,LAPTOP-OMI6BJ6L,45a097c1b95bf1ad3f27d32ddffdc4ee8014640d7d379ca3df7bcd8b6f73c49a,b8d9ed2fd9f5011c1e05f5a5f6588b283367d7395a7bcc57ef6887d4ded60e12,60.0,200.0,3,14.2833,ventanas,20270203
67,simulacion,SIM_5D,ALTA,115,1296,propio,ventas.202701.txt,ventas.202609.txt,bloqueo.2609.txt,,AG,7,3007,tiempo,2000,60,0,si,urgentes,1253,6908,21600.00,360.0000,si,,,,181880.00,30185,1242,1120,1120,100.00,0,119,0,2137.2,2390.1,378,36258,0,88,684,18.486,37,0,0,0,59,313988,NO_EVALUABLE,1,16.0,LAPTOP-OMI6BJ6L,45a097c1b95bf1ad3f27d32ddffdc4ee8014640d7d379ca3df7bcd8b6f73c49a,b8d9ed2fd9f5011c1e05f5a5f6588b283367d7395a7bcc57ef6887d4ded60e12,60.0,200.0,11,120.0000,ventanas,20270111
68,simulacion,SIM_5D,ALTA,115,1296,propio,ventas.202702.txt,ventas.202609.txt,bloqueo.2609.txt,,AG,1,3001,tiempo,2000,60,0,si,urgentes,1374,8019,3737.00,62.2833,no,c6321-L636 (c6321-L636),,destino bloqueado,47793.00,8033,419,292,293,99.66,0,38,0,2027.5,2198.9,430,50745,0,31,189,5.108,12,0,0,0,25,88185,NO_EVALUABLE,0,16.0,LAPTOP-OMI6BJ6L,45a097c1b95bf1ad3f27d32ddffdc4ee8014640d7d379ca3df7bcd8b6f73c49a,b8d9ed2fd9f5011c1e05f5a5f6588b283367d7395a7bcc57ef6887d4ded60e12,60.0,200.0,2,38.2833,ventanas,20270202
69,simulacion,SIM_5D,ALTA,115,1296,propio,ventas.202701.txt,ventas.202609.txt,bloqueo.2609.txt,,AG,26,3026,tiempo,2000,60,0,si,urgentes,1317,7145,14400.00,240.0000,si,,,,185303.00,30969,1303,1175,1175,100.00,0,119,0,2137.8,2612.1,524,50105,0,100,724,19.568,34,0,0,0,78,315832,NO_EVALUABLE,0,16.0,LAPTOP-OMI6BJ6L,45a097c1b95bf1ad3f27d32ddffdc4ee8014640d7d379ca3df7bcd8b6f73c49a,b8d9ed2fd9f5011c1e05f5a5f6588b283367d7395a7bcc57ef6887d4ded60e12,60.0,200.0,6,120.0000,ventanas,20270106
70,simulacion,SIM_5D,BAJA,78,1296,propio,ventas.202610.txt,ventas.202609.txt,bloqueo.2609.txt,,AG,26,3026,tiempo,2000,60,0,si,urgentes,938,5150,29155.00,485.9167,no,c4704-L3903 (c4704-L3903),,destino bloqueado,2461.00,363,43,17,18,94.44,0,5,0,2003.0,2008.4,429,54228,0,7,14,0.378,1,0,0,0,0,10238,NO_EVALUABLE,0,16.0,LAPTOP-OMI6BJ6L,45a097c1b95bf1ad3f27d32ddffdc4ee8014640d7d379ca3df7bcd8b6f73c49a,b8d9ed2fd9f5011c1e05f5a5f6588b283367d7395a7bcc57ef6887d4ded60e12,60.0,200.0,21,5.9167,ventanas,20261021
71,simulacion,SIM_5D,ALTA,115,1296,propio,ventas.202701.txt,ventas.202609.txt,bloqueo.2609.txt,,AG,5,3005,tiempo,2000,60,0,si,urgentes,1252,6929,21065.00,351.0833,no,c1821-L3755 (c1821-L3755),,destino bloqueado,126168.00,21058,889,780,781,99.87,0,87,0,2131.4,2412.7,229,24157,0,81,491,13.270,24,0,0,0,44,226652,NO_EVALUABLE,1,16.0,LAPTOP-OMI6BJ6L,45a097c1b95bf1ad3f27d32ddffdc4ee8014640d7d379ca3df7bcd8b6f73c49a,b8d9ed2fd9f5011c1e05f5a5f6588b283367d7395a7bcc57ef6887d4ded60e12,60.0,200.0,12,87.0833,ventanas,20270112
72,simulacion,SIM_5D,MEDIA,98,1296,propio,ventas.202612.txt,ventas.202609.txt,bloqueo.2609.txt,,TABU,2,3002,tiempo,2000,60,0,,urgentes,1238,6657,26778.00,446.3000,no,c9323-L4361 (c9323-L4361),TB02,llegada tardía (a bordo),85913.00,14567,679,551,552,99.82,0,63,0,2001.1,2034.6,100283,765051,0,34,328,8.865,20,0,0,0,22,141131,NO_EVALUABLE,0,16.0,LAPTOP-OMI6BJ6L,45a097c1b95bf1ad3f27d32ddffdc4ee8014640d7d379ca3df7bcd8b6f73c49a,b8d9ed2fd9f5011c1e05f5a5f6588b283367d7395a7bcc57ef6887d4ded60e12,60.0,200.0,17,62.3000,ventanas,20261217
73,simulacion,SIM_5D,BAJA,78,1296,propio,ventas.202610.txt,ventas.202609.txt,bloqueo.2609.txt,,AG,17,3017,tiempo,2000,60,0,si,urgentes,912,5044,29062.00,484.3667,no,c7612-L3889 (c7612-L3889),TM15,llegada tardía (a bordo),77242.00,12694,586,506,507,99.80,0,76,0,2009.9,2063.0,769,71405,0,246,299,8.081,17,0,0,0,6,164587,NO_EVALUABLE,0,16.0,LAPTOP-OMI6BJ6L,45a097c1b95bf1ad3f27d32ddffdc4ee8014640d7d379ca3df7bcd8b6f73c49a,b8d9ed2fd9f5011c1e05f5a5f6588b283367d7395a7bcc57ef6887d4ded60e12,60.0,200.0,18,76.3667,ventanas,20261018
74,simulacion,SIM_5D,MEDIA,98,1296,propio,ventas.202612.txt,ventas.202609.txt,bloqueo.2609.txt,,AG,19,3019,tiempo,2000,60,0,si,urgentes,1153,6499,12960.00,216.0000,si,,,,174398.00,28992,1141,1064,1064,100.00,0,119,0,2032.1,2212.1,775,67398,0,175,664,17.946,39,0,0,0,98,270619,NO_EVALUABLE,0,16.0,LAPTOP-OMI6BJ6L,45a097c1b95bf1ad3f27d32ddffdc4ee8014640d7d379ca3df7bcd8b6f73c49a,b8d9ed2fd9f5011c1e05f5a5f6588b283367d7395a7bcc57ef6887d4ded60e12,60.0,200.0,5,120.0000,ventanas,20261205
75,simulacion,SIM_5D,BAJA,78,1296,propio,ventas.202609.txt,ventas.202609.txt,bloqueo.2609.txt,,AG,1,3001,tiempo,2000,60,0,si,urgentes,912,4890,24480.00,408.0000,si,,,,123109.00,20336,910,821,821,100.00,0,119,0,2020.9,2272.3,1381,121109,0,285,476,12.865,33,0,0,0,11,261980,NO_EVALUABLE,0,16.0,LAPTOP-OMI6BJ6L,45a097c1b95bf1ad3f27d32ddffdc4ee8014640d7d379ca3df7bcd8b6f73c49a,b8d9ed2fd9f5011c1e05f5a5f6588b283367d7395a7bcc57ef6887d4ded60e12,60.0,200.0,13,120.0000,ventanas,20260913
76,simulacion,SIM_5D,ALTA,115,1296,propio,ventas.202701.txt,ventas.202609.txt,bloqueo.2609.txt,,TABU,20,3020,tiempo,2000,60,0,,urgentes,1261,6904,17045.00,284.0833,no,c9968-L3081 (c9968-L3081~1),TA09,llegada tardía (a bordo),95941.00,16256,741,606,607,99.84,0,68,0,2005.0,2085.3,56084,429349,0,11,373,10.081,19,0,0,0,23,172357,NO_EVALUABLE,0,16.0,LAPTOP-OMI6BJ6L,45a097c1b95bf1ad3f27d32ddffdc4ee8014640d7d379ca3df7bcd8b6f73c49a,b8d9ed2fd9f5011c1e05f5a5f6588b283367d7395a7bcc57ef6887d4ded60e12,60.0,200.0,10,68.0833,ventanas,20270110
77,simulacion,SIM_5D,BAJA,78,1296,propio,ventas.202609.txt,ventas.202609.txt,bloqueo.2609.txt,,TABU,27,3027,tiempo,2000,60,0,,urgentes,884,4800,20160.00,336.0000,si,,,,126182.00,21023,873,787,787,100.00,0,119,0,2005.1,2087.2,225143,1419709,0,47,489,13.216,30,0,0,0,7,252100,NO_EVALUABLE,0,16.0,LAPTOP-OMI6BJ6L,45a097c1b95bf1ad3f27d32ddffdc4ee8014640d7d379ca3df7bcd8b6f73c49a,b8d9ed2fd9f5011c1e05f5a5f6588b283367d7395a7bcc57ef6887d4ded60e12,60.0,200.0,10,120.0000,ventanas,20260910
78,simulacion,SIM_5D,ALTA,115,1296,propio,ventas.202701.txt,ventas.202609.txt,bloqueo.2609.txt,,TABU,24,3024,tiempo,2000,60,0,,urgentes,1316,7072,17045.00,284.0833,no,c9968-L3081 (c9968-L3081~1),TA06,llegada tardía (a bordo),186595.00,31605,1279,1149,1150,99.91,0,116,0,2005.5,2075.9,105408,741011,0,27,728,19.676,34,0,0,0,77,297370,NO_EVALUABLE,0,16.0,LAPTOP-OMI6BJ6L,45a097c1b95bf1ad3f27d32ddffdc4ee8014640d7d379ca3df7bcd8b6f73c49a,b8d9ed2fd9f5011c1e05f5a5f6588b283367d7395a7bcc57ef6887d4ded60e12,60.0,200.0,8,116.0833,ventanas,20270108
79,simulacion,SIM_5D,MEDIA,98,1296,propio,ventas.202611.txt,ventas.202609.txt,bloqueo.2609.txt,,AG,5,3005,tiempo,2000,60,0,si,urgentes,1085,6010,12960.00,216.0000,si,,,,157408.00,25576,1076,984,984,100.00,0,119,0,2025.2,2294.1,1188,108359,0,182,590,15.946,40,0,0,0,41,266239,NO_EVALUABLE,1,16.0,LAPTOP-OMI6BJ6L,45a097c1b95bf1ad3f27d32ddffdc4ee8014640d7d379ca3df7bcd8b6f73c49a,b8d9ed2fd9f5011c1e05f5a5f6588b283367d7395a7bcc57ef6887d4ded60e12,60.0,200.0,5,120.0000,ventanas,20261105
80,simulacion,SIM_5D,BAJA,78,1296,propio,ventas.202610.txt,ventas.202609.txt,bloqueo.2609.txt,,AG,8,3008,tiempo,2000,60,0,si,urgentes,1010,5640,23040.00,384.0000,si,,,,145677.00,23932,1002,920,920,100.00,0,119,0,2031.9,2168.7,808,81572,0,232,556,15.027,31,0,0,0,20,272984,NO_EVALUABLE,0,16.0,LAPTOP-OMI6BJ6L,45a097c1b95bf1ad3f27d32ddffdc4ee8014640d7d379ca3df7bcd8b6f73c49a,b8d9ed2fd9f5011c1e05f5a5f6588b283367d7395a7bcc57ef6887d4ded60e12,60.0,200.0,12,120.0000,ventanas,20261012
81,simulacion,SIM_5D,BAJA,78,1296,propio,ventas.202610.txt,ventas.202609.txt,bloqueo.2609.txt,,TABU,4,3004,tiempo,2000,60,0,,urgentes,1017,5348,7582.00,126.3667,no,c7742-L969 (c7742-L969),TA03,destino bloqueado,86727.00,14507,671,576,577,99.83,0,78,0,2005.0,2086.2,135638,942321,0,21,354,9.568,27,0,0,0,9,173217,NO_EVALUABLE,0,16.0,LAPTOP-OMI6BJ6L,45a097c1b95bf1ad3f27d32ddffdc4ee8014640d7d379ca3df7bcd8b6f73c49a,b8d9ed2fd9f5011c1e05f5a5f6588b283367d7395a7bcc57ef6887d4ded60e12,60.0,200.0,3,78.3667,ventanas,20261003
82,simulacion,SIM_5D,BAJA,78,1296,propio,ventas.202610.txt,ventas.202609.txt,bloqueo.2609.txt,,AG,9,3009,tiempo,2000,60,0,si,urgentes,982,5365,17280.00,288.0000,si,,,,134210.00,22394,973,880,880,100.00,0,119,0,2019.4,2135.2,1055,103487,0,395,525,14.189,32,0,0,0,16,264287,NO_EVALUABLE,0,16.0,LAPTOP-OMI6BJ6L,45a097c1b95bf1ad3f27d32ddffdc4ee8014640d7d379ca3df7bcd8b6f73c49a,b8d9ed2fd9f5011c1e05f5a5f6588b283367d7395a7bcc57ef6887d4ded60e12,60.0,200.0,8,120.0000,ventanas,20261008
83,simulacion,SIM_5D,ALTA,115,1296,propio,ventas.202701.txt,ventas.202609.txt,bloqueo.2609.txt,,TABU,17,3017,tiempo,2000,60,0,,urgentes,1306,7098,6984.00,116.4000,no,c9386-L1248 (c9386-L1248~2),,llegada tardía (planificada),97273.00,16189,747,595,596,99.83,0,68,0,2001.0,2061.3,88880,600599,0,25,381,10.297,19,0,0,0,36,152318,NO_EVALUABLE,0,16.0,LAPTOP-OMI6BJ6L,45a097c1b95bf1ad3f27d32ddffdc4ee8014640d7d379ca3df7bcd8b6f73c49a,b8d9ed2fd9f5011c1e05f5a5f6588b283367d7395a7bcc57ef6887d4ded60e12,60.0,200.0,3,68.4000,ventanas,20270103
84,simulacion,SIM_5D,ALTA,115,1296,propio,ventas.202701.txt,ventas.202609.txt,bloqueo.2609.txt,,TABU,26,3026,tiempo,2000,60,0,,urgentes,1317,7145,14400.00,240.0000,si,,,,187512.00,31838,1303,1164,1164,100.00,0,119,0,2002.5,2048.0,91345,615599,0,26,743,20.081,37,0,0,0,69,301755,NO_EVALUABLE,0,16.0,LAPTOP-OMI6BJ6L,45a097c1b95bf1ad3f27d32ddffdc4ee8014640d7d379ca3df7bcd8b6f73c49a,b8d9ed2fd9f5011c1e05f5a5f6588b283367d7395a7bcc57ef6887d4ded60e12,60.0,200.0,6,120.0000,ventanas,20270106
85,simulacion,SIM_5D,ALTA,115,1296,propio,ventas.202702.txt,ventas.202609.txt,bloqueo.2609.txt,,AG,15,3015,tiempo,2000,60,0,si,urgentes,1341,7440,15853.00,264.2167,no,c0298-L3030 (c0298-L3030),TB06,llegada tardía (a bordo),107618.00,18014,836,662,663,99.85,0,72,0,2142.5,2413.8,394,43609,0,106,431,11.649,26,0,0,0,53,189055,NO_EVALUABLE,0,16.0,LAPTOP-OMI6BJ6L,45a097c1b95bf1ad3f27d32ddffdc4ee8014640d7d379ca3df7bcd8b6f73c49a,b8d9ed2fd9f5011c1e05f5a5f6588b283367d7395a7bcc57ef6887d4ded60e12,60.0,200.0,9,72.2167,ventanas,20270209
86,simulacion,SIM_5D,MEDIA,98,1296,propio,ventas.202611.txt,ventas.202609.txt,bloqueo.2609.txt,,TABU,5,3005,tiempo,2000,60,0,,urgentes,1085,6010,12960.00,216.0000,si,,,,161505.00,26872,1076,982,982,100.00,0,119,0,2005.7,2075.7,162840,1068291,0,32,608,16.432,37,0,0,0,44,266459,NO_EVALUABLE,1,16.0,LAPTOP-OMI6BJ6L,45a097c1b95bf1ad3f27d32ddffdc4ee8014640d7d379ca3df7bcd8b6f73c49a,b8d9ed2fd9f5011c1e05f5a5f6588b283367d7395a7bcc57ef6887d4ded60e12,60.0,200.0,5,120.0000,ventanas,20261105
87,simulacion,SIM_5D,BAJA,78,1296,propio,ventas.202609.txt,ventas.202609.txt,bloqueo.2609.txt,,TABU,29,3029,tiempo,2000,60,0,,urgentes,795,4472,11520.00,192.0000,si,,,,114331.00,18897,790,732,732,100.00,0,119,0,2003.9,2083.0,211113,1371776,0,28,450,12.162,35,0,0,0,13,256520,NO_EVALUABLE,0,16.0,LAPTOP-OMI6BJ6L,45a097c1b95bf1ad3f27d32ddffdc4ee8014640d7d379ca3df7bcd8b6f73c49a,b8d9ed2fd9f5011c1e05f5a5f6588b283367d7395a7bcc57ef6887d4ded60e12,60.0,200.0,4,120.0000,ventanas,20260904
88,simulacion,SIM_5D,MEDIA,98,1296,propio,ventas.202612.txt,ventas.202609.txt,bloqueo.2609.txt,,TABU,6,3006,tiempo,2000,60,0,,urgentes,1210,6786,10080.00,168.0000,si,,,,185455.00,30744,1199,1095,1095,100.00,0,119,0,2002.7,2085.6,139074,971367,0,9,696,18.811,34,0,0,0,96,271948,NO_EVALUABLE,0,16.0,LAPTOP-OMI6BJ6L,45a097c1b95bf1ad3f27d32ddffdc4ee8014640d7d379ca3df7bcd8b6f73c49a,b8d9ed2fd9f5011c1e05f5a5f6588b283367d7395a7bcc57ef6887d4ded60e12,60.0,200.0,3,120.0000,ventanas,20261203
89,simulacion,SIM_5D,BAJA,78,1296,propio,ventas.202609.txt,ventas.202609.txt,bloqueo.2609.txt,,AG,20,3020,tiempo,2000,60,0,si,urgentes,886,4907,33304.00,555.0667,no,c9995-L3923 (c9995-L3923),TA02,llegada tardía (a bordo),98863.00,16441,720,634,635,99.84,0,99,0,2014.4,2089.6,1821,156931,0,250,396,10.703,32,0,0,0,11,216240,NO_EVALUABLE,0,16.0,LAPTOP-OMI6BJ6L,45a097c1b95bf1ad3f27d32ddffdc4ee8014640d7d379ca3df7bcd8b6f73c49a,b8d9ed2fd9f5011c1e05f5a5f6588b283367d7395a7bcc57ef6887d4ded60e12,60.0,200.0,20,99.0667,ventanas,20260920
90,simulacion,SIM_5D,BAJA,78,1296,propio,ventas.202609.txt,ventas.202609.txt,bloqueo.2609.txt,,TABU,33,3033,tiempo,2000,60,0,,urgentes,871,4795,25920.00,432.0000,si,,,,128646.00,21671,870,802,802,100.00,0,119,0,2004.5,2078.8,192534,1339720,0,35,507,13.703,29,0,0,0,16,263452,NO_EVALUABLE,0,16.0,LAPTOP-OMI6BJ6L,45a097c1b95bf1ad3f27d32ddffdc4ee8014640d7d379ca3df7bcd8b6f73c49a,b8d9ed2fd9f5011c1e05f5a5f6588b283367d7395a7bcc57ef6887d4ded60e12,60.0,200.0,14,120.0000,ventanas,20260914
91,simulacion,SIM_5D,BAJA,78,1296,propio,ventas.202609.txt,ventas.202609.txt,bloqueo.2609.txt,,AG,2,3002,tiempo,2000,60,0,si,urgentes,878,4817,30240.00,504.0000,si,,,,126406.00,21263,875,801,801,100.00,0,119,0,2015.5,2110.8,1022,88699,0,195,500,13.514,28,0,0,0,16,264633,NO_EVALUABLE,0,16.0,LAPTOP-OMI6BJ6L,45a097c1b95bf1ad3f27d32ddffdc4ee8014640d7d379ca3df7bcd8b6f73c49a,b8d9ed2fd9f5011c1e05f5a5f6588b283367d7395a7bcc57ef6887d4ded60e12,60.0,200.0,17,120.0000,ventanas,20260917
92,simulacion,SIM_5D,BAJA,78,1296,propio,ventas.202610.txt,ventas.202609.txt,bloqueo.2609.txt,,TABU,23,3023,tiempo,2000,60,0,,urgentes,985,5218,7582.00,126.3667,no,c7742-L969 (c7742-L969),,destino bloqueado,113458.00,19067,833,743,744,99.87,0,102,0,2002.0,2077.1,170984,1166038,0,41,457,12.351,29,0,0,0,10,225533,NO_EVALUABLE,0,16.0,LAPTOP-OMI6BJ6L,45a097c1b95bf1ad3f27d32ddffdc4ee8014640d7d379ca3df7bcd8b6f73c49a,b8d9ed2fd9f5011c1e05f5a5f6588b283367d7395a7bcc57ef6887d4ded60e12,60.0,200.0,2,102.3667,ventanas,20261002
93,simulacion,SIM_5D,MEDIA,98,1296,propio,ventas.202612.txt,ventas.202609.txt,bloqueo.2609.txt,,AG,21,3021,tiempo,2000,60,0,si,urgentes,1137,6368,14400.00,240.0000,si,,,,161046.00,26510,1130,1009,1009,100.00,0,119,0,2034.7,2228.0,1073,98140,0,265,606,16.378,33,0,0,0,77,270553,NO_EVALUABLE,0,16.0,LAPTOP-OMI6BJ6L,45a097c1b95bf1ad3f27d32ddffdc4ee8014640d7d379ca3df7bcd8b6f73c49a,b8d9ed2fd9f5011c1e05f5a5f6588b283367d7395a7bcc57ef6887d4ded60e12,60.0,200.0,6,120.0000,ventanas,20261206
94,simulacion,SIM_5D,BAJA,78,1296,propio,ventas.202609.txt,ventas.202609.txt,bloqueo.2609.txt,,TABU,7,3007,tiempo,2000,60,0,,urgentes,940,5143,37440.00,624.0000,si,,,,137934.00,23511,928,838,838,100.00,0,119,0,2005.8,2095.8,171449,1075906,0,12,540,14.595,33,0,0,0,15,264896,NO_EVALUABLE,0,16.0,LAPTOP-OMI6BJ6L,45a097c1b95bf1ad3f27d32ddffdc4ee8014640d7d379ca3df7bcd8b6f73c49a,b8d9ed2fd9f5011c1e05f5a5f6588b283367d7395a7bcc57ef6887d4ded60e12,60.0,200.0,22,120.0000,ventanas,20260922
95,simulacion,SIM_5D,MEDIA,98,1296,propio,ventas.202611.txt,ventas.202609.txt,bloqueo.2609.txt,,AG,7,3007,tiempo,2000,60,0,si,urgentes,1128,6294,28311.00,471.8500,no,c6031-L4314 (c6031-L4314),TA02,destino bloqueado,76452.00,12704,577,486,487,99.79,0,63,0,2017.2,2074.4,699,64351,0,146,294,7.946,18,0,0,0,13,138414,NO_EVALUABLE,0,16.0,LAPTOP-OMI6BJ6L,45a097c1b95bf1ad3f27d32ddffdc4ee8014640d7d379ca3df7bcd8b6f73c49a,b8d9ed2fd9f5011c1e05f5a5f6588b283367d7395a7bcc57ef6887d4ded60e12,60.0,200.0,18,63.8500,ventanas,20261118
96,simulacion,SIM_5D,BAJA,78,1296,propio,ventas.202609.txt,ventas.202609.txt,bloqueo.2609.txt,,TABU,11,3011,tiempo,2000,60,0,,urgentes,833,4673,15840.00,264.0000,si,,,,124268.00,20737,825,758,758,100.00,0,119,0,2005.2,2075.7,246968,1654864,0,41,496,13.405,34,0,0,0,16,253235,NO_EVALUABLE,0,16.0,LAPTOP-OMI6BJ6L,45a097c1b95bf1ad3f27d32ddffdc4ee8014640d7d379ca3df7bcd8b6f73c49a,b8d9ed2fd9f5011c1e05f5a5f6588b283367d7395a7bcc57ef6887d4ded60e12,60.0,200.0,7,120.0000,ventanas,20260907
97,simulacion,SIM_5D,MEDIA,98,1296,propio,ventas.202611.txt,ventas.202609.txt,bloqueo.2609.txt,,AG,15,3015,tiempo,2000,60,0,si,urgentes,1212,6531,17161.00,286.0167,no,c4269-L2555 (c4269-L2555),,destino bloqueado,19331.00,3104,228,129,130,99.23,0,22,0,2023.1,2170.8,479,53702,0,57,79,2.135,8,0,0,0,0,50048,NO_EVALUABLE,0,16.0,LAPTOP-OMI6BJ6L,45a097c1b95bf1ad3f27d32ddffdc4ee8014640d7d379ca3df7bcd8b6f73c49a,b8d9ed2fd9f5011c1e05f5a5f6588b283367d7395a7bcc57ef6887d4ded60e12,60.0,200.0,12,22.0167,ventanas,20261112
98,simulacion,SIM_5D,MEDIA,98,1296,propio,ventas.202612.txt,ventas.202609.txt,bloqueo.2609.txt,,AG,30,3030,tiempo,2000,60,0,si,urgentes,1309,7100,24480.00,408.0000,si,,,,185474.00,30959,1290,1147,1147,100.00,0,120,0,2096.7,2551.6,1151,134185,0,121,714,19.297,35,0,0,0,60,297955,NO_EVALUABLE,0,16.0,LAPTOP-OMI6BJ6L,45a097c1b95bf1ad3f27d32ddffdc4ee8014640d7d379ca3df7bcd8b6f73c49a,b8d9ed2fd9f5011c1e05f5a5f6588b283367d7395a7bcc57ef6887d4ded60e12,60.0,200.0,13,120.0000,ventanas,20261213
99,simulacion,SIM_5D,MEDIA,98,1296,propio,ventas.202611.txt,ventas.202609.txt,bloqueo.2609.txt,,AG,26,3026,tiempo,2000,60,0,si,urgentes,1184,6452,17161.00,286.0167,no,c4269-L2555 (c4269-L2555),,destino bloqueado,123821.00,20666,902,775,776,99.87,0,94,0,2040.2,2351.9,693,65804,0,172,473,12.784,30,0,0,0,21,218141,NO_EVALUABLE,1,16.0,LAPTOP-OMI6BJ6L,45a097c1b95bf1ad3f27d32ddffdc4ee8014640d7d379ca3df7bcd8b6f73c49a,b8d9ed2fd9f5011c1e05f5a5f6588b283367d7395a7bcc57ef6887d4ded60e12,60.0,200.0,9,94.0167,ventanas,20261109
100,simulacion,SIM_5D,ALTA,115,1296,propio,ventas.202702.txt,ventas.202609.txt,bloqueo.2609.txt,,TABU,9,3009,tiempo,2000,60,0,,urgentes,1395,7695,20239.00,337.3167,no,c0651-L3739 (c0651-L3739),TA09,llegada tardía (a bordo),162358.00,26959,1141,978,979,99.90,0,97,0,2004.2,2072.6,83382,575510,0,10,627,16.946,33,0,0,0,90,238449,NO_EVALUABLE,0,16.0,LAPTOP-OMI6BJ6L,45a097c1b95bf1ad3f27d32ddffdc4ee8014640d7d379ca3df7bcd8b6f73c49a,b8d9ed2fd9f5011c1e05f5a5f6588b283367d7395a7bcc57ef6887d4ded60e12,60.0,200.0,11,97.3167,ventanas,20270211
101,simulacion,SIM_5D,MEDIA,98,1296,propio,ventas.202611.txt,ventas.202609.txt,bloqueo.2609.txt,,TABU,33,3033,tiempo,2000,60,0,,urgentes,1104,6145,15840.00,264.0000,si,,,,163955.00,27387,1098,997,997,100.00,0,120,0,2003.3,2068.1,192191,1274950,0,33,639,17.270,31,0,0,0,39,266098,NO_EVALUABLE,1,16.0,LAPTOP-OMI6BJ6L,45a097c1b95bf1ad3f27d32ddffdc4ee8014640d7d379ca3df7bcd8b6f73c49a,b8d9ed2fd9f5011c1e05f5a5f6588b283367d7395a7bcc57ef6887d4ded60e12,60.0,200.0,7,120.0000,ventanas,20261107
102,simulacion,SIM_5D,ALTA,115,1296,propio,ventas.202701.txt,ventas.202609.txt,bloqueo.2609.txt,,AG,14,3014,tiempo,2000,60,0,si,urgentes,1332,7232,3082.00,51.3667,no,c3821-L539 (c3821-L539),,destino bloqueado,68307.00,11614,583,445,446,99.78,0,51,0,2012.8,2045.0,434,36938,0,152,271,7.324,13,0,0,0,26,111445,NO_EVALUABLE,0,16.0,LAPTOP-OMI6BJ6L,45a097c1b95bf1ad3f27d32ddffdc4ee8014640d7d379ca3df7bcd8b6f73c49a,b8d9ed2fd9f5011c1e05f5a5f6588b283367d7395a7bcc57ef6887d4ded60e12,60.0,200.0,1,51.3667,ventanas,20270101
103,simulacion,SIM_5D,ALTA,115,1296,propio,ventas.202702.txt,ventas.202609.txt,bloqueo.2609.txt,,TABU,19,3019,tiempo,2000,60,0,,urgentes,1437,8069,8961.00,149.3500,no,c4936-L1655 (c4936-L1655~1),TA09,llegada tardía (a bordo),39299.00,6510,383,231,232,99.57,0,29,0,2002.5,2016.6,38106,310728,0,22,158,4.270,9,0,0,0,22,70452,NO_EVALUABLE,0,16.0,LAPTOP-OMI6BJ6L,45a097c1b95bf1ad3f27d32ddffdc4ee8014640d7d379ca3df7bcd8b6f73c49a,b8d9ed2fd9f5011c1e05f5a5f6588b283367d7395a7bcc57ef6887d4ded60e12,60.0,200.0,6,29.3500,ventanas,20270206
104,simulacion,SIM_5D,ALTA,115,1296,propio,ventas.202702.txt,ventas.202609.txt,bloqueo.2609.txt,,AG,6,3006,tiempo,2000,60,0,si,urgentes,1447,8012,10873.00,181.2167,no,c3167-L2072 (c3167-L2072),TB09,llegada tardía (a bordo),59693.00,9767,477,331,332,99.70,0,38,0,2118.6,2412.2,994,127226,0,52,230,6.216,12,0,0,0,38,98347,NO_EVALUABLE,0,16.0,LAPTOP-OMI6BJ6L,45a097c1b95bf1ad3f27d32ddffdc4ee8014640d7d379ca3df7bcd8b6f73c49a,b8d9ed2fd9f5011c1e05f5a5f6588b283367d7395a7bcc57ef6887d4ded60e12,60.0,200.0,7,37.2167,ventanas,20270207
105,simulacion,SIM_5D,BAJA,78,1296,propio,ventas.202610.txt,ventas.202609.txt,bloqueo.2609.txt,,TABU,12,3012,tiempo,2000,60,0,,urgentes,886,4932,33120.00,552.0000,si,,,,128117.00,21088,877,820,820,100.00,0,119,0,2003.2,2063.4,215511,1449012,0,48,489,13.216,33,0,0,0,29,251789,NO_EVALUABLE,0,16.0,LAPTOP-OMI6BJ6L,45a097c1b95bf1ad3f27d32ddffdc4ee8014640d7d379ca3df7bcd8b6f73c49a,b8d9ed2fd9f5011c1e05f5a5f6588b283367d7395a7bcc57ef6887d4ded60e12,60.0,200.0,19,120.0000,ventanas,20261019
106,simulacion,SIM_5D,MEDIA,98,1296,propio,ventas.202612.txt,ventas.202609.txt,bloqueo.2609.txt,,TABU,28,3028,tiempo,2000,60,0,,urgentes,1124,6242,15840.00,264.0000,si,,,,164032.00,27054,1111,1021,1021,100.00,0,119,0,2005.2,2085.7,136215,893443,0,10,627,16.946,45,0,0,0,59,266677,NO_EVALUABLE,0,16.0,LAPTOP-OMI6BJ6L,45a097c1b95bf1ad3f27d32ddffdc4ee8014640d7d379ca3df7bcd8b6f73c49a,b8d9ed2fd9f5011c1e05f5a5f6588b283367d7395a7bcc57ef6887d4ded60e12,60.0,200.0,7,120.0000,ventanas,20261207
107,simulacion,SIM_5D,BAJA,78,1296,propio,ventas.202610.txt,ventas.202609.txt,bloqueo.2609.txt,,AG,16,3016,tiempo,2000,60,0,si,urgentes,974,5387,20160.00,336.0000,si,,,,142438.00,23613,964,890,890,100.00,0,119,0,2019.3,2129.2,942,86420,0,211,546,14.757,28,0,0,0,12,264116,NO_EVALUABLE,0,16.0,LAPTOP-OMI6BJ6L,45a097c1b95bf1ad3f27d32ddffdc4ee8014640d7d379ca3df7bcd8b6f73c49a,b8d9ed2fd9f5011c1e05f5a5f6588b283367d7395a7bcc57ef6887d4ded60e12,60.0,200.0,10,120.0000,ventanas,20261010
108,simulacion,SIM_5D,MEDIA,98,1296,propio,ventas.202611.txt,ventas.202609.txt,bloqueo.2609.txt,,AG,33,3033,tiempo,2000,60,0,si,urgentes,1104,6145,15840.00,264.0000,si,,,,156698.00,25908,1098,995,995,100.00,0,120,0,2022.2,2136.9,1510,139205,0,170,603,16.297,34,0,0,0,45,269708,NO_EVALUABLE,1,16.0,LAPTOP-OMI6BJ6L,45a097c1b95bf1ad3f27d32ddffdc4ee8014640d7d379ca3df7bcd8b6f73c49a,b8d9ed2fd9f5011c1e05f5a5f6588b283367d7395a7bcc57ef6887d4ded60e12,60.0,200.0,7,120.0000,ventanas,20261107
109,simulacion,SIM_5D,MEDIA,98,1296,propio,ventas.202611.txt,ventas.202609.txt,bloqueo.2609.txt,,TABU,18,3018,tiempo,2000,60,0,,urgentes,1146,6266,17280.00,288.0000,si,,,,165915.00,27494,1133,1010,1010,100.00,0,119,0,2006.0,2078.1,141623,888504,0,20,619,16.730,33,0,0,0,45,273471,NO_EVALUABLE,1,16.0,LAPTOP-OMI6BJ6L,45a097c1b95bf1ad3f27d32ddffdc4ee8014640d7d379ca3df7bcd8b6f73c49a,b8d9ed2fd9f5011c1e05f5a5f6588b283367d7395a7bcc57ef6887d4ded60e12,60.0,200.0,8,120.0000,ventanas,20261108
110,simulacion,SIM_5D,MEDIA,98,1296,propio,ventas.202612.txt,ventas.202609.txt,bloqueo.2609.txt,,TABU,20,3020,tiempo,2000,60,0,,urgentes,1145,6300,7200.00,120.0000,si,,,,167446.00,27799,1136,1026,1026,100.00,0,119,0,2003.0,2058.0,157116,1092486,0,16,646,17.459,38,0,0,0,62,268001,NO_EVALUABLE,0,16.0,LAPTOP-OMI6BJ6L,45a097c1b95bf1ad3f27d32ddffdc4ee8014640d7d379ca3df7bcd8b6f73c49a,b8d9ed2fd9f5011c1e05f5a5f6588b283367d7395a7bcc57ef6887d4ded60e12,60.0,200.0,1,120.0000,ventanas,20261201
111,simulacion,SIM_5D,ALTA,115,1296,propio,ventas.202702.txt,ventas.202609.txt,bloqueo.2609.txt,,AG,21,3021,tiempo,2000,60,0,si,urgentes,1355,7479,20029.00,333.8167,no,c7996-L3637 (c7996-L3637),,llegada tardía (planificada),104731.00,17013,771,625,626,99.84,0,69,0,2060.5,2248.0,608,55946,0,156,395,10.676,22,0,0,0,39,165217,NO_EVALUABLE,0,16.0,LAPTOP-OMI6BJ6L,45a097c1b95bf1ad3f27d32ddffdc4ee8014640d7d379ca3df7bcd8b6f73c49a,b8d9ed2fd9f5011c1e05f5a5f6588b283367d7395a7bcc57ef6887d4ded60e12,60.0,200.0,12,69.8167,ventanas,20270212
112,simulacion,SIM_5D,BAJA,78,1296,propio,ventas.202610.txt,ventas.202609.txt,bloqueo.2609.txt,,AG,35,3035,tiempo,2000,60,0,si,urgentes,968,5198,15840.00,264.0000,si,,,,135807.00,22316,959,888,888,100.00,0,119,0,2020.3,2183.8,1426,121096,0,321,521,14.081,31,0,0,0,22,263831,NO_EVALUABLE,0,16.0,LAPTOP-OMI6BJ6L,45a097c1b95bf1ad3f27d32ddffdc4ee8014640d7d379ca3df7bcd8b6f73c49a,b8d9ed2fd9f5011c1e05f5a5f6588b283367d7395a7bcc57ef6887d4ded60e12,60.0,200.0,7,120.0000,ventanas,20261007
113,simulacion,SIM_5D,BAJA,78,1296,propio,ventas.202610.txt,ventas.202609.txt,bloqueo.2609.txt,,AG,4,3004,tiempo,2000,60,0,si,urgentes,1017,5348,7582.00,126.3667,no,c7742-L969 (c7742-L969),,destino bloqueado,85333.00,14259,671,577,578,99.83,0,78,0,2043.3,2292.6,1148,114326,0,122,342,9.243,25,0,0,0,22,178214,NO_EVALUABLE,0,16.0,LAPTOP-OMI6BJ6L,45a097c1b95bf1ad3f27d32ddffdc4ee8014640d7d379ca3df7bcd8b6f73c49a,b8d9ed2fd9f5011c1e05f5a5f6588b283367d7395a7bcc57ef6887d4ded60e12,60.0,200.0,3,78.3667,ventanas,20261003
114,simulacion,SIM_5D,ALTA,115,1296,propio,ventas.202702.txt,ventas.202609.txt,bloqueo.2609.txt,,TABU,6,3006,tiempo,2000,60,0,,urgentes,1447,8012,11343.00,189.0500,no,c9464-L2166 (c9464-L2166),,llegada tardía (planificada),71029.00,11646,578,413,414,99.76,0,46,0,2002.4,2081.2,69229,604961,0,32,270,7.297,15,0,0,0,40,111354,NO_EVALUABLE,0,16.0,LAPTOP-OMI6BJ6L,45a097c1b95bf1ad3f27d32ddffdc4ee8014640d7d379ca3df7bcd8b6f73c49a,b8d9ed2fd9f5011c1e05f5a5f6588b283367d7395a7bcc57ef6887d4ded60e12,60.0,200.0,7,45.0500,ventanas,20270207
115,simulacion,SIM_5D,ALTA,115,1296,propio,ventas.202701.txt,ventas.202609.txt,bloqueo.2609.txt,,TABU,23,3023,tiempo,2000,60,0,,urgentes,1295,7036,6723.00,112.0500,no,c2500-L1191 (c2500-L1191~2),,llegada tardía (planificada),51831.00,8752,448,304,305,99.67,0,40,0,1999.9,2013.4,82421,619376,0,22,215,5.811,12,0,0,0,18,87161,NO_EVALUABLE,0,16.0,LAPTOP-OMI6BJ6L,45a097c1b95bf1ad3f27d32ddffdc4ee8014640d7d379ca3df7bcd8b6f73c49a,b8d9ed2fd9f5011c1e05f5a5f6588b283367d7395a7bcc57ef6887d4ded60e12,60.0,200.0,4,40.0500,ventanas,20270104
116,simulacion,SIM_5D,MEDIA,98,1296,propio,ventas.202612.txt,ventas.202609.txt,bloqueo.2609.txt,,AG,16,3016,tiempo,2000,60,0,si,urgentes,1165,6496,8640.00,144.0000,si,,,,170774.00,28209,1157,1049,1049,100.00,0,119,0,2045.3,2427.1,964,99858,0,220,646,17.459,36,0,0,0,72,273642,NO_EVALUABLE,0,16.0,LAPTOP-OMI6BJ6L,45a097c1b95bf1ad3f27d32ddffdc4ee8014640d7d379ca3df7bcd8b6f73c49a,b8d9ed2fd9f5011c1e05f5a5f6588b283367d7395a7bcc57ef6887d4ded60e12,60.0,200.0,2,120.0000,ventanas,20261202
117,simulacion,SIM_5D,BAJA,78,1296,propio,ventas.202609.txt,ventas.202609.txt,bloqueo.2609.txt,,AG,33,3033,tiempo,2000,60,0,si,urgentes,871,4795,25920.00,432.0000,si,,,,122579.00,20214,870,802,802,100.00,0,119,0,2016.9,2166.4,1366,118502,0,388,468,12.649,30,0,0,0,18,260327,NO_EVALUABLE,0,16.0,LAPTOP-OMI6BJ6L,45a097c1b95bf1ad3f27d32ddffdc4ee8014640d7d379ca3df7bcd8b6f73c49a,b8d9ed2fd9f5011c1e05f5a5f6588b283367d7395a7bcc57ef6887d4ded60e12,60.0,200.0,14,120.0000,ventanas,20260914
118,simulacion,SIM_5D,ALTA,115,1296,propio,ventas.202701.txt,ventas.202609.txt,bloqueo.2609.txt,,TABU,25,3025,tiempo,2000,60,0,,urgentes,1265,7010,24480.00,408.0000,si,,,,188312.00,31285,1253,1126,1126,100.00,0,119,0,2004.4,2067.6,92196,641924,0,22,712,19.243,38,0,0,0,61,290888,NO_EVALUABLE,1,16.0,LAPTOP-OMI6BJ6L,45a097c1b95bf1ad3f27d32ddffdc4ee8014640d7d379ca3df7bcd8b6f73c49a,b8d9ed2fd9f5011c1e05f5a5f6588b283367d7395a7bcc57ef6887d4ded60e12,60.0,200.0,13,120.0000,ventanas,20270113
119,simulacion,SIM_5D,ALTA,115,1296,propio,ventas.202702.txt,ventas.202609.txt,bloqueo.2609.txt,,AG,8,3008,tiempo,2000,60,0,si,urgentes,1431,8270,3737.00,62.2833,no,c6321-L636 (c6321-L636),,destino bloqueado,9886.00,1507,154,68,69,98.55,0,14,0,2013.5,2074.7,382,38531,0,62,46,1.243,5,0,0,0,5,29877,NO_EVALUABLE,0,16.0,LAPTOP-OMI6BJ6L,45a097c1b95bf1ad3f27d32ddffdc4ee8014640d7d379ca3df7bcd8b6f73c49a,b8d9ed2fd9f5011c1e05f5a5f6588b283367d7395a7bcc57ef6887d4ded60e12,60.0,200.0,3,14.2833,ventanas,20270203
120,simulacion,SIM_5D,ALTA,115,1296,propio,ventas.202702.txt,ventas.202609.txt,bloqueo.2609.txt,,TABU,28,3028,tiempo,2000,60,0,,urgentes,1456,8318,7988.00,133.1333,no,c0892-L1457 (c0892-L1457~1),,llegada tardía (planificada),90115.00,14965,713,541,542,99.82,0,61,0,2001.4,2065.0,66782,484850,0,11,374,10.108,20,0,0,0,41,145186,NO_EVALUABLE,0,16.0,LAPTOP-OMI6BJ6L,45a097c1b95bf1ad3f27d32ddffdc4ee8014640d7d379ca3df7bcd8b6f73c49a,b8d9ed2fd9f5011c1e05f5a5f6588b283367d7395a7bcc57ef6887d4ded60e12,60.0,200.0,4,61.1333,ventanas,20270204
121,simulacion,SIM_5D,MEDIA,98,1296,propio,ventas.202612.txt,ventas.202609.txt,bloqueo.2609.txt,,TABU,16,3016,tiempo,2000,60,0,,urgentes,1165,6496,8640.00,144.0000,si,,,,169751.00,28097,1157,1039,1039,100.00,0,119,0,2006.5,2086.6,156899,1075343,0,23,643,17.378,37,0,0,0,64,268674,NO_EVALUABLE,0,16.0,LAPTOP-OMI6BJ6L,45a097c1b95bf1ad3f27d32ddffdc4ee8014640d7d379ca3df7bcd8b6f73c49a,b8d9ed2fd9f5011c1e05f5a5f6588b283367d7395a7bcc57ef6887d4ded60e12,60.0,200.0,2,120.0000,ventanas,20261202
122,simulacion,SIM_5D,ALTA,115,1296,propio,ventas.202701.txt,ventas.202609.txt,bloqueo.2609.txt,,TABU,16,3016,tiempo,2000,60,0,,urgentes,1305,7266,27360.00,456.0000,si,,,,194435.00,32309,1293,1161,1161,100.00,0,119,0,2002.6,2051.3,104850,675599,0,16,740,20.000,37,0,0,0,89,282988,NO_EVALUABLE,0,16.0,LAPTOP-OMI6BJ6L,45a097c1b95bf1ad3f27d32ddffdc4ee8014640d7d379ca3df7bcd8b6f73c49a,b8d9ed2fd9f5011c1e05f5a5f6588b283367d7395a7bcc57ef6887d4ded60e12,60.0,200.0,15,120.0000,ventanas,20270115
123,simulacion,SIM_5D,MEDIA,98,1296,propio,ventas.202611.txt,ventas.202609.txt,bloqueo.2609.txt,,TABU,1,3001,tiempo,2000,60,0,,urgentes,1112,6118,25920.00,432.0000,si,,,,161885.00,26955,1106,1013,1013,100.00,0,119,0,2003.5,2074.4,157311,1011542,0,49,639,17.270,36,0,0,0,35,260746,NO_EVALUABLE,0,16.0,LAPTOP-OMI6BJ6L,45a097c1b95bf1ad3f27d32ddffdc4ee8014640d7d379ca3df7bcd8b6f73c49a,b8d9ed2fd9f5011c1e05f5a5f6588b283367d7395a7bcc57ef6887d4ded60e12,60.0,200.0,14,120.0000,ventanas,20261114
124,simulacion,SIM_5D,BAJA,78,1296,propio,ventas.202610.txt,ventas.202609.txt,bloqueo.2609.txt,,TABU,8,3008,tiempo,2000,60,0,,urgentes,1010,5640,23040.00,384.0000,si,,,,148058.00,24115,1002,912,912,100.00,0,119,0,2003.1,2064.2,151557,1016459,0,49,559,15.108,34,0,0,0,20,267672,NO_EVALUABLE,0,16.0,LAPTOP-OMI6BJ6L,45a097c1b95bf1ad3f27d32ddffdc4ee8014640d7d379ca3df7bcd8b6f73c49a,b8d9ed2fd9f5011c1e05f5a5f6588b283367d7395a7bcc57ef6887d4ded60e12,60.0,200.0,12,120.0000,ventanas,20261012
125,simulacion,SIM_5D,BAJA,78,1296,propio,ventas.202609.txt,ventas.202609.txt,bloqueo.2609.txt,,AG,18,3018,tiempo,2000,60,0,si,urgentes,829,4714,14400.00,240.0000,si,,,,115124.00,18451,824,751,751,100.00,0,119,0,2008.5,2080.5,1830,171341,0,342,430,11.622,25,0,0,0,24,253680,NO_EVALUABLE,0,16.0,LAPTOP-OMI6BJ6L,45a097c1b95bf1ad3f27d32ddffdc4ee8014640d7d379ca3df7bcd8b6f73c49a,b8d9ed2fd9f5011c1e05f5a5f6588b283367d7395a7bcc57ef6887d4ded60e12,60.0,200.0,6,120.0000,ventanas,20260906
126,simulacion,SIM_5D,MEDIA,98,1296,propio,ventas.202611.txt,ventas.202609.txt,bloqueo.2609.txt,,TABU,7,3007,tiempo,2000,60,0,,urgentes,1128,6294,28311.00,471.8500,no,c6031-L4314 (c6031-L4314),,destino bloqueado,77817.00,12816,577,493,494,99.80,0,63,0,2001.7,2070.1,109931,770994,0,18,293,7.919,20,0,0,0,22,137414,NO_EVALUABLE,0,16.0,LAPTOP-OMI6BJ6L,45a097c1b95bf1ad3f27d32ddffdc4ee8014640d7d379ca3df7bcd8b6f73c49a,b8d9ed2fd9f5011c1e05f5a5f6588b283367d7395a7bcc57ef6887d4ded60e12,60.0,200.0,18,63.8500,ventanas,20261118
127,simulacion,SIM_5D,MEDIA,98,1296,propio,ventas.202611.txt,ventas.202609.txt,bloqueo.2609.txt,,TABU,3,3003,tiempo,2000,60,0,,urgentes,1035,5843,28311.00,471.8500,no,c6031-L4314 (c6031-L4314),,destino bloqueado,144420.00,23851,962,872,873,99.89,0,111,0,2001.5,2068.3,188032,1228306,0,37,566,15.297,35,0,0,0,30,240241,NO_EVALUABLE,0,16.0,LAPTOP-OMI6BJ6L,45a097c1b95bf1ad3f27d32ddffdc4ee8014640d7d379ca3df7bcd8b6f73c49a,b8d9ed2fd9f5011c1e05f5a5f6588b283367d7395a7bcc57ef6887d4ded60e12,60.0,200.0,16,111.8500,ventanas,20261116
128,simulacion,SIM_5D,ALTA,115,1296,propio,ventas.202701.txt,ventas.202609.txt,bloqueo.2609.txt,,TABU,3,3003,tiempo,2000,60,0,,urgentes,1370,7465,9373.00,156.2167,no,c2464-L1625 (c2464-L1625~2),,llegada tardía (planificada),94516.00,15695,714,581,582,99.83,0,61,0,2002.3,2037.4,89252,679365,0,12,374,10.108,21,0,0,0,40,147425,NO_EVALUABLE,0,16.0,LAPTOP-OMI6BJ6L,45a097c1b95bf1ad3f27d32ddffdc4ee8014640d7d379ca3df7bcd8b6f73c49a,b8d9ed2fd9f5011c1e05f5a5f6588b283367d7395a7bcc57ef6887d4ded60e12,60.0,200.0,5,60.2167,ventanas,20270105
129,simulacion,SIM_5D,BAJA,78,1296,propio,ventas.202609.txt,ventas.202609.txt,bloqueo.2609.txt,,AG,34,3034,tiempo,2000,60,0,si,urgentes,895,4881,18720.00,312.0000,si,,,,124300.00,20222,892,815,815,100.00,0,119,0,2007.0,2086.5,1745,134441,0,371,477,12.892,22,0,0,0,14,250195,NO_EVALUABLE,0,16.0,LAPTOP-OMI6BJ6L,45a097c1b95bf1ad3f27d32ddffdc4ee8014640d7d379ca3df7bcd8b6f73c49a,b8d9ed2fd9f5011c1e05f5a5f6588b283367d7395a7bcc57ef6887d4ded60e12,60.0,200.0,9,120.0000,ventanas,20260909
130,simulacion,SIM_5D,BAJA,78,1296,propio,ventas.202609.txt,ventas.202609.txt,bloqueo.2609.txt,,TABU,32,3032,tiempo,2000,60,0,,urgentes,833,4640,31680.00,528.0000,si,,,,120377.00,20285,827,766,766,100.00,0,119,0,2003.1,2062.2,212839,1369288,0,37,490,13.243,31,0,0,0,10,256973,NO_EVALUABLE,0,16.0,LAPTOP-OMI6BJ6L,45a097c1b95bf1ad3f27d32ddffdc4ee8014640d7d379ca3df7bcd8b6f73c49a,b8d9ed2fd9f5011c1e05f5a5f6588b283367d7395a7bcc57ef6887d4ded60e12,60.0,200.0,18,120.0000,ventanas,20260918
131,simulacion,SIM_5D,BAJA,78,1296,propio,ventas.202609.txt,ventas.202609.txt,bloqueo.2609.txt,,TABU,5,3005,tiempo,2000,60,0,,urgentes,792,4533,8640.00,144.0000,si,,,,112580.00,18355,783,692,692,100.00,0,119,0,2002.1,2072.0,296940,2051364,0,55,429,11.595,30,0,0,0,4,253584,NO_EVALUABLE,0,16.0,LAPTOP-OMI6BJ6L,45a097c1b95bf1ad3f27d32ddffdc4ee8014640d7d379ca3df7bcd8b6f73c49a,b8d9ed2fd9f5011c1e05f5a5f6588b283367d7395a7bcc57ef6887d4ded60e12,60.0,200.0,2,120.0000,ventanas,20260902
132,simulacion,SIM_5D,MEDIA,98,1296,propio,ventas.202611.txt,ventas.202609.txt,bloqueo.2609.txt,,TABU,8,3008,tiempo,2000,60,0,,urgentes,1059,5841,11520.00,192.0000,si,,,,154426.00,26339,1051,941,941,100.00,0,119,0,2002.9,2067.3,180916,1131514,0,29,616,16.649,41,0,0,0,35,263129,NO_EVALUABLE,0,16.0,LAPTOP-OMI6BJ6L,45a097c1b95bf1ad3f27d32ddffdc4ee8014640d7d379ca3df7bcd8b6f73c49a,b8d9ed2fd9f5011c1e05f5a5f6588b283367d7395a7bcc57ef6887d4ded60e12,60.0,200.0,4,120.0000,ventanas,20261104
133,simulacion,SIM_5D,BAJA,78,1296,propio,ventas.202610.txt,ventas.202609.txt,bloqueo.2609.txt,,AG,30,3030,tiempo,2000,60,0,si,urgentes,990,5447,25522.00,425.3667,no,c2478-L3446 (c2478-L3446),TB12,destino bloqueado,100845.00,16209,735,652,653,99.85,0,89,0,2009.0,2050.6,1147,103691,0,290,374,10.108,26,0,0,0,20,192847,NO_EVALUABLE,0,16.0,LAPTOP-OMI6BJ6L,45a097c1b95bf1ad3f27d32ddffdc4ee8014640d7d379ca3df7bcd8b6f73c49a,b8d9ed2fd9f5011c1e05f5a5f6588b283367d7395a7bcc57ef6887d4ded60e12,60.0,200.0,15,89.3667,ventanas,20261015
134,simulacion,SIM_5D,BAJA,78,1296,propio,ventas.202609.txt,ventas.202609.txt,bloqueo.2609.txt,,TABU,34,3034,tiempo,2000,60,0,,urgentes,895,4881,18720.00,312.0000,si,,,,130750.00,21826,892,809,809,100.00,0,119,0,2001.8,2069.5,232893,1448418,0,26,526,14.216,37,0,0,0,4,250957,NO_EVALUABLE,0,16.0,LAPTOP-OMI6BJ6L,45a097c1b95bf1ad3f27d32ddffdc4ee8014640d7d379ca3df7bcd8b6f73c49a,b8d9ed2fd9f5011c1e05f5a5f6588b283367d7395a7bcc57ef6887d4ded60e12,60.0,200.0,9,120.0000,ventanas,20260909
135,simulacion,SIM_5D,BAJA,78,1296,propio,ventas.202610.txt,ventas.202609.txt,bloqueo.2609.txt,,TABU,14,3014,tiempo,2000,60,0,,urgentes,1010,5424,7582.00,126.3667,no,c7742-L969 (c7742-L969),,destino bloqueado,25817.00,4261,255,180,181,99.45,0,30,0,2000.9,2050.5,89908,630670,0,31,113,3.054,8,0,0,0,1,62608,NO_EVALUABLE,0,16.0,LAPTOP-OMI6BJ6L,45a097c1b95bf1ad3f27d32ddffdc4ee8014640d7d379ca3df7bcd8b6f73c49a,b8d9ed2fd9f5011c1e05f5a5f6588b283367d7395a7bcc57ef6887d4ded60e12,60.0,200.0,5,30.3667,ventanas,20261005
136,simulacion,SIM_5D,BAJA,78,1296,propio,ventas.202609.txt,ventas.202609.txt,bloqueo.2609.txt,,TABU,10,3010,tiempo,2000,60,0,,urgentes,819,4649,10080.00,168.0000,si,,,,121680.00,20232,814,748,748,100.00,0,119,0,2006.1,2082.2,231708,1499929,0,25,477,12.892,33,0,0,0,9,256521,NO_EVALUABLE,0,16.0,LAPTOP-OMI6BJ6L,45a097c1b95bf1ad3f27d32ddffdc4ee8014640d7d379ca3df7bcd8b6f73c49a,b8d9ed2fd9f5011c1e05f5a5f6588b283367d7395a7bcc57ef6887d4ded60e12,60.0,200.0,3,120.0000,ventanas,20260903
137,simulacion,SIM_5D,BAJA,78,1296,propio,ventas.202610.txt,ventas.202609.txt,bloqueo.2609.txt,,TABU,13,3013,tiempo,2000,60,0,,urgentes,1034,5427,7582.00,126.3667,no,c7742-L969 (c7742-L969),,destino bloqueado,55704.00,9635,482,382,383,99.74,0,54,0,2004.5,2049.4,82333,579762,0,46,243,6.568,14,0,0,0,10,119678,NO_EVALUABLE,0,16.0,LAPTOP-OMI6BJ6L,45a097c1b95bf1ad3f27d32ddffdc4ee8014640d7d379ca3df7bcd8b6f73c49a,b8d9ed2fd9f5011c1e05f5a5f6588b283367d7395a7bcc57ef6887d4ded60e12,60.0,200.0,4,54.3667,ventanas,20261004
138,simulacion,SIM_5D,ALTA,115,1296,propio,ventas.202701.txt,ventas.202609.txt,bloqueo.2609.txt,,AG,10,3010,tiempo,2000,60,0,si,urgentes,1277,7088,25920.00,432.0000,si,,,,189186.00,31469,1265,1134,1134,100.00,0,119,0,2129.1,2575.1,548,54573,0,84,706,19.081,33,0,0,0,81,307366,NO_EVALUABLE,1,16.0,LAPTOP-OMI6BJ6L,45a097c1b95bf1ad3f27d32ddffdc4ee8014640d7d379ca3df7bcd8b6f73c49a,b8d9ed2fd9f5011c1e05f5a5f6588b283367d7395a7bcc57ef6887d4ded60e12,60.0,200.0,14,120.0000,ventanas,20270114
139,simulacion,SIM_5D,BAJA,78,1296,propio,ventas.202609.txt,ventas.202609.txt,bloqueo.2609.txt,,AG,32,3032,tiempo,2000,60,0,si,urgentes,833,4640,31680.00,528.0000,si,,,,115869.00,19401,827,776,776,100.00,0,119,0,2012.3,2109.3,1715,136036,0,283,450,12.162,36,0,0,0,13,256444,NO_EVALUABLE,0,16.0,LAPTOP-OMI6BJ6L,45a097c1b95bf1ad3f27d32ddffdc4ee8014640d7d379ca3df7bcd8b6f73c49a,b8d9ed2fd9f5011c1e05f5a5f6588b283367d7395a7bcc57ef6887d4ded60e12,60.0,200.0,18,120.0000,ventanas,20260918
140,simulacion,SIM_5D,ALTA,115,1296,propio,ventas.202702.txt,ventas.202609.txt,bloqueo.2609.txt,,TABU,2,3002,tiempo,2000,60,0,,urgentes,1374,7618,16069.00,267.8167,no,c8010-L3082 (c8010-L3082~2),,llegada tardía (planificada),72636.00,12071,595,435,436,99.77,0,52,0,2002.5,2051.1,87055,733690,0,13,294,7.946,16,0,0,0,39,128055,NO_EVALUABLE,0,16.0,LAPTOP-OMI6BJ6L,45a097c1b95bf1ad3f27d32ddffdc4ee8014640d7d379ca3df7bcd8b6f73c49a,b8d9ed2fd9f5011c1e05f5a5f6588b283367d7395a7bcc57ef6887d4ded60e12,60.0,200.0,10,51.8167,ventanas,20270210
141,simulacion,SIM_5D,MEDIA,98,1296,propio,ventas.202611.txt,ventas.202609.txt,bloqueo.2609.txt,,TABU,15,3015,tiempo,2000,60,0,,urgentes,1212,6531,23040.00,384.0000,si,,,,178440.00,30200,1205,1116,1116,100.00,0,119,0,2003.0,2065.7,117864,793018,0,22,705,19.054,36,0,0,0,57,281086,NO_EVALUABLE,0,16.0,LAPTOP-OMI6BJ6L,45a097c1b95bf1ad3f27d32ddffdc4ee8014640d7d379ca3df7bcd8b6f73c49a,b8d9ed2fd9f5011c1e05f5a5f6588b283367d7395a7bcc57ef6887d4ded60e12,60.0,200.0,12,120.0000,ventanas,20261112
142,simulacion,SIM_5D,MEDIA,98,1296,propio,ventas.202612.txt,ventas.202609.txt,bloqueo.2609.txt,,TABU,22,3022,tiempo,2000,60,0,,urgentes,1102,6080,18720.00,312.0000,si,,,,156394.00,25794,1088,980,980,100.00,0,119,0,2003.0,2062.4,147941,964665,0,28,610,16.486,36,0,0,0,50,271876,NO_EVALUABLE,0,16.0,LAPTOP-OMI6BJ6L,45a097c1b95bf1ad3f27d32ddffdc4ee8014640d7d379ca3df7bcd8b6f73c49a,b8d9ed2fd9f5011c1e05f5a5f6588b283367d7395a7bcc57ef6887d4ded60e12,60.0,200.0,9,120.0000,ventanas,20261209
143,simulacion,SIM_5D,MEDIA,98,1296,propio,ventas.202611.txt,ventas.202609.txt,bloqueo.2609.txt,,TABU,10,3010,tiempo,2000,60,0,,urgentes,1215,6566,17161.00,286.0167,no,c4269-L2555 (c4269-L2555),TA02,destino bloqueado,89065.00,14695,682,556,557,99.82,0,70,0,2004.8,2080.2,95491,648885,0,17,348,9.405,22,0,0,0,19,159335,NO_EVALUABLE,0,16.0,LAPTOP-OMI6BJ6L,45a097c1b95bf1ad3f27d32ddffdc4ee8014640d7d379ca3df7bcd8b6f73c49a,b8d9ed2fd9f5011c1e05f5a5f6588b283367d7395a7bcc57ef6887d4ded60e12,60.0,200.0,10,70.0167,ventanas,20261110
144,simulacion,SIM_5D,BAJA,78,1296,propio,ventas.202609.txt,ventas.202609.txt,bloqueo.2609.txt,,AG,6,3006,tiempo,2000,60,0,si,urgentes,991,5378,38880.00,648.0000,si,,,,142610.00,23965,979,900,900,100.00,0,120,0,2018.6,2111.9,1505,167536,0,308,559,15.108,35,0,0,0,18,265587,NO_EVALUABLE,0,16.0,LAPTOP-OMI6BJ6L,45a097c1b95bf1ad3f27d32ddffdc4ee8014640d7d379ca3df7bcd8b6f73c49a,b8d9ed2fd9f5011c1e05f5a5f6588b283367d7395a7bcc57ef6887d4ded60e12,60.0,200.0,23,120.0000,ventanas,20260923
145,simulacion,SIM_5D,BAJA,78,1296,propio,ventas.202609.txt,ventas.202609.txt,bloqueo.2609.txt,,TABU,36,3036,tiempo,2000,60,0,,urgentes,847,4663,17280.00,288.0000,si,,,,124923.00,20538,842,779,779,100.00,0,119,0,2003.9,2061.2,262612,1725212,0,27,497,13.432,30,0,0,0,9,251918,NO_EVALUABLE,0,16.0,LAPTOP-OMI6BJ6L,45a097c1b95bf1ad3f27d32ddffdc4ee8014640d7d379ca3df7bcd8b6f73c49a,b8d9ed2fd9f5011c1e05f5a5f6588b283367d7395a7bcc57ef6887d4ded60e12,60.0,200.0,8,120.0000,ventanas,20260908
146,simulacion,SIM_5D,BAJA,78,1296,propio,ventas.202609.txt,ventas.202609.txt,bloqueo.2609.txt,,AG,5,3005,tiempo,2000,60,0,si,urgentes,792,4533,8640.00,144.0000,si,,,,104031.00,16744,783,697,697,100.00,0,119,0,2009.5,2107.5,3231,310952,0,358,387,10.459,27,0,0,0,16,252222,NO_EVALUABLE,0,16.0,LAPTOP-OMI6BJ6L,45a097c1b95bf1ad3f27d32ddffdc4ee8014640d7d379ca3df7bcd8b6f73c49a,b8d9ed2fd9f5011c1e05f5a5f6588b283367d7395a7bcc57ef6887d4ded60e12,60.0,200.0,2,120.0000,ventanas,20260902
147,simulacion,SIM_5D,ALTA,115,1296,propio,ventas.202702.txt,ventas.202609.txt,bloqueo.2609.txt,,TABU,22,3022,tiempo,2000,60,0,,urgentes,1329,7650,3737.00,62.2833,no,c6321-L636 (c6321-L636),,destino bloqueado,88795.00,14587,683,545,546,99.82,0,62,0,2006.9,2064.1,77037,536254,0,30,344,9.297,17,0,0,0,47,147760,NO_EVALUABLE,0,16.0,LAPTOP-OMI6BJ6L,45a097c1b95bf1ad3f27d32ddffdc4ee8014640d7d379ca3df7bcd8b6f73c49a,b8d9ed2fd9f5011c1e05f5a5f6588b283367d7395a7bcc57ef6887d4ded60e12,60.0,200.0,1,62.2833,ventanas,20270201
148,simulacion,SIM_5D,BAJA,78,1296,propio,ventas.202609.txt,ventas.202609.txt,bloqueo.2609.txt,,TABU,22,3022,tiempo,2000,60,0,,urgentes,885,4750,23040.00,384.0000,si,,,,122712.00,20244,872,803,803,100.00,0,119,0,2004.3,2082.9,245593,1657721,0,29,485,13.108,34,0,0,0,5,251664,NO_EVALUABLE,0,16.0,LAPTOP-OMI6BJ6L,45a097c1b95bf1ad3f27d32ddffdc4ee8014640d7d379ca3df7bcd8b6f73c49a,b8d9ed2fd9f5011c1e05f5a5f6588b283367d7395a7bcc57ef6887d4ded60e12,60.0,200.0,12,120.0000,ventanas,20260912
149,simulacion,SIM_5D,BAJA,78,1296,propio,ventas.202609.txt,ventas.202609.txt,bloqueo.2609.txt,,TABU,25,3025,tiempo,2000,60,0,,urgentes,931,5199,36000.00,600.0000,si,,,,136648.00,22883,925,833,833,100.00,0,119,0,2002.9,2078.8,182387,1182412,0,35,523,14.135,33,0,0,0,23,262698,NO_EVALUABLE,0,16.0,LAPTOP-OMI6BJ6L,45a097c1b95bf1ad3f27d32ddffdc4ee8014640d7d379ca3df7bcd8b6f73c49a,b8d9ed2fd9f5011c1e05f5a5f6588b283367d7395a7bcc57ef6887d4ded60e12,60.0,200.0,21,120.0000,ventanas,20260921
150,simulacion,SIM_5D,MEDIA,98,1296,propio,ventas.202612.txt,ventas.202609.txt,bloqueo.2609.txt,,TABU,32,3032,tiempo,2000,60,0,,urgentes,1302,7090,25920.00,432.0000,si,,,,188112.00,31474,1282,1164,1164,100.00,0,119,0,2003.9,2079.8,136036,890044,0,54,732,19.784,37,0,0,0,70,281055,NO_EVALUABLE,0,16.0,LAPTOP-OMI6BJ6L,45a097c1b95bf1ad3f27d32ddffdc4ee8014640d7d379ca3df7bcd8b6f73c49a,b8d9ed2fd9f5011c1e05f5a5f6588b283367d7395a7bcc57ef6887d4ded60e12,60.0,200.0,14,120.0000,ventanas,20261214
151,simulacion,SIM_5D,MEDIA,98,1296,propio,ventas.202611.txt,ventas.202609.txt,bloqueo.2609.txt,,TABU,26,3026,tiempo,2000,60,0,,urgentes,1184,6452,17161.00,286.0167,no,c4269-L2555 (c4269-L2555),,destino bloqueado,123539.00,20747,902,772,773,99.87,0,94,0,2003.6,2067.4,116652,794421,0,28,483,13.054,27,0,0,0,14,215962,NO_EVALUABLE,1,16.0,LAPTOP-OMI6BJ6L,45a097c1b95bf1ad3f27d32ddffdc4ee8014640d7d379ca3df7bcd8b6f73c49a,b8d9ed2fd9f5011c1e05f5a5f6588b283367d7395a7bcc57ef6887d4ded60e12,60.0,200.0,9,94.0167,ventanas,20261109
152,simulacion,SIM_5D,BAJA,78,1296,propio,ventas.202610.txt,ventas.202609.txt,bloqueo.2609.txt,,AG,39,3039,tiempo,2000,60,0,si,urgentes,978,5469,25920.00,432.0000,si,,,,142663.00,23023,972,893,893,100.00,0,119,0,2015.1,2085.4,1539,134923,0,290,532,14.378,35,0,0,0,16,262743,NO_EVALUABLE,0,16.0,LAPTOP-OMI6BJ6L,45a097c1b95bf1ad3f27d32ddffdc4ee8014640d7d379ca3df7bcd8b6f73c49a,b8d9ed2fd9f5011c1e05f5a5f6588b283367d7395a7bcc57ef6887d4ded60e12,60.0,200.0,14,120.0000,ventanas,20261014
153,simulacion,SIM_5D,ALTA,115,1296,propio,ventas.202701.txt,ventas.202609.txt,bloqueo.2609.txt,,TABU,27,3027,tiempo,2000,60,0,,urgentes,1335,7255,16069.00,267.8167,no,c8648-L2905 (c8648-L2905~1),TA05,llegada tardía (a bordo),114244.00,19222,857,735,736,99.86,0,75,0,2002.3,2066.5,68073,514280,0,21,459,12.405,23,0,0,0,40,196966,NO_EVALUABLE,0,16.0,LAPTOP-OMI6BJ6L,45a097c1b95bf1ad3f27d32ddffdc4ee8014640d7d379ca3df7bcd8b6f73c49a,b8d9ed2fd9f5011c1e05f5a5f6588b283367d7395a7bcc57ef6887d4ded60e12,60.0,200.0,9,75.8167,ventanas,20270109
154,simulacion,SIM_5D,BAJA,78,1296,propio,ventas.202609.txt,ventas.202609.txt,bloqueo.2609.txt,,TABU,1,3001,tiempo,2000,60,0,,urgentes,912,4890,24480.00,408.0000,si,,,,127801.00,21593,910,821,821,100.00,0,119,0,2003.3,2068.6,174999,1129301,0,23,509,13.757,35,0,0,0,20,263143,NO_EVALUABLE,0,16.0,LAPTOP-OMI6BJ6L,45a097c1b95bf1ad3f27d32ddffdc4ee8014640d7d379ca3df7bcd8b6f73c49a,b8d9ed2fd9f5011c1e05f5a5f6588b283367d7395a7bcc57ef6887d4ded60e12,60.0,200.0,13,120.0000,ventanas,20260913
155,simulacion,SIM_5D,BAJA,78,1296,propio,ventas.202609.txt,ventas.202609.txt,bloqueo.2609.txt,,AG,15,3015,tiempo,2000,60,0,si,urgentes,810,4530,12960.00,216.0000,si,,,,113465.00,18236,800,741,741,100.00,0,119,0,2010.4,2092.4,2188,196079,0,380,419,11.324,27,0,0,0,21,253932,NO_EVALUABLE,0,16.0,LAPTOP-OMI6BJ6L,45a097c1b95bf1ad3f27d32ddffdc4ee8014640d7d379ca3df7bcd8b6f73c49a,b8d9ed2fd9f5011c1e05f5a5f6588b283367d7395a7bcc57ef6887d4ded60e12,60.0,200.0,5,120.0000,ventanas,20260905
156,simulacion,SIM_5D,BAJA,78,1296,propio,ventas.202609.txt,ventas.202609.txt,bloqueo.2609.txt,,AG,25,3025,tiempo,2000,60,0,si,urgentes,931,5199,36000.00,600.0000,si,,,,132017.00,22103,925,836,836,100.00,0,119,0,2019.9,2099.2,1481,123711,0,242,507,13.703,31,0,0,0,12,264461,NO_EVALUABLE,0,16.0,LAPTOP-OMI6BJ6L,45a097c1b95bf1ad3f27d32ddffdc4ee8014640d7d379ca3df7bcd8b6f73c49a,b8d9ed2fd9f5011c1e05f5a5f6588b283367d7395a7bcc57ef6887d4ded60e12,60.0,200.0,21,120.0000,ventanas,20260921
157,simulacion,SIM_5D,MEDIA,98,1296,propio,ventas.202611.txt,ventas.202609.txt,bloqueo.2609.txt,,AG,1,3001,tiempo,2000,60,0,si,urgentes,1112,6118,25204.00,420.0667,no,c1876-L3844 (c1876-L3844~1),TA05,llegada tardía (a bordo),142785.00,23703,1007,903,904,99.89,0,108,0,2018.6,2161.6,703,62928,0,299,537,14.514,32,0,0,0,58,239074,NO_EVALUABLE,0,16.0,LAPTOP-OMI6BJ6L,45a097c1b95bf1ad3f27d32ddffdc4ee8014640d7d379ca3df7bcd8b6f73c49a,b8d9ed2fd9f5011c1e05f5a5f6588b283367d7395a7bcc57ef6887d4ded60e12,60.0,200.0,14,108.0667,ventanas,20261114
158,simulacion,SIM_5D,ALTA,115,1296,propio,ventas.202701.txt,ventas.202609.txt,bloqueo.2609.txt,,TABU,5,3005,tiempo,2000,60,0,,urgentes,1252,6929,18581.00,309.6833,no,c6074-L3345 (c6074-L3345~2),,llegada tardía (planificada),58751.00,9587,481,356,357,99.72,0,45,0,2004.3,2072.5,56555,419914,0,29,232,6.270,15,0,0,0,21,105691,NO_EVALUABLE,0,16.0,LAPTOP-OMI6BJ6L,45a097c1b95bf1ad3f27d32ddffdc4ee8014640d7d379ca3df7bcd8b6f73c49a,b8d9ed2fd9f5011c1e05f5a5f6588b283367d7395a7bcc57ef6887d4ded60e12,60.0,200.0,12,45.6833,ventanas,20270112
159,simulacion,SIM_5D,ALTA,115,1296,propio,ventas.202702.txt,ventas.202609.txt,bloqueo.2609.txt,,AG,22,3022,tiempo,2000,60,0,si,urgentes,1329,7650,3737.00,62.2833,no,c6321-L636 (c6321-L636),,destino bloqueado,88797.00,14589,683,537,538,99.81,0,62,0,2085.4,2322.7,567,55021,0,102,338,9.135,16,0,0,0,52,152641,NO_EVALUABLE,0,16.0,LAPTOP-OMI6BJ6L,45a097c1b95bf1ad3f27d32ddffdc4ee8014640d7d379ca3df7bcd8b6f73c49a,b8d9ed2fd9f5011c1e05f5a5f6588b283367d7395a7bcc57ef6887d4ded60e12,60.0,200.0,1,62.2833,ventanas,20270201
160,simulacion,SIM_5D,MEDIA,98,1296,propio,ventas.202612.txt,ventas.202609.txt,bloqueo.2609.txt,,AG,25,3025,tiempo,2000,60,0,si,urgentes,1304,6959,25224.00,420.4000,no,c9857-L4051 (c9857-L4051~1),,llegada tardía (planificada),86044.00,14535,692,549,550,99.82,0,60,0,2081.0,2293.6,413,46717,0,68,343,9.270,18,0,0,0,44,148171,NO_EVALUABLE,0,16.0,LAPTOP-OMI6BJ6L,45a097c1b95bf1ad3f27d32ddffdc4ee8014640d7d379ca3df7bcd8b6f73c49a,b8d9ed2fd9f5011c1e05f5a5f6588b283367d7395a7bcc57ef6887d4ded60e12,60.0,200.0,16,60.4000,ventanas,20261216
161,simulacion,SIM_5D,BAJA,78,1296,propio,ventas.202609.txt,ventas.202609.txt,bloqueo.2609.txt,,TABU,6,3006,tiempo,2000,60,0,,urgentes,991,5378,35833.00,597.2167,no,c3074-L4281 (c3074-L4281),,llegada tardía (planificada),75480.00,12938,578,473,474,99.79,0,70,0,2002.8,2072.9,109186,901040,0,7,303,8.189,23,0,0,0,16,156449,NO_EVALUABLE,0,16.0,LAPTOP-OMI6BJ6L,45a097c1b95bf1ad3f27d32ddffdc4ee8014640d7d379ca3df7bcd8b6f73c49a,b8d9ed2fd9f5011c1e05f5a5f6588b283367d7395a7bcc57ef6887d4ded60e12,60.0,200.0,23,69.2167,ventanas,20260923
162,simulacion,SIM_5D,BAJA,78,1296,propio,ventas.202610.txt,ventas.202609.txt,bloqueo.2609.txt,,TABU,39,3039,tiempo,2000,60,0,,urgentes,978,5469,25522.00,425.3667,no,c2478-L3446 (c2478-L3446),,destino bloqueado,136328.00,22331,918,833,834,99.88,0,113,0,2004.7,2078.2,154950,1023729,0,27,532,14.378,32,0,0,0,23,252495,NO_EVALUABLE,0,16.0,LAPTOP-OMI6BJ6L,45a097c1b95bf1ad3f27d32ddffdc4ee8014640d7d379ca3df7bcd8b6f73c49a,b8d9ed2fd9f5011c1e05f5a5f6588b283367d7395a7bcc57ef6887d4ded60e12,60.0,200.0,14,113.3667,ventanas,20261014
163,simulacion,SIM_5D,BAJA,78,1296,propio,ventas.202610.txt,ventas.202609.txt,bloqueo.2609.txt,,AG,14,3014,tiempo,2000,60,0,si,urgentes,1010,5424,7582.00,126.3667,no,c7742-L969 (c7742-L969),TA02,destino bloqueado,23114.00,3730,255,168,169,99.41,0,30,0,2006.9,2064.4,637,65834,0,97,96,2.595,8,0,0,0,0,63048,NO_EVALUABLE,0,16.0,LAPTOP-OMI6BJ6L,45a097c1b95bf1ad3f27d32ddffdc4ee8014640d7d379ca3df7bcd8b6f73c49a,b8d9ed2fd9f5011c1e05f5a5f6588b283367d7395a7bcc57ef6887d4ded60e12,60.0,200.0,5,30.3667,ventanas,20261005
164,simulacion,SIM_5D,MEDIA,98,1296,propio,ventas.202612.txt,ventas.202609.txt,bloqueo.2609.txt,,AG,2,3002,tiempo,2000,60,0,si,urgentes,1238,6657,30240.00,504.0000,si,,,,180296.00,30431,1232,1140,1140,100.00,0,120,0,2060.1,2299.5,1222,124074,0,229,685,18.514,33,0,0,0,47,290355,NO_EVALUABLE,0,16.0,LAPTOP-OMI6BJ6L,45a097c1b95bf1ad3f27d32ddffdc4ee8014640d7d379ca3df7bcd8b6f73c49a,b8d9ed2fd9f5011c1e05f5a5f6588b283367d7395a7bcc57ef6887d4ded60e12,60.0,200.0,17,120.0000,ventanas,20261217
165,simulacion,SIM_5D,BAJA,78,1296,propio,ventas.202610.txt,ventas.202609.txt,bloqueo.2609.txt,,AG,3,3003,tiempo,2000,60,0,si,urgentes,929,5204,25522.00,425.3667,no,c2478-L3446 (c2478-L3446),,destino bloqueado,35905.00,5706,334,252,253,99.60,0,42,0,2008.9,2070.6,1683,181548,0,101,145,3.919,11,0,0,0,3,88590,NO_EVALUABLE,0,16.0,LAPTOP-OMI6BJ6L,45a097c1b95bf1ad3f27d32ddffdc4ee8014640d7d379ca3df7bcd8b6f73c49a,b8d9ed2fd9f5011c1e05f5a5f6588b283367d7395a7bcc57ef6887d4ded60e12,60.0,200.0,17,41.3667,ventanas,20261017
166,simulacion,SIM_5D,MEDIA,98,1296,propio,ventas.202612.txt,ventas.202609.txt,bloqueo.2609.txt,,TABU,31,3031,tiempo,2000,60,0,,urgentes,1165,6536,11520.00,192.0000,si,,,,183615.00,30021,1157,1059,1059,100.00,0,119,0,2002.8,2082.8,155425,973499,0,30,676,18.270,38,0,0,0,81,267457,NO_EVALUABLE,0,16.0,LAPTOP-OMI6BJ6L,45a097c1b95bf1ad3f27d32ddffdc4ee8014640d7d379ca3df7bcd8b6f73c49a,b8d9ed2fd9f5011c1e05f5a5f6588b283367d7395a7bcc57ef6887d4ded60e12,60.0,200.0,4,120.0000,ventanas,20261204
167,simulacion,SIM_5D,BAJA,78,1296,propio,ventas.202610.txt,ventas.202609.txt,bloqueo.2609.txt,,AG,12,3012,tiempo,2000,60,0,si,urgentes,886,4932,30030.00,500.5000,no,c6352-L4005 (c6352-L4005~2),,llegada tardía (planificada),67824.00,11061,501,430,431,99.77,0,68,0,2007.9,2083.3,1044,124353,0,160,263,7.108,18,0,0,0,16,145343,NO_EVALUABLE,0,16.0,LAPTOP-OMI6BJ6L,45a097c1b95bf1ad3f27d32ddffdc4ee8014640d7d379ca3df7bcd8b6f73c49a,b8d9ed2fd9f5011c1e05f5a5f6588b283367d7395a7bcc57ef6887d4ded60e12,60.0,200.0,19,68.5000,ventanas,20261019
168,simulacion,SIM_5D,ALTA,115,1296,propio,ventas.202702.txt,ventas.202609.txt,bloqueo.2609.txt,,TABU,4,3004,tiempo,2000,60,0,,urgentes,1445,8235,9438.00,157.3000,no,c5661-L1763 (c5661-L1763~2),,llegada tardía (planificada),96506.00,16013,744,563,564,99.82,0,62,0,2000.6,2016.2,105396,726699,0,39,380,10.270,17,0,0,0,70,155889,NO_EVALUABLE,0,16.0,LAPTOP-OMI6BJ6L,45a097c1b95bf1ad3f27d32ddffdc4ee8014640d7d379ca3df7bcd8b6f73c49a,b8d9ed2fd9f5011c1e05f5a5f6588b283367d7395a7bcc57ef6887d4ded60e12,60.0,200.0,5,61.3000,ventanas,20270205
169,simulacion,SIM_5D,ALTA,115,1296,propio,ventas.202702.txt,ventas.202609.txt,bloqueo.2609.txt,,TABU,18,3018,tiempo,2000,60,0,,urgentes,1371,7562,13205.00,220.0833,no,c0717-L2149 (c0717-L2149),,llegada tardía (planificada),80296.00,13575,602,472,473,99.79,0,53,0,2001.7,2043.0,84914,647980,0,5,319,8.622,16,0,0,0,27,123971,NO_EVALUABLE,0,16.0,LAPTOP-OMI6BJ6L,45a097c1b95bf1ad3f27d32ddffdc4ee8014640d7d379ca3df7bcd8b6f73c49a,b8d9ed2fd9f5011c1e05f5a5f6588b283367d7395a7bcc57ef6887d4ded60e12,60.0,200.0,8,52.0833,ventanas,20270208
170,simulacion,SIM_5D,BAJA,78,1296,propio,ventas.202610.txt,ventas.202609.txt,bloqueo.2609.txt,,AG,38,3038,tiempo,2000,60,0,si,urgentes,1003,5555,21600.00,360.0000,si,,,,144494.00,23278,997,911,911,100.00,0,119,0,2024.1,2182.7,1575,132217,0,331,530,14.324,38,0,0,0,21,268654,NO_EVALUABLE,0,16.0,LAPTOP-OMI6BJ6L,45a097c1b95bf1ad3f27d32ddffdc4ee8014640d7d379ca3df7bcd8b6f73c49a,b8d9ed2fd9f5011c1e05f5a5f6588b283367d7395a7bcc57ef6887d4ded60e12,60.0,200.0,11,120.0000,ventanas,20261011
171,simulacion,SIM_5D,MEDIA,98,1296,propio,ventas.202611.txt,ventas.202609.txt,bloqueo.2609.txt,,TABU,14,3014,tiempo,2000,60,0,,urgentes,1101,6115,28311.00,471.8500,no,c6031-L4314 (c6031-L4314),,destino bloqueado,107424.00,18032,767,677,678,99.85,0,87,0,2003.1,2078.1,152435,982566,0,22,428,11.568,25,0,0,0,21,188630,NO_EVALUABLE,0,16.0,LAPTOP-OMI6BJ6L,45a097c1b95bf1ad3f27d32ddffdc4ee8014640d7d379ca3df7bcd8b6f73c49a,b8d9ed2fd9f5011c1e05f5a5f6588b283367d7395a7bcc57ef6887d4ded60e12,60.0,200.0,17,87.8500,ventanas,20261117
172,simulacion,SIM_5D,BAJA,78,1296,propio,ventas.202609.txt,ventas.202609.txt,bloqueo.2609.txt,,AG,36,3036,tiempo,2000,60,0,si,urgentes,847,4663,17280.00,288.0000,si,,,,116622.00,18842,842,771,771,100.00,0,119,0,2007.3,2058.5,2272,175820,0,425,448,12.108,24,0,0,0,19,250669,NO_EVALUABLE,0,16.0,LAPTOP-OMI6BJ6L,45a097c1b95bf1ad3f27d32ddffdc4ee8014640d7d379ca3df7bcd8b6f73c49a,b8d9ed2fd9f5011c1e05f5a5f6588b283367d7395a7bcc57ef6887d4ded60e12,60.0,200.0,8,120.0000,ventanas,20260908
173,simulacion,SIM_5D,BAJA,78,1296,propio,ventas.202609.txt,ventas.202609.txt,bloqueo.2609.txt,,TABU,18,3018,tiempo,2000,60,0,,urgentes,829,4714,14400.00,240.0000,si,,,,122063.00,20039,824,750,750,100.00,0,119,0,2003.3,2072.2,208146,1385730,0,42,476,12.865,34,0,0,0,7,255195,NO_EVALUABLE,0,16.0,LAPTOP-OMI6BJ6L,45a097c1b95bf1ad3f27d32ddffdc4ee8014640d7d379ca3df7bcd8b6f73c49a,b8d9ed2fd9f5011c1e05f5a5f6588b283367d7395a7bcc57ef6887d4ded60e12,60.0,200.0,6,120.0000,ventanas,20260906
174,simulacion,SIM_5D,MEDIA,98,1296,propio,ventas.202611.txt,ventas.202609.txt,bloqueo.2609.txt,,AG,18,3018,tiempo,2000,60,0,si,urgentes,1146,6266,17161.00,286.0167,no,c4269-L2555 (c4269-L2555),,destino bloqueado,158450.00,26290,1119,988,989,99.90,0,118,0,2035.3,2295.6,961,76286,0,163,591,15.973,28,0,0,0,51,271164,NO_EVALUABLE,1,16.0,LAPTOP-OMI6BJ6L,45a097c1b95bf1ad3f27d32ddffdc4ee8014640d7d379ca3df7bcd8b6f73c49a,b8d9ed2fd9f5011c1e05f5a5f6588b283367d7395a7bcc57ef6887d4ded60e12,60.0,200.0,8,118.0167,ventanas,20261108
175,simulacion,SIM_5D,MEDIA,98,1296,propio,ventas.202612.txt,ventas.202609.txt,bloqueo.2609.txt,,TABU,24,3024,tiempo,2000,60,0,,urgentes,1222,6719,23040.00,384.0000,si,,,,176208.00,28835,1214,1073,1073,100.00,0,119,0,2005.8,2085.0,135675,885137,0,28,655,17.703,36,0,0,0,66,279151,NO_EVALUABLE,0,16.0,LAPTOP-OMI6BJ6L,45a097c1b95bf1ad3f27d32ddffdc4ee8014640d7d379ca3df7bcd8b6f73c49a,b8d9ed2fd9f5011c1e05f5a5f6588b283367d7395a7bcc57ef6887d4ded60e12,60.0,200.0,12,120.0000,ventanas,20261212
176,simulacion,SIM_5D,ALTA,115,1296,propio,ventas.202702.txt,ventas.202609.txt,bloqueo.2609.txt,,TABU,15,3015,tiempo,2000,60,0,,urgentes,1341,7440,15483.00,258.0500,no,c6210-L2941 (c6210-L2941~1),,llegada tardía (planificada),99115.00,16559,756,593,594,99.83,0,66,0,2002.3,2047.4,73281,523847,0,16,388,10.486,21,0,0,0,39,163617,NO_EVALUABLE,0,16.0,LAPTOP-OMI6BJ6L,45a097c1b95bf1ad3f27d32ddffdc4ee8014640d7d379ca3df7bcd8b6f73c49a,b8d9ed2fd9f5011c1e05f5a5f6588b283367d7395a7bcc57ef6887d4ded60e12,60.0,200.0,9,66.0500,ventanas,20270209
177,simulacion,SIM_5D,ALTA,115,1296,propio,ventas.202701.txt,ventas.202609.txt,bloqueo.2609.txt,,TABU,13,3013,tiempo,2000,60,0,,urgentes,1283,6903,14699.00,244.9833,no,c3275-L2661 (c3275-L2661~2),,llegada tardía (planificada),146742.00,24789,1068,932,933,99.89,0,100,0,2004.2,2097.4,89557,632483,0,4,577,15.595,29,0,0,0,48,254696,NO_EVALUABLE,0,16.0,LAPTOP-OMI6BJ6L,45a097c1b95bf1ad3f27d32ddffdc4ee8014640d7d379ca3df7bcd8b6f73c49a,b8d9ed2fd9f5011c1e05f5a5f6588b283367d7395a7bcc57ef6887d4ded60e12,60.0,200.0,7,100.9833,ventanas,20270107
178,simulacion,SIM_5D,ALTA,115,1296,propio,ventas.202702.txt,ventas.202609.txt,bloqueo.2609.txt,,AG,19,3019,tiempo,2000,60,0,si,urgentes,1437,8069,9390.00,156.5000,no,c0473-L1752 (c0473-L1752),,llegada tardía (planificada),51928.00,8468,478,304,305,99.67,0,36,0,2153.0,2587.4,180,20951,0,16,203,5.486,12,0,0,0,41,97116,NO_EVALUABLE,0,16.0,LAPTOP-OMI6BJ6L,45a097c1b95bf1ad3f27d32ddffdc4ee8014640d7d379ca3df7bcd8b6f73c49a,b8d9ed2fd9f5011c1e05f5a5f6588b283367d7395a7bcc57ef6887d4ded60e12,60.0,200.0,6,36.5000,ventanas,20270206
179,simulacion,SIM_5D,BAJA,78,1296,propio,ventas.202610.txt,ventas.202609.txt,bloqueo.2609.txt,,TABU,3,3003,tiempo,2000,60,0,,urgentes,929,5204,30240.00,504.0000,si,,,,137601.00,22512,923,857,857,100.00,0,120,0,2002.7,2065.2,210491,1443121,0,28,537,14.514,35,0,0,0,18,259032,NO_EVALUABLE,0,16.0,LAPTOP-OMI6BJ6L,45a097c1b95bf1ad3f27d32ddffdc4ee8014640d7d379ca3df7bcd8b6f73c49a,b8d9ed2fd9f5011c1e05f5a5f6588b283367d7395a7bcc57ef6887d4ded60e12,60.0,200.0,17,120.0000,ventanas,20261017
180,simulacion,SIM_5D,BAJA,78,1296,propio,ventas.202610.txt,ventas.202609.txt,bloqueo.2609.txt,,TABU,31,3031,tiempo,2000,60,0,,urgentes,984,5281,7582.00,126.3667,no,c7742-L969 (c7742-L969),,destino bloqueado,3348.00,518,52,18,19,94.74,0,6,0,2005.1,2042.4,35382,361549,0,12,19,0.514,2,0,0,0,0,12169,NO_EVALUABLE,0,16.0,LAPTOP-OMI6BJ6L,45a097c1b95bf1ad3f27d32ddffdc4ee8014640d7d379ca3df7bcd8b6f73c49a,b8d9ed2fd9f5011c1e05f5a5f6588b283367d7395a7bcc57ef6887d4ded60e12,60.0,200.0,6,6.3667,ventanas,20261006
181,simulacion,SIM_5D,MEDIA,98,1296,propio,ventas.202611.txt,ventas.202609.txt,bloqueo.2609.txt,,AG,29,3029,tiempo,2000,60,0,si,urgentes,1148,6283,24480.00,408.0000,si,,,,170434.00,28615,1140,1062,1062,100.00,0,120,0,2048.0,2317.6,1414,96955,0,106,675,18.243,39,0,0,0,59,280343,NO_EVALUABLE,0,16.0,LAPTOP-OMI6BJ6L,45a097c1b95bf1ad3f27d32ddffdc4ee8014640d7d379ca3df7bcd8b6f73c49a,b8d9ed2fd9f5011c1e05f5a5f6588b283367d7395a7bcc57ef6887d4ded60e12,60.0,200.0,13,120.0000,ventanas,20261113
182,simulacion,SIM_5D,BAJA,78,1296,propio,ventas.202610.txt,ventas.202609.txt,bloqueo.2609.txt,,AG,31,3031,tiempo,2000,60,0,si,urgentes,984,5281,7582.00,126.3667,no,c7742-L969 (c7742-L969),TA03,destino bloqueado,3068.00,458,52,14,15,93.33,0,6,0,2005.5,2040.0,488,60486,0,13,18,0.486,2,0,0,0,0,12170,NO_EVALUABLE,0,16.0,LAPTOP-OMI6BJ6L,45a097c1b95bf1ad3f27d32ddffdc4ee8014640d7d379ca3df7bcd8b6f73c49a,b8d9ed2fd9f5011c1e05f5a5f6588b283367d7395a7bcc57ef6887d4ded60e12,60.0,200.0,6,6.3667,ventanas,20261006
183,simulacion,SIM_5D,ALTA,115,1296,propio,ventas.202701.txt,ventas.202609.txt,bloqueo.2609.txt,,AG,12,3012,tiempo,2000,60,0,si,urgentes,1344,7328,3082.00,51.3667,no,c3821-L539 (c3821-L539),,destino bloqueado,27440.00,4548,303,185,186,99.46,0,28,0,2006.0,2020.6,1260,150862,0,78,121,3.270,7,0,0,0,5,59831,NO_EVALUABLE,0,16.0,LAPTOP-OMI6BJ6L,45a097c1b95bf1ad3f27d32ddffdc4ee8014640d7d379ca3df7bcd8b6f73c49a,b8d9ed2fd9f5011c1e05f5a5f6588b283367d7395a7bcc57ef6887d4ded60e12,60.0,200.0,2,27.3667,ventanas,20270102
184,simulacion,SIM_5D,ALTA,115,1296,propio,ventas.202701.txt,ventas.202609.txt,bloqueo.2609.txt,,AG,17,3017,tiempo,2000,60,0,si,urgentes,1306,7098,6086.00,101.4333,no,c2849-L1040 (c2849-L1040),,llegada tardía (planificada),68403.00,11072,539,426,427,99.77,0,53,0,2019.1,2095.6,542,49876,0,103,261,7.054,13,0,0,0,15,116738,NO_EVALUABLE,0,16.0,LAPTOP-OMI6BJ6L,45a097c1b95bf1ad3f27d32ddffdc4ee8014640d7d379ca3df7bcd8b6f73c49a,b8d9ed2fd9f5011c1e05f5a5f6588b283367d7395a7bcc57ef6887d4ded60e12,60.0,200.0,3,53.4333,ventanas,20270103
185,simulacion,SIM_5D,MEDIA,98,1296,propio,ventas.202612.txt,ventas.202609.txt,bloqueo.2609.txt,,TABU,13,3013,tiempo,2000,60,0,,urgentes,1156,6409,19085.00,318.0833,no,c8170-L2968 (c8170-L2968),,llegada tardía (planificada),97964.00,15849,715,598,599,99.83,0,78,0,2004.9,2077.7,112777,783110,0,37,373,10.081,24,0,0,0,31,175087,NO_EVALUABLE,0,16.0,LAPTOP-OMI6BJ6L,45a097c1b95bf1ad3f27d32ddffdc4ee8014640d7d379ca3df7bcd8b6f73c49a,b8d9ed2fd9f5011c1e05f5a5f6588b283367d7395a7bcc57ef6887d4ded60e12,60.0,200.0,11,78.0833,ventanas,20261211
186,simulacion,SIM_5D,MEDIA,98,1296,propio,ventas.202612.txt,ventas.202609.txt,bloqueo.2609.txt,,TABU,35,3035,tiempo,2000,60,0,,urgentes,1298,6978,27360.00,456.0000,si,,,,189996.00,31847,1289,1179,1179,100.00,0,119,0,2004.5,2083.9,115335,781650,0,28,733,19.811,41,0,0,0,65,285766,NO_EVALUABLE,0,16.0,LAPTOP-OMI6BJ6L,45a097c1b95bf1ad3f27d32ddffdc4ee8014640d7d379ca3df7bcd8b6f73c49a,b8d9ed2fd9f5011c1e05f5a5f6588b283367d7395a7bcc57ef6887d4ded60e12,60.0,200.0,15,120.0000,ventanas,20261215
187,simulacion,SIM_5D,MEDIA,98,1296,propio,ventas.202612.txt,ventas.202609.txt,bloqueo.2609.txt,,AG,24,3024,tiempo,2000,60,0,si,urgentes,1222,6719,22412.00,373.5333,no,c0907-L3549 (c0907-L3549),,llegada tardía (planificada),154823.00,25882,1087,945,946,99.89,0,109,0,2062.7,2381.0,922,77622,0,56,601,16.243,31,0,0,0,65,259807,NO_EVALUABLE,0,16.0,LAPTOP-OMI6BJ6L,45a097c1b95bf1ad3f27d32ddffdc4ee8014640d7d379ca3df7bcd8b6f73c49a,b8d9ed2fd9f5011c1e05f5a5f6588b283367d7395a7bcc57ef6887d4ded60e12,60.0,200.0,12,109.5333,ventanas,20261212
188,simulacion,SIM_5D,MEDIA,98,1296,propio,ventas.202611.txt,ventas.202609.txt,bloqueo.2609.txt,,TABU,11,3011,tiempo,2000,60,0,,urgentes,1129,6248,14400.00,240.0000,si,,,,165399.00,27941,1114,1030,1030,100.00,0,119,0,2002.5,2063.4,136104,926931,0,19,641,17.324,38,0,0,0,44,266919,NO_EVALUABLE,1,16.0,LAPTOP-OMI6BJ6L,45a097c1b95bf1ad3f27d32ddffdc4ee8014640d7d379ca3df7bcd8b6f73c49a,b8d9ed2fd9f5011c1e05f5a5f6588b283367d7395a7bcc57ef6887d4ded60e12,60.0,200.0,6,120.0000,ventanas,20261106
189,simulacion,SIM_5D,MEDIA,98,1296,propio,ventas.202611.txt,ventas.202609.txt,bloqueo.2609.txt,,AG,9,3009,tiempo,2000,60,0,si,urgentes,1057,5766,8402.00,140.0333,no,c4052-L1187 (c4052-L1187),,llegada tardía (planificada),144710.00,23731,1021,907,908,99.89,0,116,0,2026.3,2269.2,1074,95918,0,221,543,14.676,30,0,0,0,44,255441,NO_EVALUABLE,0,16.0,LAPTOP-OMI6BJ6L,45a097c1b95bf1ad3f27d32ddffdc4ee8014640d7d379ca3df7bcd8b6f73c49a,b8d9ed2fd9f5011c1e05f5a5f6588b283367d7395a7bcc57ef6887d4ded60e12,60.0,200.0,2,116.0333,ventanas,20261102
190,simulacion,SIM_5D,MEDIA,98,1296,propio,ventas.202612.txt,ventas.202609.txt,bloqueo.2609.txt,,AG,28,3028,tiempo,2000,60,0,si,urgentes,1124,6242,15840.00,264.0000,si,,,,163163.00,26940,1111,1020,1020,100.00,0,119,0,2023.0,2140.1,855,89353,0,171,625,16.892,41,0,0,0,46,269965,NO_EVALUABLE,0,16.0,LAPTOP-OMI6BJ6L,45a097c1b95bf1ad3f27d32ddffdc4ee8014640d7d379ca3df7bcd8b6f73c49a,b8d9ed2fd9f5011c1e05f5a5f6588b283367d7395a7bcc57ef6887d4ded60e12,60.0,200.0,7,120.0000,ventanas,20261207
191,simulacion,SIM_5D,MEDIA,98,1296,propio,ventas.202611.txt,ventas.202609.txt,bloqueo.2609.txt,,AG,10,3010,tiempo,2000,60,0,si,urgentes,1215,6566,17818.00,296.9667,no,c6918-L2675 (c6918-L2675~1),TA06,llegada tardía (a bordo),108253.00,17711,793,677,678,99.85,0,80,0,2076.2,2449.3,635,53695,0,48,428,11.568,27,0,0,0,24,193395,NO_EVALUABLE,0,16.0,LAPTOP-OMI6BJ6L,45a097c1b95bf1ad3f27d32ddffdc4ee8014640d7d379ca3df7bcd8b6f73c49a,b8d9ed2fd9f5011c1e05f5a5f6588b283367d7395a7bcc57ef6887d4ded60e12,60.0,200.0,10,80.9667,ventanas,20261110
192,simulacion,SIM_5D,BAJA,78,1296,propio,ventas.202610.txt,ventas.202609.txt,bloqueo.2609.txt,,TABU,38,3038,tiempo,2000,60,0,,urgentes,1003,5555,21600.00,360.0000,si,,,,150076.00,24732,997,902,902,100.00,0,119,0,2004.4,2081.2,161599,1118617,0,22,590,15.946,41,0,0,0,17,271992,NO_EVALUABLE,0,16.0,LAPTOP-OMI6BJ6L,45a097c1b95bf1ad3f27d32ddffdc4ee8014640d7d379ca3df7bcd8b6f73c49a,b8d9ed2fd9f5011c1e05f5a5f6588b283367d7395a7bcc57ef6887d4ded60e12,60.0,200.0,11,120.0000,ventanas,20261011
193,simulacion,SIM_5D,BAJA,78,1296,propio,ventas.202609.txt,ventas.202609.txt,bloqueo.2609.txt,,TABU,28,3028,tiempo,2000,60,0,,urgentes,795,4478,7200.00,120.0000,si,,,,112587.00,18635,788,722,722,100.00,0,119,0,2015.6,3498.4,232476,1608005,0,46,434,11.730,35,0,0,0,1,254393,NO_EVALUABLE,0,16.0,LAPTOP-OMI6BJ6L,45a097c1b95bf1ad3f27d32ddffdc4ee8014640d7d379ca3df7bcd8b6f73c49a,b8d9ed2fd9f5011c1e05f5a5f6588b283367d7395a7bcc57ef6887d4ded60e12,60.0,200.0,1,120.0000,ventanas,20260901
194,simulacion,SIM_5D,MEDIA,98,1296,propio,ventas.202612.txt,ventas.202609.txt,bloqueo.2609.txt,,AG,13,3013,tiempo,2000,60,0,si,urgentes,1156,6409,21600.00,360.0000,si,,,,167658.00,27540,1146,1031,1031,100.00,0,119,0,2028.3,2315.3,805,80401,0,115,636,17.189,35,0,0,0,64,272125,NO_EVALUABLE,0,16.0,LAPTOP-OMI6BJ6L,45a097c1b95bf1ad3f27d32ddffdc4ee8014640d7d379ca3df7bcd8b6f73c49a,b8d9ed2fd9f5011c1e05f5a5f6588b283367d7395a7bcc57ef6887d4ded60e12,60.0,200.0,11,120.0000,ventanas,20261211
195,simulacion,SIM_5D,BAJA,78,1296,propio,ventas.202610.txt,ventas.202609.txt,bloqueo.2609.txt,,AG,19,3019,tiempo,2000,60,0,si,urgentes,932,5134,37440.00,624.0000,si,,,,128706.00,21111,927,861,861,100.00,0,119,0,2021.0,2591.2,1338,108129,0,347,507,13.703,33,0,0,0,24,259101,NO_EVALUABLE,0,16.0,LAPTOP-OMI6BJ6L,45a097c1b95bf1ad3f27d32ddffdc4ee8014640d7d379ca3df7bcd8b6f73c49a,b8d9ed2fd9f5011c1e05f5a5f6588b283367d7395a7bcc57ef6887d4ded60e12,60.0,200.0,22,120.0000,ventanas,20261022
196,simulacion,SIM_5D,ALTA,115,1296,propio,ventas.202701.txt,ventas.202609.txt,bloqueo.2609.txt,,AG,27,3027,tiempo,2000,60,0,si,urgentes,1335,7255,18581.00,309.6833,no,c6074-L3345 (c6074-L3345~1),TA07,llegada tardía (a bordo),186713.00,31702,1299,1163,1164,99.91,0,117,0,2222.3,2601.6,393,45291,0,244,723,19.541,35,0,0,0,76,331319,NO_EVALUABLE,0,16.0,LAPTOP-OMI6BJ6L,45a097c1b95bf1ad3f27d32ddffdc4ee8014640d7d379ca3df7bcd8b6f73c49a,b8d9ed2fd9f5011c1e05f5a5f6588b283367d7395a7bcc57ef6887d4ded60e12,60.0,200.0,9,117.6833,ventanas,20270109
197,simulacion,SIM_5D,BAJA,78,1296,propio,ventas.202610.txt,ventas.202609.txt,bloqueo.2609.txt,,TABU,9,3009,tiempo,2000,60,0,,urgentes,982,5365,17280.00,288.0000,si,,,,134729.00,22494,973,878,878,100.00,0,119,0,2006.4,2351.9,163506,1095801,0,25,518,14.000,39,0,0,0,11,264715,NO_EVALUABLE,0,16.0,LAPTOP-OMI6BJ6L,45a097c1b95bf1ad3f27d32ddffdc4ee8014640d7d379ca3df7bcd8b6f73c49a,b8d9ed2fd9f5011c1e05f5a5f6588b283367d7395a7bcc57ef6887d4ded60e12,60.0,200.0,8,120.0000,ventanas,20261008
198,simulacion,SIM_5D,BAJA,78,1296,propio,ventas.202610.txt,ventas.202609.txt,bloqueo.2609.txt,,TABU,17,3017,tiempo,2000,60,0,,urgentes,912,5044,29155.00,485.9167,no,c4704-L3903 (c4704-L3903),,destino bloqueado,80819.00,13225,597,511,512,99.80,0,77,0,2002.1,2057.0,131112,923688,0,26,318,8.595,21,0,0,0,11,167081,NO_EVALUABLE,0,16.0,LAPTOP-OMI6BJ6L,45a097c1b95bf1ad3f27d32ddffdc4ee8014640d7d379ca3df7bcd8b6f73c49a,b8d9ed2fd9f5011c1e05f5a5f6588b283367d7395a7bcc57ef6887d4ded60e12,60.0,200.0,18,77.9167,ventanas,20261018
199,simulacion,SIM_5D,ALTA,115,1296,propio,ventas.202702.txt,ventas.202609.txt,bloqueo.2609.txt,,AG,2,3002,tiempo,2000,60,0,si,urgentes,1374,7618,16158.00,269.3000,no,c2987-L2991 (c2987-L2991~1),,llegada tardía (planificada),75577.00,12414,612,457,458,99.78,0,54,0,2132.7,2460.1,1233,148385,0,97,290,7.838,17,0,0,0,27,141144,NO_EVALUABLE,0,16.0,LAPTOP-OMI6BJ6L,45a097c1b95bf1ad3f27d32ddffdc4ee8014640d7d379ca3df7bcd8b6f73c49a,b8d9ed2fd9f5011c1e05f5a5f6588b283367d7395a7bcc57ef6887d4ded60e12,60.0,200.0,10,53.3000,ventanas,20270210
200,simulacion,SIM_5D,MEDIA,98,1296,propio,ventas.202612.txt,ventas.202609.txt,bloqueo.2609.txt,,AG,20,3020,tiempo,2000,60,0,si,urgentes,1145,6300,7200.00,120.0000,si,,,,163743.00,27159,1136,1031,1031,100.00,0,119,0,2036.1,2294.5,1208,112429,0,230,629,17.000,32,0,0,0,54,268413,NO_EVALUABLE,0,16.0,LAPTOP-OMI6BJ6L,45a097c1b95bf1ad3f27d32ddffdc4ee8014640d7d379ca3df7bcd8b6f73c49a,b8d9ed2fd9f5011c1e05f5a5f6588b283367d7395a7bcc57ef6887d4ded60e12,60.0,200.0,1,120.0000,ventanas,20261201
201,simulacion,SIM_5D,ALTA,115,1296,propio,ventas.202701.txt,ventas.202609.txt,bloqueo.2609.txt,,AG,3,3003,tiempo,2000,60,0,si,urgentes,1370,7465,8506.00,141.7667,no,c6119-L1539 (c6119-L1539),,llegada tardía (planificada),70671.00,11704,560,428,429,99.77,0,46,0,2051.6,2284.3,1067,108480,0,46,280,7.568,13,0,0,0,36,108951,NO_EVALUABLE,0,16.0,LAPTOP-OMI6BJ6L,45a097c1b95bf1ad3f27d32ddffdc4ee8014640d7d379ca3df7bcd8b6f73c49a,b8d9ed2fd9f5011c1e05f5a5f6588b283367d7395a7bcc57ef6887d4ded60e12,60.0,200.0,5,45.7667,ventanas,20270105
202,simulacion,SIM_5D,MEDIA,98,1296,propio,ventas.202612.txt,ventas.202609.txt,bloqueo.2609.txt,,TABU,21,3021,tiempo,2000,60,0,,urgentes,1137,6368,14400.00,240.0000,si,,,,162737.00,27175,1130,1015,1015,100.00,0,119,0,2003.8,2069.4,158067,1048514,0,32,626,16.919,38,0,0,0,62,267747,NO_EVALUABLE,0,16.0,LAPTOP-OMI6BJ6L,45a097c1b95bf1ad3f27d32ddffdc4ee8014640d7d379ca3df7bcd8b6f73c49a,b8d9ed2fd9f5011c1e05f5a5f6588b283367d7395a7bcc57ef6887d4ded60e12,60.0,200.0,6,120.0000,ventanas,20261206
203,simulacion,SIM_5D,MEDIA,98,1296,propio,ventas.202612.txt,ventas.202609.txt,bloqueo.2609.txt,,TABU,4,3004,tiempo,2000,60,0,,urgentes,1066,5944,17280.00,288.0000,si,,,,154716.00,25495,1058,966,966,100.00,0,119,0,2002.7,2072.8,154191,989015,0,15,600,16.216,39,0,0,0,38,266850,NO_EVALUABLE,0,16.0,LAPTOP-OMI6BJ6L,45a097c1b95bf1ad3f27d32ddffdc4ee8014640d7d379ca3df7bcd8b6f73c49a,b8d9ed2fd9f5011c1e05f5a5f6588b283367d7395a7bcc57ef6887d4ded60e12,60.0,200.0,8,120.0000,ventanas,20261208
204,simulacion,SIM_5D,BAJA,78,1296,propio,ventas.202609.txt,ventas.202609.txt,bloqueo.2609.txt,,AG,22,3022,tiempo,2000,60,0,si,urgentes,885,4750,23040.00,384.0000,si,,,,119317.00,19497,872,792,792,100.00,0,119,0,2008.8,2079.3,2154,197935,0,325,445,12.027,24,0,0,0,17,251005,NO_EVALUABLE,0,16.0,LAPTOP-OMI6BJ6L,45a097c1b95bf1ad3f27d32ddffdc4ee8014640d7d379ca3df7bcd8b6f73c49a,b8d9ed2fd9f5011c1e05f5a5f6588b283367d7395a7bcc57ef6887d4ded60e12,60.0,200.0,12,120.0000,ventanas,20260912
205,simulacion,SIM_5D,BAJA,78,1296,propio,ventas.202610.txt,ventas.202609.txt,bloqueo.2609.txt,,TABU,30,3030,tiempo,2000,60,0,,urgentes,990,5447,27360.00,456.0000,si,,,,144175.00,23868,985,902,902,100.00,0,119,0,2002.1,2066.1,176179,1166795,0,15,559,15.108,36,0,0,0,25,258592,NO_EVALUABLE,0,16.0,LAPTOP-OMI6BJ6L,45a097c1b95bf1ad3f27d32ddffdc4ee8014640d7d379ca3df7bcd8b6f73c49a,b8d9ed2fd9f5011c1e05f5a5f6588b283367d7395a7bcc57ef6887d4ded60e12,60.0,200.0,15,120.0000,ventanas,20261015
206,simulacion,SIM_5D,ALTA,115,1296,propio,ventas.202701.txt,ventas.202609.txt,bloqueo.2609.txt,,AG,20,3020,tiempo,2000,60,0,si,urgentes,1261,6904,20160.00,336.0000,si,,,,183545.00,30909,1251,1152,1152,100.00,0,119,0,2085.7,2296.2,364,36788,0,104,709,19.162,39,0,0,0,80,297340,NO_EVALUABLE,1,16.0,LAPTOP-OMI6BJ6L,45a097c1b95bf1ad3f27d32ddffdc4ee8014640d7d379ca3df7bcd8b6f73c49a,b8d9ed2fd9f5011c1e05f5a5f6588b283367d7395a7bcc57ef6887d4ded60e12,60.0,200.0,10,120.0000,ventanas,20270110
