orden,modo,escenario,nivel,pct_cmax,cmax_paquetes_dia,fuente_cmax,archivo_carga,archivo_ventas,archivo_bloqueos,archivo_averias,algoritmo,replica,semilla,modo_parada,ta_ms,sa_min,max_evaluaciones,busqueda_local,parciales,pedidos_originales_total,paquetes_total,colapso_min,colapso_h,censurada,pedido_colapso,unidad_colapso,causa_colapso,costo_acumulado,km_acumulados,pedidos_llegados,pedidos_entregados,pedidos_evaluables,pct_pedidos_en_plazo,entregas_tarde,replanificaciones,replan_por_evento,planificador_ms_medio,planificador_ms_max,iteraciones_totales,evaluaciones_totales,aplazamientos,cambios_de_unidad,viajes_totales,viajes_por_vehiculo_medio,viajes_por_vehiculo_max,bloqueos_encontrados,averias_aplicadas,trasvases,parciales_creadas,tiempo_real_ms,regla_destino,pedidos_inentregables_bloqueo,penalidad_estabilidad,pc,sha256_ventas,sha256_bloqueos,holgura_min,penalidad_holgura,dia_inicio,horas_desde_inicio,situaciones,semilla_carga
1,simulacion,SIM_5D,MEDIA,98,1296,propio,ventas.202611.txt,ventas.202609.txt,bloqueo.2609.txt,,AG,34,1034,tiempo,2000,60,0,si,urgentes,1239,6616,17161.00,286.0167,no,c4269-L2555 (c4269-L2555),TA03,destino bloqueado,51389.00,8229,450,320,321,99.69,0,46,0,2046.9,2306.1,527,53035,0,95,195,5.270,13,0,0,0,8,106707,NO_EVALUABLE,0,16.0,LAPTOP-OMI6BJ6L,45a097c1b95bf1ad3f27d32ddffdc4ee8014640d7d379ca3df7bcd8b6f73c49a,b8d9ed2fd9f5011c1e05f5a5f6588b283367d7395a7bcc57ef6887d4ded60e12,60.0,200.0,11,46.0167,ventanas,20261111
2,simulacion,SIM_5D,BAJA,78,1296,propio,ventas.202610.txt,ventas.202609.txt,bloqueo.2609.txt,,AG,40,1040,tiempo,2000,60,0,si,urgentes,911,5074,34560.00,576.0000,si,,,,117520.00,18952,900,803,803,100.00,0,119,0,2010.3,2083.3,1937,143496,0,437,444,12.000,29,0,0,0,20,252527,NO_EVALUABLE,0,16.0,LAPTOP-OMI6BJ6L,45a097c1b95bf1ad3f27d32ddffdc4ee8014640d7d379ca3df7bcd8b6f73c49a,b8d9ed2fd9f5011c1e05f5a5f6588b283367d7395a7bcc57ef6887d4ded60e12,60.0,200.0,20,120.0000,ventanas,20261020
3,simulacion,SIM_5D,MEDIA,98,1296,propio,ventas.202612.txt,ventas.202609.txt,bloqueo.2609.txt,,AG,22,1022,tiempo,2000,60,0,si,urgentes,1102,6080,18720.00,312.0000,si,,,,158781.00,26336,1088,984,984,100.00,0,119,0,2029.1,2201.1,838,64935,0,167,608,16.432,34,0,0,0,59,272726,NO_EVALUABLE,0,16.0,LAPTOP-OMI6BJ6L,45a097c1b95bf1ad3f27d32ddffdc4ee8014640d7d379ca3df7bcd8b6f73c49a,b8d9ed2fd9f5011c1e05f5a5f6588b283367d7395a7bcc57ef6887d4ded60e12,60.0,200.0,9,120.0000,ventanas,20261209
4,simulacion,SIM_5D,MEDIA,98,1296,propio,ventas.202612.txt,ventas.202609.txt,bloqueo.2609.txt,,AG,6,1006,tiempo,2000,60,0,si,urgentes,1210,6786,10080.00,168.0000,si,,,,179625.00,29626,1199,1087,1087,100.00,0,119,0,2044.1,2256.4,650,60393,0,246,668,18.054,38,0,0,0,89,273312,NO_EVALUABLE,0,16.0,LAPTOP-OMI6BJ6L,45a097c1b95bf1ad3f27d32ddffdc4ee8014640d7d379ca3df7bcd8b6f73c49a,b8d9ed2fd9f5011c1e05f5a5f6588b283367d7395a7bcc57ef6887d4ded60e12,60.0,200.0,3,120.0000,ventanas,20261203
5,simulacion,SIM_5D,MEDIA,98,1296,propio,ventas.202611.txt,ventas.202609.txt,bloqueo.2609.txt,,AG,17,1017,tiempo,2000,60,0,si,urgentes,1104,6152,27360.00,456.0000,si,,,,156619.00,25557,1099,986,986,100.00,0,119,0,2014.3,2158.1,873,73042,0,243,587,15.865,32,0,0,0,51,260128,NO_EVALUABLE,0,16.0,LAPTOP-OMI6BJ6L,45a097c1b95bf1ad3f27d32ddffdc4ee8014640d7d379ca3df7bcd8b6f73c49a,b8d9ed2fd9f5011c1e05f5a5f6588b283367d7395a7bcc57ef6887d4ded60e12,60.0,200.0,15,120.0000,ventanas,20261115
6,simulacion,SIM_5D,ALTA,115,1296,propio,ventas.202702.txt,ventas.202609.txt,bloqueo.2609.txt,,AG,4,1004,tiempo,2000,60,0,si,urgentes,1445,8235,9374.00,156.2333,no,c1962-L1750 (c1962-L1750),,llegada tardía (planificada),93931.00,15396,731,542,543,99.82,0,61,0,2168.6,2571.9,871,64530,0,86,354,9.568,16,0,0,0,70,162023,NO_EVALUABLE,0,16.0,LAPTOP-OMI6BJ6L,45a097c1b95bf1ad3f27d32ddffdc4ee8014640d7d379ca3df7bcd8b6f73c49a,b8d9ed2fd9f5011c1e05f5a5f6588b283367d7395a7bcc57ef6887d4ded60e12,60.0,200.0,5,60.2333,ventanas,20270205
7,simulacion,SIM_5D,ALTA,115,1296,propio,ventas.202701.txt,ventas.202609.txt,bloqueo.2609.txt,,TABU,7,1007,tiempo,2000,60,0,,urgentes,1253,6908,20530.00,342.1667,no,c9612-L3678 (c9612-L3678),,llegada tardía (planificada),151681.00,25745,1061,936,937,99.89,0,102,0,2002.5,2068.2,74621,476234,0,5,602,16.270,37,0,0,0,66,257426,NO_EVALUABLE,1,16.0,LAPTOP-OMI6BJ6L,45a097c1b95bf1ad3f27d32ddffdc4ee8014640d7d379ca3df7bcd8b6f73c49a,b8d9ed2fd9f5011c1e05f5a5f6588b283367d7395a7bcc57ef6887d4ded60e12,60.0,200.0,11,102.1667,ventanas,20270111
8,simulacion,SIM_5D,ALTA,115,1296,propio,ventas.202701.txt,ventas.202609.txt,bloqueo.2609.txt,,AG,24,1024,tiempo,2000,60,0,si,urgentes,1316,7072,14702.00,245.0333,no,c8463-L2662 (c8463-L2662),,llegada tardía (planificada),113528.00,18957,849,717,718,99.86,0,77,0,2167.3,2603.4,850,89717,0,103,462,12.486,23,0,0,0,48,209568,NO_EVALUABLE,0,16.0,LAPTOP-OMI6BJ6L,45a097c1b95bf1ad3f27d32ddffdc4ee8014640d7d379ca3df7bcd8b6f73c49a,b8d9ed2fd9f5011c1e05f5a5f6588b283367d7395a7bcc57ef6887d4ded60e12,60.0,200.0,8,77.0333,ventanas,20270108
9,simulacion,SIM_5D,BAJA,78,1296,propio,ventas.202610.txt,ventas.202609.txt,bloqueo.2609.txt,,TABU,26,1026,tiempo,2000,60,0,,urgentes,938,5150,29155.00,485.9167,no,c4704-L3903 (c4704-L3903),,destino bloqueado,2946.00,438,43,18,19,94.74,0,5,0,1999.7,2000.5,36268,354599,0,7,16,0.432,1,0,0,0,0,10250,NO_EVALUABLE,0,16.0,LAPTOP-OMI6BJ6L,45a097c1b95bf1ad3f27d32ddffdc4ee8014640d7d379ca3df7bcd8b6f73c49a,b8d9ed2fd9f5011c1e05f5a5f6588b283367d7395a7bcc57ef6887d4ded60e12,60.0,200.0,21,5.9167,ventanas,20261021
10,simulacion,SIM_5D,MEDIA,98,1296,propio,ventas.202611.txt,ventas.202609.txt,bloqueo.2609.txt,,TABU,29,1029,tiempo,2000,60,0,,urgentes,1148,6283,24480.00,408.0000,si,,,,172808.00,28649,1140,1069,1069,100.00,0,120,0,2007.5,2075.9,168215,1060123,0,33,666,18.000,34,0,0,0,48,272154,NO_EVALUABLE,0,16.0,LAPTOP-OMI6BJ6L,45a097c1b95bf1ad3f27d32ddffdc4ee8014640d7d379ca3df7bcd8b6f73c49a,b8d9ed2fd9f5011c1e05f5a5f6588b283367d7395a7bcc57ef6887d4ded60e12,60.0,200.0,13,120.0000,ventanas,20261113
11,simulacion,SIM_5D,BAJA,78,1296,propio,ventas.202609.txt,ventas.202609.txt,bloqueo.2609.txt,,AG,28,1028,tiempo,2000,60,0,si,urgentes,795,4478,7200.00,120.0000,si,,,,106492.00,17177,788,729,729,100.00,0,119,0,2007.9,2087.5,2362,204371,0,345,393,10.622,24,0,0,0,10,251319,NO_EVALUABLE,0,16.0,LAPTOP-OMI6BJ6L,45a097c1b95bf1ad3f27d32ddffdc4ee8014640d7d379ca3df7bcd8b6f73c49a,b8d9ed2fd9f5011c1e05f5a5f6588b283367d7395a7bcc57ef6887d4ded60e12,60.0,200.0,1,120.0000,ventanas,20260901
12,simulacion,SIM_5D,ALTA,115,1296,propio,ventas.202702.txt,ventas.202609.txt,bloqueo.2609.txt,,TABU,21,1021,tiempo,2000,60,0,,urgentes,1355,7479,19455.00,324.2500,no,c1218-L3683 (c1218-L3683~1),TA02,llegada tardía (a bordo),82547.00,13639,639,498,499,99.80,0,60,0,2001.9,2051.2,85922,600298,0,19,325,8.784,18,0,0,0,26,138127,NO_EVALUABLE,0,16.0,LAPTOP-OMI6BJ6L,45a097c1b95bf1ad3f27d32ddffdc4ee8014640d7d379ca3df7bcd8b6f73c49a,b8d9ed2fd9f5011c1e05f5a5f6588b283367d7395a7bcc57ef6887d4ded60e12,60.0,200.0,12,60.2500,ventanas,20270212
13,simulacion,SIM_5D,ALTA,115,1296,propio,ventas.202702.txt,ventas.202609.txt,bloqueo.2609.txt,,TABU,11,1011,tiempo,2000,60,0,,urgentes,1423,7874,19991.00,333.1833,no,c3859-L3793 (c3859-L3793),,llegada tardía (planificada),61731.00,9858,525,370,371,99.73,0,46,0,2002.4,2031.8,103810,765071,0,20,234,6.324,13,0,0,0,27,104186,NO_EVALUABLE,0,16.0,LAPTOP-OMI6BJ6L,45a097c1b95bf1ad3f27d32ddffdc4ee8014640d7d379ca3df7bcd8b6f73c49a,b8d9ed2fd9f5011c1e05f5a5f6588b283367d7395a7bcc57ef6887d4ded60e12,60.0,200.0,13,45.1833,ventanas,20270213
14,simulacion,SIM_5D,BAJA,78,1296,propio,ventas.202609.txt,ventas.202609.txt,bloqueo.2609.txt,,TABU,21,1021,tiempo,2000,60,0,,urgentes,894,4800,21600.00,360.0000,si,,,,123783.00,20348,886,799,799,100.00,0,119,0,2004.8,2059.6,256092,1614917,0,34,482,13.027,29,0,0,0,3,251032,NO_EVALUABLE,0,16.0,LAPTOP-OMI6BJ6L,45a097c1b95bf1ad3f27d32ddffdc4ee8014640d7d379ca3df7bcd8b6f73c49a,b8d9ed2fd9f5011c1e05f5a5f6588b283367d7395a7bcc57ef6887d4ded60e12,60.0,200.0,11,120.0000,ventanas,20260911
15,simulacion,SIM_5D,BAJA,78,1296,propio,ventas.202610.txt,ventas.202609.txt,bloqueo.2609.txt,,TABU,24,1024,tiempo,2000,60,0,,urgentes,950,5297,28800.00,480.0000,si,,,,140640.00,23487,945,874,874,100.00,0,119,0,2002.8,2088.5,180167,1152168,0,29,553,14.946,37,0,0,0,11,258401,NO_EVALUABLE,0,16.0,LAPTOP-OMI6BJ6L,45a097c1b95bf1ad3f27d32ddffdc4ee8014640d7d379ca3df7bcd8b6f73c49a,b8d9ed2fd9f5011c1e05f5a5f6588b283367d7395a7bcc57ef6887d4ded60e12,60.0,200.0,16,120.0000,ventanas,20261016
16,simulacion,SIM_5D,MEDIA,98,1296,propio,ventas.202612.txt,ventas.202609.txt,bloqueo.2609.txt,,TABU,25,1025,tiempo,2000,60,0,,urgentes,1304,6959,28800.00,480.0000,si,,,,185520.00,31383,1292,1166,1166,100.00,0,119,0,2005.6,2078.9,118942,825858,0,14,713,19.270,37,0,0,0,50,279459,NO_EVALUABLE,0,16.0,LAPTOP-OMI6BJ6L,45a097c1b95bf1ad3f27d32ddffdc4ee8014640d7d379ca3df7bcd8b6f73c49a,b8d9ed2fd9f5011c1e05f5a5f6588b283367d7395a7bcc57ef6887d4ded60e12,60.0,200.0,16,120.0000,ventanas,20261216
17,simulacion,SIM_5D,MEDIA,98,1296,propio,ventas.202611.txt,ventas.202609.txt,bloqueo.2609.txt,,AG,12,1012,tiempo,2000,60,0,si,urgentes,1012,5534,7200.00,120.0000,si,,,,145833.00,24079,1008,937,937,100.00,0,119,0,2011.4,2074.7,1364,121750,0,403,543,14.676,26,0,0,0,33,256452,NO_EVALUABLE,0,16.0,LAPTOP-OMI6BJ6L,45a097c1b95bf1ad3f27d32ddffdc4ee8014640d7d379ca3df7bcd8b6f73c49a,b8d9ed2fd9f5011c1e05f5a5f6588b283367d7395a7bcc57ef6887d4ded60e12,60.0,200.0,1,120.0000,ventanas,20261101
18,simulacion,SIM_5D,BAJA,78,1296,propio,ventas.202609.txt,ventas.202609.txt,bloqueo.2609.txt,,AG,10,1010,tiempo,2000,60,0,si,urgentes,819,4649,10080.00,168.0000,si,,,,112653.00,18412,814,741,741,100.00,0,119,0,2008.4,2084.0,2385,202258,0,332,432,11.676,29,0,0,0,17,253489,NO_EVALUABLE,0,16.0,LAPTOP-OMI6BJ6L,45a097c1b95bf1ad3f27d32ddffdc4ee8014640d7d379ca3df7bcd8b6f73c49a,b8d9ed2fd9f5011c1e05f5a5f6588b283367d7395a7bcc57ef6887d4ded60e12,60.0,200.0,3,120.0000,ventanas,20260903
19,simulacion,SIM_5D,MEDIA,98,1296,propio,ventas.202611.txt,ventas.202609.txt,bloqueo.2609.txt,,AG,3,1003,tiempo,2000,60,0,si,urgentes,1035,5843,28311.00,471.8500,no,c6031-L4314 (c6031-L4314),,destino bloqueado,141909.00,23567,962,872,873,99.89,0,111,0,2014.0,2133.1,1364,125604,0,179,540,14.595,33,0,0,0,43,243172,NO_EVALUABLE,0,16.0,LAPTOP-OMI6BJ6L,45a097c1b95bf1ad3f27d32ddffdc4ee8014640d7d379ca3df7bcd8b6f73c49a,b8d9ed2fd9f5011c1e05f5a5f6588b283367d7395a7bcc57ef6887d4ded60e12,60.0,200.0,16,111.8500,ventanas,20261116
20,simulacion,SIM_5D,MEDIA,98,1296,propio,ventas.202611.txt,ventas.202609.txt,bloqueo.2609.txt,,TABU,23,1023,tiempo,2000,60,0,,urgentes,1039,5730,10080.00,168.0000,si,,,,151504.00,24931,1032,934,934,100.00,0,119,0,2002.5,2072.4,214353,1426746,0,31,570,15.405,34,0,0,0,33,257632,NO_EVALUABLE,0,16.0,LAPTOP-OMI6BJ6L,45a097c1b95bf1ad3f27d32ddffdc4ee8014640d7d379ca3df7bcd8b6f73c49a,b8d9ed2fd9f5011c1e05f5a5f6588b283367d7395a7bcc57ef6887d4ded60e12,60.0,200.0,3,120.0000,ventanas,20261103
21,simulacion,SIM_5D,ALTA,115,1296,propio,ventas.202701.txt,ventas.202609.txt,bloqueo.2609.txt,,TABU,12,1012,tiempo,2000,60,0,,urgentes,1344,7328,3082.00,51.3667,no,c3821-L539 (c3821-L539),,destino bloqueado,27023.00,4525,303,186,187,99.47,0,28,0,2003.6,2069.1,106448,873077,0,21,126,3.405,8,0,0,0,7,58918,NO_EVALUABLE,0,16.0,LAPTOP-OMI6BJ6L,45a097c1b95bf1ad3f27d32ddffdc4ee8014640d7d379ca3df7bcd8b6f73c49a,b8d9ed2fd9f5011c1e05f5a5f6588b283367d7395a7bcc57ef6887d4ded60e12,60.0,200.0,2,27.3667,ventanas,20270102
22,simulacion,SIM_5D,MEDIA,98,1296,propio,ventas.202611.txt,ventas.202609.txt,bloqueo.2609.txt,,TABU,12,1012,tiempo,2000,60,0,,urgentes,1012,5534,7200.00,120.0000,si,,,,152990.00,25589,1008,945,945,100.00,0,119,0,2002.0,2065.0,210360,1421516,0,49,589,15.919,34,0,0,0,33,257764,NO_EVALUABLE,0,16.0,LAPTOP-OMI6BJ6L,45a097c1b95bf1ad3f27d32ddffdc4ee8014640d7d379ca3df7bcd8b6f73c49a,b8d9ed2fd9f5011c1e05f5a5f6588b283367d7395a7bcc57ef6887d4ded60e12,60.0,200.0,1,120.0000,ventanas,20261101
23,simulacion,SIM_5D,ALTA,115,1296,propio,ventas.202701.txt,ventas.202609.txt,bloqueo.2609.txt,,TABU,14,1014,tiempo,2000,60,0,,urgentes,1332,7232,3082.00,51.3667,no,c3821-L539 (c3821-L539),,destino bloqueado,68906.00,11584,583,444,445,99.78,0,51,0,2004.2,2066.6,88919,586085,0,25,276,7.459,15,0,0,0,25,110630,NO_EVALUABLE,0,16.0,LAPTOP-OMI6BJ6L,45a097c1b95bf1ad3f27d32ddffdc4ee8014640d7d379ca3df7bcd8b6f73c49a,b8d9ed2fd9f5011c1e05f5a5f6588b283367d7395a7bcc57ef6887d4ded60e12,60.0,200.0,1,51.3667,ventanas,20270101
24,simulacion,SIM_5D,MEDIA,98,1296,propio,ventas.202612.txt,ventas.202609.txt,bloqueo.2609.txt,,AG,35,1035,tiempo,2000,60,0,si,urgentes,1298,6978,27360.00,456.0000,si,,,,184190.00,30507,1289,1178,1178,100.00,0,119,0,2081.9,2313.6,653,67116,0,135,689,18.622,40,0,0,0,78,291266,NO_EVALUABLE,0,16.0,LAPTOP-OMI6BJ6L,45a097c1b95bf1ad3f27d32ddffdc4ee8014640d7d379ca3df7bcd8b6f73c49a,b8d9ed2fd9f5011c1e05f5a5f6588b283367d7395a7bcc57ef6887d4ded60e12,60.0,200.0,15,120.0000,ventanas,20261215
25,simulacion,SIM_5D,BAJA,78,1296,propio,ventas.202609.txt,ventas.202609.txt,bloqueo.2609.txt,,TABU,37,1037,tiempo,2000,60,0,,urgentes,897,4884,27360.00,456.0000,si,,,,127652.00,21046,890,820,820,100.00,0,119,0,2001.7,2048.5,208925,1348180,0,24,492,13.297,32,0,0,0,13,261385,NO_EVALUABLE,0,16.0,LAPTOP-OMI6BJ6L,45a097c1b95bf1ad3f27d32ddffdc4ee8014640d7d379ca3df7bcd8b6f73c49a,b8d9ed2fd9f5011c1e05f5a5f6588b283367d7395a7bcc57ef6887d4ded60e12,60.0,200.0,15,120.0000,ventanas,20260915
26,simulacion,SIM_5D,BAJA,78,1296,propio,ventas.202610.txt,ventas.202609.txt,bloqueo.2609.txt,,TABU,16,1016,tiempo,2000,60,0,,urgentes,974,5387,20160.00,336.0000,si,,,,143709.00,23967,964,887,887,100.00,0,119,0,2003.4,2070.3,163475,1169238,0,47,564,15.243,40,0,0,0,11,264075,NO_EVALUABLE,0,16.0,LAPTOP-OMI6BJ6L,45a097c1b95bf1ad3f27d32ddffdc4ee8014640d7d379ca3df7bcd8b6f73c49a,b8d9ed2fd9f5011c1e05f5a5f6588b283367d7395a7bcc57ef6887d4ded60e12,60.0,200.0,10,120.0000,ventanas,20261010
27,simulacion,SIM_5D,ALTA,115,1296,propio,ventas.202702.txt,ventas.202609.txt,bloqueo.2609.txt,,AG,18,1018,tiempo,2000,60,0,si,urgentes,1371,7562,15508.00,258.4667,no,c6194-L2949 (c6194-L2949),,llegada tardía (planificada),150539.00,25251,1045,887,888,99.89,0,91,0,2102.3,2411.9,1123,111402,0,98,567,15.324,27,0,0,0,73,231879,NO_EVALUABLE,0,16.0,LAPTOP-OMI6BJ6L,45a097c1b95bf1ad3f27d32ddffdc4ee8014640d7d379ca3df7bcd8b6f73c49a,b8d9ed2fd9f5011c1e05f5a5f6588b283367d7395a7bcc57ef6887d4ded60e12,60.0,200.0,8,90.4667,ventanas,20270208
28,simulacion,SIM_5D,MEDIA,98,1296,propio,ventas.202612.txt,ventas.202609.txt,bloqueo.2609.txt,,TABU,19,1019,tiempo,2000,60,0,,urgentes,1153,6499,12960.00,216.0000,si,,,,175396.00,29074,1141,1058,1058,100.00,0,119,0,2001.0,2052.0,151969,957975,0,31,678,18.324,41,0,0,0,71,265403,NO_EVALUABLE,0,16.0,LAPTOP-OMI6BJ6L,45a097c1b95bf1ad3f27d32ddffdc4ee8014640d7d379ca3df7bcd8b6f73c49a,b8d9ed2fd9f5011c1e05f5a5f6588b283367d7395a7bcc57ef6887d4ded60e12,60.0,200.0,5,120.0000,ventanas,20261205
29,simulacion,SIM_5D,MEDIA,98,1296,propio,ventas.202611.txt,ventas.202609.txt,bloqueo.2609.txt,,AG,8,1008,tiempo,2000,60,0,si,urgentes,1059,5841,11520.00,192.0000,si,,,,153181.00,25425,1051,956,956,100.00,0,119,0,2024.0,2204.6,1252,102929,0,252,572,15.459,25,0,0,0,61,263232,NO_EVALUABLE,0,16.0,LAPTOP-OMI6BJ6L,45a097c1b95bf1ad3f27d32ddffdc4ee8014640d7d379ca3df7bcd8b6f73c49a,b8d9ed2fd9f5011c1e05f5a5f6588b283367d7395a7bcc57ef6887d4ded60e12,60.0,200.0,4,120.0000,ventanas,20261104
30,simulacion,SIM_5D,BAJA,78,1296,propio,ventas.202609.txt,ventas.202609.txt,bloqueo.2609.txt,,TABU,20,1020,tiempo,2000,60,0,,urgentes,886,4907,34560.00,576.0000,si,,,,129456.00,21980,881,782,782,100.00,0,119,0,2004.0,2077.1,194821,1391588,0,29,515,13.919,38,0,0,0,14,263191,NO_EVALUABLE,0,16.0,LAPTOP-OMI6BJ6L,45a097c1b95bf1ad3f27d32ddffdc4ee8014640d7d379ca3df7bcd8b6f73c49a,b8d9ed2fd9f5011c1e05f5a5f6588b283367d7395a7bcc57ef6887d4ded60e12,60.0,200.0,20,120.0000,ventanas,20260920
31,simulacion,SIM_5D,MEDIA,98,1296,propio,ventas.202612.txt,ventas.202609.txt,bloqueo.2609.txt,,AG,31,1031,tiempo,2000,60,0,si,urgentes,1165,6536,11520.00,192.0000,si,,,,175272.00,28533,1157,1063,1063,100.00,0,119,0,2021.6,2164.1,1100,86100,0,161,650,17.568,36,0,0,0,91,264436,NO_EVALUABLE,0,16.0,LAPTOP-OMI6BJ6L,45a097c1b95bf1ad3f27d32ddffdc4ee8014640d7d379ca3df7bcd8b6f73c49a,b8d9ed2fd9f5011c1e05f5a5f6588b283367d7395a7bcc57ef6887d4ded60e12,60.0,200.0,4,120.0000,ventanas,20261204
32,simulacion,SIM_5D,MEDIA,98,1296,propio,ventas.202612.txt,ventas.202609.txt,bloqueo.2609.txt,,TABU,30,1030,tiempo,2000,60,0,,urgentes,1309,7100,24480.00,408.0000,si,,,,188193.00,31509,1290,1158,1158,100.00,0,120,0,2004.0,2065.9,141217,1040588,0,29,729,19.703,38,0,0,0,57,284434,NO_EVALUABLE,0,16.0,LAPTOP-OMI6BJ6L,45a097c1b95bf1ad3f27d32ddffdc4ee8014640d7d379ca3df7bcd8b6f73c49a,b8d9ed2fd9f5011c1e05f5a5f6588b283367d7395a7bcc57ef6887d4ded60e12,60.0,200.0,13,120.0000,ventanas,20261213
33,simulacion,SIM_5D,ALTA,115,1296,propio,ventas.202701.txt,ventas.202609.txt,bloqueo.2609.txt,,AG,13,1013,tiempo,2000,60,0,si,urgentes,1283,6903,12363.00,206.0500,no,c7610-L2202 (c7610-L2202),,llegada tardía (planificada),75908.00,12600,622,484,485,99.79,0,62,0,2039.5,2194.5,486,49504,0,76,311,8.405,18,0,0,0,19,145028,NO_EVALUABLE,0,16.0,LAPTOP-OMI6BJ6L,45a097c1b95bf1ad3f27d32ddffdc4ee8014640d7d379ca3df7bcd8b6f73c49a,b8d9ed2fd9f5011c1e05f5a5f6588b283367d7395a7bcc57ef6887d4ded60e12,60.0,200.0,7,62.0500,ventanas,20270107
34,simulacion,SIM_5D,ALTA,115,1296,propio,ventas.202701.txt,ventas.202609.txt,bloqueo.2609.txt,,TABU,10,1010,tiempo,2000,60,0,,urgentes,1277,7088,23763.00,396.0500,no,c1088-L4245 (c1088-L4245),,llegada tardía (planificada),118151.00,19760,860,731,732,99.86,0,84,0,2004.8,2078.3,88945,615427,0,37,456,12.324,26,0,0,0,34,199157,NO_EVALUABLE,1,16.0,LAPTOP-OMI6BJ6L,45a097c1b95bf1ad3f27d32ddffdc4ee8014640d7d379ca3df7bcd8b6f73c49a,b8d9ed2fd9f5011c1e05f5a5f6588b283367d7395a7bcc57ef6887d4ded60e12,60.0,200.0,14,84.0500,ventanas,20270114
35,simulacion,SIM_5D,BAJA,78,1296,propio,ventas.202609.txt,ventas.202609.txt,bloqueo.2609.txt,,AG,37,1037,tiempo,2000,60,0,si,urgentes,897,4884,27360.00,456.0000,si,,,,126345.00,20772,890,822,822,100.00,0,119,0,2025.2,2221.3,1691,131093,0,350,475,12.838,36,0,0,0,15,264198,NO_EVALUABLE,0,16.0,LAPTOP-OMI6BJ6L,45a097c1b95bf1ad3f27d32ddffdc4ee8014640d7d379ca3df7bcd8b6f73c49a,b8d9ed2fd9f5011c1e05f5a5f6588b283367d7395a7bcc57ef6887d4ded60e12,60.0,200.0,15,120.0000,ventanas,20260915
36,simulacion,SIM_5D,MEDIA,98,1296,propio,ventas.202611.txt,ventas.202609.txt,bloqueo.2609.txt,,TABU,34,1034,tiempo,2000,60,0,,urgentes,1239,6616,17161.00,286.0167,no,c4269-L2555 (c4269-L2555),,destino bloqueado,51575.00,8377,450,320,321,99.69,0,46,0,2002.7,2057.9,87910,636237,0,25,202,5.459,14,0,0,0,3,104299,NO_EVALUABLE,0,16.0,LAPTOP-OMI6BJ6L,45a097c1b95bf1ad3f27d32ddffdc4ee8014640d7d379ca3df7bcd8b6f73c49a,b8d9ed2fd9f5011c1e05f5a5f6588b283367d7395a7bcc57ef6887d4ded60e12,60.0,200.0,11,46.0167,ventanas,20261111
37,simulacion,SIM_5D,BAJA,78,1296,propio,ventas.202609.txt,ventas.202609.txt,bloqueo.2609.txt,,TABU,2,1002,tiempo,2000,60,0,,urgentes,878,4817,30240.00,504.0000,si,,,,128886.00,21740,875,794,794,100.00,0,119,0,2003.5,2064.4,167562,1088567,0,31,492,13.297,38,0,0,0,16,261924,NO_EVALUABLE,0,16.0,LAPTOP-OMI6BJ6L,45a097c1b95bf1ad3f27d32ddffdc4ee8014640d7d379ca3df7bcd8b6f73c49a,b8d9ed2fd9f5011c1e05f5a5f6588b283367d7395a7bcc57ef6887d4ded60e12,60.0,200.0,17,120.0000,ventanas,20260917
38,simulacion,SIM_5D,MEDIA,98,1296,propio,ventas.202612.txt,ventas.202609.txt,bloqueo.2609.txt,,AG,27,1027,tiempo,2000,60,0,si,urgentes,1146,6309,19506.00,325.1000,no,c6373-L3035 (c6373-L3035),,llegada tardía (planificada),146347.00,23749,1034,903,904,99.89,0,109,0,2020.6,2123.7,717,70214,0,384,531,14.351,26,0,0,0,68,247401,NO_EVALUABLE,0,16.0,LAPTOP-OMI6BJ6L,45a097c1b95bf1ad3f27d32ddffdc4ee8014640d7d379ca3df7bcd8b6f73c49a,b8d9ed2fd9f5011c1e05f5a5f6588b283367d7395a7bcc57ef6887d4ded60e12,60.0,200.0,10,109.1000,ventanas,20261210
39,simulacion,SIM_5D,BAJA,78,1296,propio,ventas.202609.txt,ventas.202609.txt,bloqueo.2609.txt,,AG,21,1021,tiempo,2000,60,0,si,urgentes,894,4800,21600.00,360.0000,si,,,,117327.00,19150,886,794,794,100.00,0,119,0,2006.3,2060.3,1651,128000,0,330,447,12.081,26,0,0,0,3,249797,NO_EVALUABLE,0,16.0,LAPTOP-OMI6BJ6L,45a097c1b95bf1ad3f27d32ddffdc4ee8014640d7d379ca3df7bcd8b6f73c49a,b8d9ed2fd9f5011c1e05f5a5f6588b283367d7395a7bcc57ef6887d4ded60e12,60.0,200.0,11,120.0000,ventanas,20260911
40,simulacion,SIM_5D,MEDIA,98,1296,propio,ventas.202611.txt,ventas.202609.txt,bloqueo.2609.txt,,TABU,17,1017,tiempo,2000,60,0,,urgentes,1104,6152,27136.00,452.2667,no,c3519-L4153 (c3519-L4153~2),,llegada tardía (planificada),156750.00,26039,1068,951,952,99.89,0,116,0,2001.7,2063.7,178657,1167815,0,30,615,16.622,36,0,0,0,39,251866,NO_EVALUABLE,0,16.0,LAPTOP-OMI6BJ6L,45a097c1b95bf1ad3f27d32ddffdc4ee8014640d7d379ca3df7bcd8b6f73c49a,b8d9ed2fd9f5011c1e05f5a5f6588b283367d7395a7bcc57ef6887d4ded60e12,60.0,200.0,15,116.2667,ventanas,20261115
41,simulacion,SIM_5D,BAJA,78,1296,propio,ventas.202610.txt,ventas.202609.txt,bloqueo.2609.txt,,AG,13,1013,tiempo,2000,60,0,si,urgentes,1034,5427,7582.00,126.3667,no,c7742-L969 (c7742-L969),,destino bloqueado,58393.00,9850,482,392,393,99.75,0,54,0,2020.9,2131.8,589,53355,0,122,241,6.514,16,0,0,0,6,120311,NO_EVALUABLE,0,16.0,LAPTOP-OMI6BJ6L,45a097c1b95bf1ad3f27d32ddffdc4ee8014640d7d379ca3df7bcd8b6f73c49a,b8d9ed2fd9f5011c1e05f5a5f6588b283367d7395a7bcc57ef6887d4ded60e12,60.0,200.0,4,54.3667,ventanas,20261004
42,simulacion,SIM_5D,BAJA,78,1296,propio,ventas.202609.txt,ventas.202609.txt,bloqueo.2609.txt,,AG,27,1027,tiempo,2000,60,0,si,urgentes,884,4800,20160.00,336.0000,si,,,,120236.00,19498,873,793,793,100.00,0,119,0,2006.6,2066.1,1958,165961,0,407,446,12.054,27,0,0,0,10,250000,NO_EVALUABLE,0,16.0,LAPTOP-OMI6BJ6L,45a097c1b95bf1ad3f27d32ddffdc4ee8014640d7d379ca3df7bcd8b6f73c49a,b8d9ed2fd9f5011c1e05f5a5f6588b283367d7395a7bcc57ef6887d4ded60e12,60.0,200.0,10,120.0000,ventanas,20260910
43,simulacion,SIM_5D,MEDIA,98,1296,propio,ventas.202612.txt,ventas.202609.txt,bloqueo.2609.txt,,AG,4,1004,tiempo,2000,60,0,si,urgentes,1066,5944,17280.00,288.0000,si,,,,154786.00,25402,1058,979,979,100.00,0,119,0,2025.9,2292.4,894,80416,0,256,587,15.865,25,0,0,0,42,269032,NO_EVALUABLE,0,16.0,LAPTOP-OMI6BJ6L,45a097c1b95bf1ad3f27d32ddffdc4ee8014640d7d379ca3df7bcd8b6f73c49a,b8d9ed2fd9f5011c1e05f5a5f6588b283367d7395a7bcc57ef6887d4ded60e12,60.0,200.0,8,120.0000,ventanas,20261208
44,simulacion,SIM_5D,MEDIA,98,1296,propio,ventas.202611.txt,ventas.202609.txt,bloqueo.2609.txt,,AG,14,1014,tiempo,2000,60,0,si,urgentes,1101,6115,28311.00,471.8500,no,c6031-L4314 (c6031-L4314),,destino bloqueado,106670.00,17561,767,685,686,99.85,0,87,0,2013.8,2100.0,1150,98014,0,142,424,11.459,24,0,0,0,29,189842,NO_EVALUABLE,0,16.0,LAPTOP-OMI6BJ6L,45a097c1b95bf1ad3f27d32ddffdc4ee8014640d7d379ca3df7bcd8b6f73c49a,b8d9ed2fd9f5011c1e05f5a5f6588b283367d7395a7bcc57ef6887d4ded60e12,60.0,200.0,17,87.8500,ventanas,20261117
45,simulacion,SIM_5D,BAJA,78,1296,propio,ventas.202609.txt,ventas.202609.txt,bloqueo.2609.txt,,AG,29,1029,tiempo,2000,60,0,si,urgentes,795,4472,11520.00,192.0000,si,,,,111337.00,18237,790,727,727,100.00,0,119,0,2008.4,2096.0,1898,160919,0,279,430,11.622,30,0,0,0,13,254031,NO_EVALUABLE,0,16.0,LAPTOP-OMI6BJ6L,45a097c1b95bf1ad3f27d32ddffdc4ee8014640d7d379ca3df7bcd8b6f73c49a,b8d9ed2fd9f5011c1e05f5a5f6588b283367d7395a7bcc57ef6887d4ded60e12,60.0,200.0,4,120.0000,ventanas,20260904
46,simulacion,SIM_5D,BAJA,78,1296,propio,ventas.202610.txt,ventas.202609.txt,bloqueo.2609.txt,,TABU,40,1040,tiempo,2000,60,0,,urgentes,911,5074,34560.00,576.0000,si,,,,127278.00,20991,900,807,807,100.00,0,119,0,2000.9,2067.8,271108,1756759,0,30,500,13.514,29,0,0,0,18,251430,NO_EVALUABLE,0,16.0,LAPTOP-OMI6BJ6L,45a097c1b95bf1ad3f27d32ddffdc4ee8014640d7d379ca3df7bcd8b6f73c49a,b8d9ed2fd9f5011c1e05f5a5f6588b283367d7395a7bcc57ef6887d4ded60e12,60.0,200.0,20,120.0000,ventanas,20261020
47,simulacion,SIM_5D,ALTA,115,1296,propio,ventas.202701.txt,ventas.202609.txt,bloqueo.2609.txt,,AG,23,1023,tiempo,2000,60,0,si,urgentes,1295,7036,8436.00,140.6000,no,c7321-L1521 (c7321-L1521~1),TA04,destino bloqueado,105353.00,17682,777,625,626,99.84,0,68,0,2054.5,2252.5,629,67727,0,148,411,11.108,20,0,0,0,51,160626,NO_EVALUABLE,0,16.0,LAPTOP-OMI6BJ6L,45a097c1b95bf1ad3f27d32ddffdc4ee8014640d7d379ca3df7bcd8b6f73c49a,b8d9ed2fd9f5011c1e05f5a5f6588b283367d7395a7bcc57ef6887d4ded60e12,60.0,200.0,4,68.6000,ventanas,20270104
48,simulacion,SIM_5D,ALTA,115,1296,propio,ventas.202702.txt,ventas.202609.txt,bloqueo.2609.txt,,AG,28,1028,tiempo,2000,60,0,si,urgentes,1456,8318,8741.00,145.6833,no,c7702-L1612 (c7702-L1612),,llegada tardía (planificada),118442.00,19663,858,706,707,99.86,0,73,0,2113.3,2491.6,494,52037,0,45,464,12.541,25,0,0,0,67,184811,NO_EVALUABLE,0,16.0,LAPTOP-OMI6BJ6L,45a097c1b95bf1ad3f27d32ddffdc4ee8014640d7d379ca3df7bcd8b6f73c49a,b8d9ed2fd9f5011c1e05f5a5f6588b283367d7395a7bcc57ef6887d4ded60e12,60.0,200.0,4,73.6833,ventanas,20270204
49,simulacion,SIM_5D,BAJA,78,1296,propio,ventas.202609.txt,ventas.202609.txt,bloqueo.2609.txt,,TABU,15,1015,tiempo,2000,60,0,,urgentes,810,4530,12960.00,216.0000,si,,,,118294.00,19291,800,734,734,100.00,0,119,0,2002.9,2067.7,244045,1689432,0,47,456,12.324,32,0,0,0,21,254366,NO_EVALUABLE,0,16.0,LAPTOP-OMI6BJ6L,45a097c1b95bf1ad3f27d32ddffdc4ee8014640d7d379ca3df7bcd8b6f73c49a,b8d9ed2fd9f5011c1e05f5a5f6588b283367d7395a7bcc57ef6887d4ded60e12,60.0,200.0,5,120.0000,ventanas,20260905
50,simulacion,SIM_5D,MEDIA,98,1296,propio,ventas.202611.txt,ventas.202609.txt,bloqueo.2609.txt,,TABU,9,1009,tiempo,2000,60,0,,urgentes,1057,5766,8640.00,144.0000,si,,,,153100.00,25061,1049,941,941,100.00,0,119,0,2003.3,2086.1,177613,1165966,0,69,576,15.568,35,0,0,0,35,263586,NO_EVALUABLE,0,16.0,LAPTOP-OMI6BJ6L,45a097c1b95bf1ad3f27d32ddffdc4ee8014640d7d379ca3df7bcd8b6f73c49a,b8d9ed2fd9f5011c1e05f5a5f6588b283367d7395a7bcc57ef6887d4ded60e12,60.0,200.0,2,120.0000,ventanas,20261102
51,simulacion,SIM_5D,BAJA,78,1296,propio,ventas.202610.txt,ventas.202609.txt,bloqueo.2609.txt,,TABU,35,1035,tiempo,2000,60,0,,urgentes,968,5198,12227.00,203.7833,no,c9927-L1587 (c9927-L1587),TB06,llegada tardía (a bordo),63630.00,10491,493,412,413,99.76,0,59,0,2001.1,2049.8,137355,948548,0,26,246,6.649,14,0,0,0,12,126708,NO_EVALUABLE,0,16.0,LAPTOP-OMI6BJ6L,45a097c1b95bf1ad3f27d32ddffdc4ee8014640d7d379ca3df7bcd8b6f73c49a,b8d9ed2fd9f5011c1e05f5a5f6588b283367d7395a7bcc57ef6887d4ded60e12,60.0,200.0,7,59.7833,ventanas,20261007
52,simulacion,SIM_5D,MEDIA,98,1296,propio,ventas.202612.txt,ventas.202609.txt,bloqueo.2609.txt,,TABU,27,1027,tiempo,2000,60,0,,urgentes,1146,6309,18771.00,312.8500,no,c7282-L2869 (c7282-L2869~2),TB12,destino bloqueado,130403.00,21577,903,789,790,99.87,0,96,0,2003.0,2084.6,105851,742148,0,28,494,13.351,30,0,0,0,52,222905,NO_EVALUABLE,0,16.0,LAPTOP-OMI6BJ6L,45a097c1b95bf1ad3f27d32ddffdc4ee8014640d7d379ca3df7bcd8b6f73c49a,b8d9ed2fd9f5011c1e05f5a5f6588b283367d7395a7bcc57ef6887d4ded60e12,60.0,200.0,10,96.8500,ventanas,20261210
53,simulacion,SIM_5D,MEDIA,98,1296,propio,ventas.202612.txt,ventas.202609.txt,bloqueo.2609.txt,,AG,32,1032,tiempo,2000,60,0,si,urgentes,1302,7090,22924.00,382.0667,no,c9880-L3652 (c9880-L3652~2),,llegada tardía (planificada),95973.00,15603,746,592,593,99.83,0,70,0,2123.1,2584.8,745,70439,0,121,367,9.919,20,0,0,0,37,177397,NO_EVALUABLE,0,16.0,LAPTOP-OMI6BJ6L,45a097c1b95bf1ad3f27d32ddffdc4ee8014640d7d379ca3df7bcd8b6f73c49a,b8d9ed2fd9f5011c1e05f5a5f6588b283367d7395a7bcc57ef6887d4ded60e12,60.0,200.0,14,70.0667,ventanas,20261214
54,simulacion,SIM_5D,ALTA,115,1296,propio,ventas.202702.txt,ventas.202609.txt,bloqueo.2609.txt,,TABU,1,1001,tiempo,2000,60,0,,urgentes,1374,8019,3737.00,62.2833,no,c6321-L636 (c6321-L636),,destino bloqueado,46567.00,7717,419,291,292,99.66,0,38,0,2005.4,2059.7,68598,517917,0,8,196,5.297,12,0,0,0,17,85876,NO_EVALUABLE,0,16.0,LAPTOP-OMI6BJ6L,45a097c1b95bf1ad3f27d32ddffdc4ee8014640d7d379ca3df7bcd8b6f73c49a,b8d9ed2fd9f5011c1e05f5a5f6588b283367d7395a7bcc57ef6887d4ded60e12,60.0,200.0,2,38.2833,ventanas,20270202
55,simulacion,SIM_5D,ALTA,115,1296,propio,ventas.202702.txt,ventas.202609.txt,bloqueo.2609.txt,,AG,11,1011,tiempo,2000,60,0,si,urgentes,1423,7874,20483.00,341.3833,no,c3182-L3911 (c3182-L3911),,llegada tardía (planificada),78217.00,12922,611,465,466,99.79,0,54,0,2108.1,2436.5,1164,116924,0,143,299,8.081,13,0,0,0,47,138639,NO_EVALUABLE,0,16.0,LAPTOP-OMI6BJ6L,45a097c1b95bf1ad3f27d32ddffdc4ee8014640d7d379ca3df7bcd8b6f73c49a,b8d9ed2fd9f5011c1e05f5a5f6588b283367d7395a7bcc57ef6887d4ded60e12,60.0,200.0,13,53.3833,ventanas,20270213
56,simulacion,SIM_5D,ALTA,115,1296,propio,ventas.202702.txt,ventas.202609.txt,bloqueo.2609.txt,,AG,9,1009,tiempo,2000,60,0,si,urgentes,1395,7695,19035.00,317.2500,no,c9203-L3604 (c9203-L3604~1),TA09,llegada tardía (a bordo),123314.00,20377,884,737,738,99.86,0,77,0,2106.4,2367.9,450,44924,0,14,474,12.811,25,0,0,0,47,198675,NO_EVALUABLE,0,16.0,LAPTOP-OMI6BJ6L,45a097c1b95bf1ad3f27d32ddffdc4ee8014640d7d379ca3df7bcd8b6f73c49a,b8d9ed2fd9f5011c1e05f5a5f6588b283367d7395a7bcc57ef6887d4ded60e12,60.0,200.0,11,77.2500,ventanas,20270211
57,simulacion,SIM_5D,BAJA,78,1296,propio,ventas.202609.txt,ventas.202609.txt,bloqueo.2609.txt,,AG,11,1011,tiempo,2000,60,0,si,urgentes,833,4673,15840.00,264.0000,si,,,,119237.00,19507,825,755,755,100.00,0,119,0,2009.8,2093.8,2195,198946,0,400,462,12.486,25,0,0,0,11,253519,NO_EVALUABLE,0,16.0,LAPTOP-OMI6BJ6L,45a097c1b95bf1ad3f27d32ddffdc4ee8014640d7d379ca3df7bcd8b6f73c49a,b8d9ed2fd9f5011c1e05f5a5f6588b283367d7395a7bcc57ef6887d4ded60e12,60.0,200.0,7,120.0000,ventanas,20260907
58,simulacion,SIM_5D,BAJA,78,1296,propio,ventas.202610.txt,ventas.202609.txt,bloqueo.2609.txt,,TABU,19,1019,tiempo,2000,60,0,,urgentes,932,5134,37440.00,624.0000,si,,,,132781.00,22239,927,864,864,100.00,0,119,0,2000.9,2034.6,195604,1216649,0,27,545,14.730,33,0,0,0,12,258528,NO_EVALUABLE,0,16.0,LAPTOP-OMI6BJ6L,45a097c1b95bf1ad3f27d32ddffdc4ee8014640d7d379ca3df7bcd8b6f73c49a,b8d9ed2fd9f5011c1e05f5a5f6588b283367d7395a7bcc57ef6887d4ded60e12,60.0,200.0,22,120.0000,ventanas,20261022
59,simulacion,SIM_5D,MEDIA,98,1296,propio,ventas.202611.txt,ventas.202609.txt,bloqueo.2609.txt,,AG,23,1023,tiempo,2000,60,0,si,urgentes,1039,5730,10080.00,168.0000,si,,,,148510.00,24352,1032,934,934,100.00,0,119,0,2020.5,2232.1,1158,97833,0,368,542,14.649,30,0,0,0,43,260562,NO_EVALUABLE,0,16.0,LAPTOP-OMI6BJ6L,45a097c1b95bf1ad3f27d32ddffdc4ee8014640d7d379ca3df7bcd8b6f73c49a,b8d9ed2fd9f5011c1e05f5a5f6588b283367d7395a7bcc57ef6887d4ded60e12,60.0,200.0,3,120.0000,ventanas,20261103
60,simulacion,SIM_5D,ALTA,115,1296,propio,ventas.202701.txt,ventas.202609.txt,bloqueo.2609.txt,,AG,16,1016,tiempo,2000,60,0,si,urgentes,1305,7266,25748.00,429.1333,no,c7589-L4644 (c7589-L4644),,llegada tardía (planificada),148243.00,24896,1022,876,877,99.89,0,93,0,2119.3,2644.4,338,34103,0,140,553,14.946,28,0,0,0,68,236787,NO_EVALUABLE,0,16.0,LAPTOP-OMI6BJ6L,45a097c1b95bf1ad3f27d32ddffdc4ee8014640d7d379ca3df7bcd8b6f73c49a,b8d9ed2fd9f5011c1e05f5a5f6588b283367d7395a7bcc57ef6887d4ded60e12,60.0,200.0,15,93.1333,ventanas,20270115
61,simulacion,SIM_5D,BAJA,78,1296,propio,ventas.202610.txt,ventas.202609.txt,bloqueo.2609.txt,,AG,24,1024,tiempo,2000,60,0,si,urgentes,950,5297,28800.00,480.0000,si,,,,134440.00,21891,945,878,878,100.00,0,119,0,2013.7,2128.2,1280,105038,0,337,515,13.919,27,0,0,0,11,257915,NO_EVALUABLE,0,16.0,LAPTOP-OMI6BJ6L,45a097c1b95bf1ad3f27d32ddffdc4ee8014640d7d379ca3df7bcd8b6f73c49a,b8d9ed2fd9f5011c1e05f5a5f6588b283367d7395a7bcc57ef6887d4ded60e12,60.0,200.0,16,120.0000,ventanas,20261016
62,simulacion,SIM_5D,ALTA,115,1296,propio,ventas.202701.txt,ventas.202609.txt,bloqueo.2609.txt,,AG,25,1025,tiempo,2000,60,0,si,urgentes,1265,7010,21065.00,351.0833,no,c1821-L3755 (c1821-L3755),,destino bloqueado,81566.00,13595,629,506,507,99.80,0,63,0,2109.3,2347.1,434,50382,0,94,329,8.892,20,0,0,0,23,159212,NO_EVALUABLE,1,16.0,LAPTOP-OMI6BJ6L,45a097c1b95bf1ad3f27d32ddffdc4ee8014640d7d379ca3df7bcd8b6f73c49a,b8d9ed2fd9f5011c1e05f5a5f6588b283367d7395a7bcc57ef6887d4ded60e12,60.0,200.0,13,63.0833,ventanas,20270113
63,simulacion,SIM_5D,BAJA,78,1296,propio,ventas.202610.txt,ventas.202609.txt,bloqueo.2609.txt,,AG,23,1023,tiempo,2000,60,0,si,urgentes,985,5218,5655.00,94.2500,no,c5804-L706 (c5804-L706),TA01,llegada tardía (a bordo),69462.00,11395,561,456,457,99.78,0,70,0,2036.5,2259.7,1346,127780,0,173,279,7.541,18,0,0,0,22,157829,NO_EVALUABLE,0,16.0,LAPTOP-OMI6BJ6L,45a097c1b95bf1ad3f27d32ddffdc4ee8014640d7d379ca3df7bcd8b6f73c49a,b8d9ed2fd9f5011c1e05f5a5f6588b283367d7395a7bcc57ef6887d4ded60e12,60.0,200.0,2,70.2500,ventanas,20261002
64,simulacion,SIM_5D,MEDIA,98,1296,propio,ventas.202611.txt,ventas.202609.txt,bloqueo.2609.txt,,AG,11,1011,tiempo,2000,60,0,si,urgentes,1129,6248,12288.00,204.8000,no,c3410-L1768 (c3410-L1768~1),TA09,llegada tardía (a bordo),109380.00,18014,789,682,683,99.85,0,84,0,2019.5,2105.8,501,52291,0,234,420,11.351,22,0,0,0,32,189421,NO_EVALUABLE,0,16.0,LAPTOP-OMI6BJ6L,45a097c1b95bf1ad3f27d32ddffdc4ee8014640d7d379ca3df7bcd8b6f73c49a,b8d9ed2fd9f5011c1e05f5a5f6588b283367d7395a7bcc57ef6887d4ded60e12,60.0,200.0,6,84.8000,ventanas,20261106
65,simulacion,SIM_5D,BAJA,78,1296,propio,ventas.202609.txt,ventas.202609.txt,bloqueo.2609.txt,,AG,7,1007,tiempo,2000,60,0,si,urgentes,940,5143,37440.00,624.0000,si,,,,132514.00,22113,928,836,836,100.00,0,119,0,2018.5,2116.7,1245,103237,0,229,514,13.892,39,0,0,0,21,266750,NO_EVALUABLE,0,16.0,LAPTOP-OMI6BJ6L,45a097c1b95bf1ad3f27d32ddffdc4ee8014640d7d379ca3df7bcd8b6f73c49a,b8d9ed2fd9f5011c1e05f5a5f6588b283367d7395a7bcc57ef6887d4ded60e12,60.0,200.0,22,120.0000,ventanas,20260922
66,simulacion,SIM_5D,ALTA,115,1296,propio,ventas.202702.txt,ventas.202609.txt,bloqueo.2609.txt,,TABU,8,1008,tiempo,2000,60,0,,urgentes,1431,8270,3737.00,62.2833,no,c6321-L636 (c6321-L636),,destino bloqueado,10777.00,1693,154,74,75,98.67,0,14,0,1999.2,2002.1,46373,359024,0,25,48,1.297,3,0,0,0,1,29464,NO_EVALUABLE,0,16.0,LAPTOP-OMI6BJ6L,45a097c1b95bf1ad3f27d32ddffdc4ee8014640d7d379ca3df7bcd8b6f73c49a,b8d9ed2fd9f5011c1e05f5a5f6588b283367d7395a7bcc57ef6887d4ded60e12,60.0,200.0,3,14.2833,ventanas,20270203
67,simulacion,SIM_5D,ALTA,115,1296,propio,ventas.202701.txt,ventas.202609.txt,bloqueo.2609.txt,,AG,7,1007,tiempo,2000,60,0,si,urgentes,1253,6908,17045.00,284.0833,no,c9968-L3081 (c9968-L3081~1),TA04,llegada tardía (a bordo),56929.00,9407,481,347,348,99.71,0,44,0,2063.2,2172.8,332,33537,0,71,218,5.892,14,0,0,0,18,108336,NO_EVALUABLE,0,16.0,LAPTOP-OMI6BJ6L,45a097c1b95bf1ad3f27d32ddffdc4ee8014640d7d379ca3df7bcd8b6f73c49a,b8d9ed2fd9f5011c1e05f5a5f6588b283367d7395a7bcc57ef6887d4ded60e12,60.0,200.0,11,44.0833,ventanas,20270111
68,simulacion,SIM_5D,ALTA,115,1296,propio,ventas.202702.txt,ventas.202609.txt,bloqueo.2609.txt,,AG,1,1001,tiempo,2000,60,0,si,urgentes,1374,8019,3737.00,62.2833,no,c6321-L636 (c6321-L636),,destino bloqueado,44498.00,7374,419,277,278,99.64,0,38,0,2046.7,2284.8,404,51066,0,64,179,4.838,13,0,0,0,32,91170,NO_EVALUABLE,0,16.0,LAPTOP-OMI6BJ6L,45a097c1b95bf1ad3f27d32ddffdc4ee8014640d7d379ca3df7bcd8b6f73c49a,b8d9ed2fd9f5011c1e05f5a5f6588b283367d7395a7bcc57ef6887d4ded60e12,60.0,200.0,2,38.2833,ventanas,20270202
69,simulacion,SIM_5D,ALTA,115,1296,propio,ventas.202701.txt,ventas.202609.txt,bloqueo.2609.txt,,AG,26,1026,tiempo,2000,60,0,si,urgentes,1317,7145,14400.00,240.0000,si,,,,183996.00,30518,1303,1161,1161,100.00,0,119,0,2185.9,2744.9,533,58470,0,52,714,19.297,36,0,0,0,71,330882,NO_EVALUABLE,0,16.0,LAPTOP-OMI6BJ6L,45a097c1b95bf1ad3f27d32ddffdc4ee8014640d7d379ca3df7bcd8b6f73c49a,b8d9ed2fd9f5011c1e05f5a5f6588b283367d7395a7bcc57ef6887d4ded60e12,60.0,200.0,6,120.0000,ventanas,20270106
70,simulacion,SIM_5D,BAJA,78,1296,propio,ventas.202610.txt,ventas.202609.txt,bloqueo.2609.txt,,AG,26,1026,tiempo,2000,60,0,si,urgentes,938,5150,29155.00,485.9167,no,c4704-L3903 (c4704-L3903),,destino bloqueado,2045.00,312,43,15,16,93.75,0,5,0,2000.0,2001.6,474,62361,0,5,12,0.324,1,0,0,0,0,10249,NO_EVALUABLE,0,16.0,LAPTOP-OMI6BJ6L,45a097c1b95bf1ad3f27d32ddffdc4ee8014640d7d379ca3df7bcd8b6f73c49a,b8d9ed2fd9f5011c1e05f5a5f6588b283367d7395a7bcc57ef6887d4ded60e12,60.0,200.0,21,5.9167,ventanas,20261021
71,simulacion,SIM_5D,ALTA,115,1296,propio,ventas.202701.txt,ventas.202609.txt,bloqueo.2609.txt,,AG,5,1005,tiempo,2000,60,0,si,urgentes,1252,6929,20968.00,349.4667,no,c3456-L3736 (c3456-L3736~1),TA04,llegada tardía (a bordo),121245.00,20192,870,755,756,99.87,0,85,0,2132.1,2352.6,225,26085,0,62,468,12.649,26,0,0,0,54,224779,NO_EVALUABLE,1,16.0,LAPTOP-OMI6BJ6L,45a097c1b95bf1ad3f27d32ddffdc4ee8014640d7d379ca3df7bcd8b6f73c49a,b8d9ed2fd9f5011c1e05f5a5f6588b283367d7395a7bcc57ef6887d4ded60e12,60.0,200.0,12,85.4667,ventanas,20270112
72,simulacion,SIM_5D,MEDIA,98,1296,propio,ventas.202612.txt,ventas.202609.txt,bloqueo.2609.txt,,TABU,2,1002,tiempo,2000,60,0,,urgentes,1238,6657,30240.00,504.0000,si,,,,183333.00,30981,1232,1138,1138,100.00,0,120,0,2004.9,2098.6,122824,907406,0,19,695,18.784,38,0,0,0,51,286288,NO_EVALUABLE,0,16.0,LAPTOP-OMI6BJ6L,45a097c1b95bf1ad3f27d32ddffdc4ee8014640d7d379ca3df7bcd8b6f73c49a,b8d9ed2fd9f5011c1e05f5a5f6588b283367d7395a7bcc57ef6887d4ded60e12,60.0,200.0,17,120.0000,ventanas,20261217
73,simulacion,SIM_5D,BAJA,78,1296,propio,ventas.202610.txt,ventas.202609.txt,bloqueo.2609.txt,,AG,17,1017,tiempo,2000,60,0,si,urgentes,912,5044,29155.00,485.9167,no,c4704-L3903 (c4704-L3903),,destino bloqueado,80514.00,13032,597,513,514,99.81,0,77,0,2015.9,2075.5,813,74547,0,156,304,8.216,21,0,0,0,4,167267,NO_EVALUABLE,0,16.0,LAPTOP-OMI6BJ6L,45a097c1b95bf1ad3f27d32ddffdc4ee8014640d7d379ca3df7bcd8b6f73c49a,b8d9ed2fd9f5011c1e05f5a5f6588b283367d7395a7bcc57ef6887d4ded60e12,60.0,200.0,18,77.9167,ventanas,20261018
74,simulacion,SIM_5D,MEDIA,98,1296,propio,ventas.202612.txt,ventas.202609.txt,bloqueo.2609.txt,,AG,19,1019,tiempo,2000,60,0,si,urgentes,1153,6499,12960.00,216.0000,si,,,,170820.00,28247,1141,1053,1053,100.00,0,119,0,2039.8,2337.3,782,67297,0,215,645,17.432,37,0,0,0,87,271735,NO_EVALUABLE,0,16.0,LAPTOP-OMI6BJ6L,45a097c1b95bf1ad3f27d32ddffdc4ee8014640d7d379ca3df7bcd8b6f73c49a,b8d9ed2fd9f5011c1e05f5a5f6588b283367d7395a7bcc57ef6887d4ded60e12,60.0,200.0,5,120.0000,ventanas,20261205
75,simulacion,SIM_5D,BAJA,78,1296,propio,ventas.202609.txt,ventas.202609.txt,bloqueo.2609.txt,,AG,1,1001,tiempo,2000,60,0,si,urgentes,912,4890,24480.00,408.0000,si,,,,124837.00,20333,910,827,827,100.00,0,119,0,2022.7,2227.6,1393,120275,0,291,471,12.730,25,0,0,0,21,261460,NO_EVALUABLE,0,16.0,LAPTOP-OMI6BJ6L,45a097c1b95bf1ad3f27d32ddffdc4ee8014640d7d379ca3df7bcd8b6f73c49a,b8d9ed2fd9f5011c1e05f5a5f6588b283367d7395a7bcc57ef6887d4ded60e12,60.0,200.0,13,120.0000,ventanas,20260913
76,simulacion,SIM_5D,ALTA,115,1296,propio,ventas.202701.txt,ventas.202609.txt,bloqueo.2609.txt,,TABU,20,1020,tiempo,2000,60,0,,urgentes,1261,6904,17045.00,284.0833,no,c9968-L3081 (c9968-L3081~1),TA09,llegada tardía (a bordo),99450.00,16836,741,606,607,99.84,0,68,0,2002.3,2024.8,56544,427759,0,11,383,10.351,19,0,0,0,34,172103,NO_EVALUABLE,0,16.0,LAPTOP-OMI6BJ6L,45a097c1b95bf1ad3f27d32ddffdc4ee8014640d7d379ca3df7bcd8b6f73c49a,b8d9ed2fd9f5011c1e05f5a5f6588b283367d7395a7bcc57ef6887d4ded60e12,60.0,200.0,10,68.0833,ventanas,20270110
77,simulacion,SIM_5D,BAJA,78,1296,propio,ventas.202609.txt,ventas.202609.txt,bloqueo.2609.txt,,TABU,27,1027,tiempo,2000,60,0,,urgentes,884,4800,20160.00,336.0000,si,,,,125452.00,21200,873,801,801,100.00,0,119,0,2003.5,2067.7,230793,1434689,0,16,501,13.541,36,0,0,0,2,252517,NO_EVALUABLE,0,16.0,LAPTOP-OMI6BJ6L,45a097c1b95bf1ad3f27d32ddffdc4ee8014640d7d379ca3df7bcd8b6f73c49a,b8d9ed2fd9f5011c1e05f5a5f6588b283367d7395a7bcc57ef6887d4ded60e12,60.0,200.0,10,120.0000,ventanas,20260910
78,simulacion,SIM_5D,ALTA,115,1296,propio,ventas.202701.txt,ventas.202609.txt,bloqueo.2609.txt,,TABU,24,1024,tiempo,2000,60,0,,urgentes,1316,7072,14699.00,244.9833,no,c3275-L2661 (c3275-L2661~2),TB11,llegada tardía (a bordo),110491.00,18747,841,698,699,99.86,0,76,0,2004.2,2078.2,88082,692742,0,34,453,12.243,23,0,0,0,43,197533,NO_EVALUABLE,0,16.0,LAPTOP-OMI6BJ6L,45a097c1b95bf1ad3f27d32ddffdc4ee8014640d7d379ca3df7bcd8b6f73c49a,b8d9ed2fd9f5011c1e05f5a5f6588b283367d7395a7bcc57ef6887d4ded60e12,60.0,200.0,8,76.9833,ventanas,20270108
79,simulacion,SIM_5D,MEDIA,98,1296,propio,ventas.202611.txt,ventas.202609.txt,bloqueo.2609.txt,,AG,5,1005,tiempo,2000,60,0,si,urgentes,1085,6010,12960.00,216.0000,si,,,,156413.00,25914,1076,981,981,100.00,0,119,0,2027.6,2175.5,1105,101292,0,160,589,15.919,32,0,0,0,42,267646,NO_EVALUABLE,1,16.0,LAPTOP-OMI6BJ6L,45a097c1b95bf1ad3f27d32ddffdc4ee8014640d7d379ca3df7bcd8b6f73c49a,b8d9ed2fd9f5011c1e05f5a5f6588b283367d7395a7bcc57ef6887d4ded60e12,60.0,200.0,5,120.0000,ventanas,20261105
80,simulacion,SIM_5D,BAJA,78,1296,propio,ventas.202610.txt,ventas.202609.txt,bloqueo.2609.txt,,AG,8,1008,tiempo,2000,60,0,si,urgentes,1010,5640,23040.00,384.0000,si,,,,145328.00,23744,1002,916,916,100.00,0,119,0,2028.0,2286.4,853,96281,0,289,561,15.162,27,0,0,0,18,270078,NO_EVALUABLE,0,16.0,LAPTOP-OMI6BJ6L,45a097c1b95bf1ad3f27d32ddffdc4ee8014640d7d379ca3df7bcd8b6f73c49a,b8d9ed2fd9f5011c1e05f5a5f6588b283367d7395a7bcc57ef6887d4ded60e12,60.0,200.0,12,120.0000,ventanas,20261012
81,simulacion,SIM_5D,BAJA,78,1296,propio,ventas.202610.txt,ventas.202609.txt,bloqueo.2609.txt,,TABU,4,1004,tiempo,2000,60,0,,urgentes,1017,5348,7582.00,126.3667,no,c7742-L969 (c7742-L969),,destino bloqueado,85972.00,14666,671,568,569,99.82,0,78,0,2003.5,2061.2,131899,945164,0,23,348,9.405,25,0,0,0,11,175119,NO_EVALUABLE,0,16.0,LAPTOP-OMI6BJ6L,45a097c1b95bf1ad3f27d32ddffdc4ee8014640d7d379ca3df7bcd8b6f73c49a,b8d9ed2fd9f5011c1e05f5a5f6588b283367d7395a7bcc57ef6887d4ded60e12,60.0,200.0,3,78.3667,ventanas,20261003
82,simulacion,SIM_5D,BAJA,78,1296,propio,ventas.202610.txt,ventas.202609.txt,bloqueo.2609.txt,,AG,9,1009,tiempo,2000,60,0,si,urgentes,982,5365,17280.00,288.0000,si,,,,136009.00,22948,973,887,887,100.00,0,119,0,2018.4,2108.0,1009,100017,0,316,539,14.568,37,0,0,0,23,263798,NO_EVALUABLE,0,16.0,LAPTOP-OMI6BJ6L,45a097c1b95bf1ad3f27d32ddffdc4ee8014640d7d379ca3df7bcd8b6f73c49a,b8d9ed2fd9f5011c1e05f5a5f6588b283367d7395a7bcc57ef6887d4ded60e12,60.0,200.0,8,120.0000,ventanas,20261008
83,simulacion,SIM_5D,ALTA,115,1296,propio,ventas.202701.txt,ventas.202609.txt,bloqueo.2609.txt,,TABU,17,1017,tiempo,2000,60,0,,urgentes,1306,7098,6739.00,112.3167,no,c1132-L1195 (c1132-L1195),TM04,llegada tardía (a bordo),88043.00,14482,697,547,548,99.82,0,64,0,2006.8,2081.8,92857,632889,0,21,345,9.324,20,0,0,0,26,142687,NO_EVALUABLE,0,16.0,LAPTOP-OMI6BJ6L,45a097c1b95bf1ad3f27d32ddffdc4ee8014640d7d379ca3df7bcd8b6f73c49a,b8d9ed2fd9f5011c1e05f5a5f6588b283367d7395a7bcc57ef6887d4ded60e12,60.0,200.0,3,64.3167,ventanas,20270103
84,simulacion,SIM_5D,ALTA,115,1296,propio,ventas.202701.txt,ventas.202609.txt,bloqueo.2609.txt,,TABU,26,1026,tiempo,2000,60,0,,urgentes,1317,7145,14400.00,240.0000,si,,,,187966.00,31558,1303,1165,1165,100.00,0,119,0,2003.6,2053.6,94152,653667,0,14,751,20.297,39,0,0,0,73,302612,NO_EVALUABLE,0,16.0,LAPTOP-OMI6BJ6L,45a097c1b95bf1ad3f27d32ddffdc4ee8014640d7d379ca3df7bcd8b6f73c49a,b8d9ed2fd9f5011c1e05f5a5f6588b283367d7395a7bcc57ef6887d4ded60e12,60.0,200.0,6,120.0000,ventanas,20270106
85,simulacion,SIM_5D,ALTA,115,1296,propio,ventas.202702.txt,ventas.202609.txt,bloqueo.2609.txt,,AG,15,1015,tiempo,2000,60,0,si,urgentes,1341,7440,15912.00,265.2000,no,c4632-L3045 (c4632-L3045),,llegada tardía (planificada),112698.00,18675,846,682,683,99.85,0,73,0,2160.1,2478.1,419,43452,0,117,446,12.054,23,0,0,0,52,197400,NO_EVALUABLE,0,16.0,LAPTOP-OMI6BJ6L,45a097c1b95bf1ad3f27d32ddffdc4ee8014640d7d379ca3df7bcd8b6f73c49a,b8d9ed2fd9f5011c1e05f5a5f6588b283367d7395a7bcc57ef6887d4ded60e12,60.0,200.0,9,73.2000,ventanas,20270209
86,simulacion,SIM_5D,MEDIA,98,1296,propio,ventas.202611.txt,ventas.202609.txt,bloqueo.2609.txt,,TABU,5,1005,tiempo,2000,60,0,,urgentes,1085,6010,12960.00,216.0000,si,,,,161006.00,26766,1076,970,970,100.00,0,119,0,2004.1,2095.2,161793,1059208,0,36,609,16.459,39,0,0,0,32,266383,NO_EVALUABLE,1,16.0,LAPTOP-OMI6BJ6L,45a097c1b95bf1ad3f27d32ddffdc4ee8014640d7d379ca3df7bcd8b6f73c49a,b8d9ed2fd9f5011c1e05f5a5f6588b283367d7395a7bcc57ef6887d4ded60e12,60.0,200.0,5,120.0000,ventanas,20261105
87,simulacion,SIM_5D,BAJA,78,1296,propio,ventas.202609.txt,ventas.202609.txt,bloqueo.2609.txt,,TABU,29,1029,tiempo,2000,60,0,,urgentes,795,4472,11520.00,192.0000,si,,,,117546.00,19450,790,729,729,100.00,0,119,0,2002.2,2069.3,225597,1442435,0,41,458,12.378,30,0,0,0,11,254570,NO_EVALUABLE,0,16.0,LAPTOP-OMI6BJ6L,45a097c1b95bf1ad3f27d32ddffdc4ee8014640d7d379ca3df7bcd8b6f73c49a,b8d9ed2fd9f5011c1e05f5a5f6588b283367d7395a7bcc57ef6887d4ded60e12,60.0,200.0,4,120.0000,ventanas,20260904
88,simulacion,SIM_5D,MEDIA,98,1296,propio,ventas.202612.txt,ventas.202609.txt,bloqueo.2609.txt,,TABU,6,1006,tiempo,2000,60,0,,urgentes,1210,6786,9375.00,156.2500,no,c0324-L1470 (c0324-L1470),,llegada tardía (planificada),153864.00,25058,1089,954,955,99.90,0,108,0,2005.2,2082.8,137148,966018,0,17,581,15.703,37,0,0,0,70,244554,NO_EVALUABLE,0,16.0,LAPTOP-OMI6BJ6L,45a097c1b95bf1ad3f27d32ddffdc4ee8014640d7d379ca3df7bcd8b6f73c49a,b8d9ed2fd9f5011c1e05f5a5f6588b283367d7395a7bcc57ef6887d4ded60e12,60.0,200.0,3,108.2500,ventanas,20261203
89,simulacion,SIM_5D,BAJA,78,1296,propio,ventas.202609.txt,ventas.202609.txt,bloqueo.2609.txt,,AG,20,1020,tiempo,2000,60,0,si,urgentes,886,4907,34560.00,576.0000,si,,,,127214.00,21348,881,789,789,100.00,0,119,0,2014.3,2073.0,1687,155630,0,245,498,13.459,25,0,0,0,17,262459,NO_EVALUABLE,0,16.0,LAPTOP-OMI6BJ6L,45a097c1b95bf1ad3f27d32ddffdc4ee8014640d7d379ca3df7bcd8b6f73c49a,b8d9ed2fd9f5011c1e05f5a5f6588b283367d7395a7bcc57ef6887d4ded60e12,60.0,200.0,20,120.0000,ventanas,20260920
90,simulacion,SIM_5D,BAJA,78,1296,propio,ventas.202609.txt,ventas.202609.txt,bloqueo.2609.txt,,TABU,33,1033,tiempo,2000,60,0,,urgentes,871,4795,25920.00,432.0000,si,,,,126410.00,20896,870,797,797,100.00,0,119,0,2004.3,2080.0,205667,1351185,0,49,485,13.108,33,0,0,0,17,263231,NO_EVALUABLE,0,16.0,LAPTOP-OMI6BJ6L,45a097c1b95bf1ad3f27d32ddffdc4ee8014640d7d379ca3df7bcd8b6f73c49a,b8d9ed2fd9f5011c1e05f5a5f6588b283367d7395a7bcc57ef6887d4ded60e12,60.0,200.0,14,120.0000,ventanas,20260914
91,simulacion,SIM_5D,BAJA,78,1296,propio,ventas.202609.txt,ventas.202609.txt,bloqueo.2609.txt,,AG,2,1002,tiempo,2000,60,0,si,urgentes,878,4817,30240.00,504.0000,si,,,,122510.00,20454,875,794,794,100.00,0,119,0,2015.8,2134.5,1176,100796,0,263,457,12.351,22,0,0,0,12,262726,NO_EVALUABLE,0,16.0,LAPTOP-OMI6BJ6L,45a097c1b95bf1ad3f27d32ddffdc4ee8014640d7d379ca3df7bcd8b6f73c49a,b8d9ed2fd9f5011c1e05f5a5f6588b283367d7395a7bcc57ef6887d4ded60e12,60.0,200.0,17,120.0000,ventanas,20260917
92,simulacion,SIM_5D,BAJA,78,1296,propio,ventas.202610.txt,ventas.202609.txt,bloqueo.2609.txt,,TABU,23,1023,tiempo,2000,60,0,,urgentes,985,5218,2496.00,41.6000,no,c3612-L260 (c3612-L260),TM15,destino bloqueado,12958.00,2036,117,77,78,98.72,0,17,0,2006.6,2051.8,70809,576697,0,21,59,1.595,5,0,0,0,0,35272,NO_EVALUABLE,0,16.0,LAPTOP-OMI6BJ6L,45a097c1b95bf1ad3f27d32ddffdc4ee8014640d7d379ca3df7bcd8b6f73c49a,b8d9ed2fd9f5011c1e05f5a5f6588b283367d7395a7bcc57ef6887d4ded60e12,60.0,200.0,2,17.6000,ventanas,20261002
93,simulacion,SIM_5D,MEDIA,98,1296,propio,ventas.202612.txt,ventas.202609.txt,bloqueo.2609.txt,,AG,21,1021,tiempo,2000,60,0,si,urgentes,1137,6368,14400.00,240.0000,si,,,,164778.00,26955,1130,1013,1013,100.00,0,119,0,2035.1,2215.8,1084,100775,0,173,617,16.676,34,0,0,0,72,273347,NO_EVALUABLE,0,16.0,LAPTOP-OMI6BJ6L,45a097c1b95bf1ad3f27d32ddffdc4ee8014640d7d379ca3df7bcd8b6f73c49a,b8d9ed2fd9f5011c1e05f5a5f6588b283367d7395a7bcc57ef6887d4ded60e12,60.0,200.0,6,120.0000,ventanas,20261206
94,simulacion,SIM_5D,BAJA,78,1296,propio,ventas.202609.txt,ventas.202609.txt,bloqueo.2609.txt,,TABU,7,1007,tiempo,2000,60,0,,urgentes,940,5143,35273.00,587.8833,no,c6421-L4150 (c6421-L4150),TB04,llegada tardía (a bordo),87735.00,14588,642,540,541,99.82,0,83,0,2002.7,2050.6,148921,970564,0,40,349,9.432,22,0,0,0,5,183826,NO_EVALUABLE,0,16.0,LAPTOP-OMI6BJ6L,45a097c1b95bf1ad3f27d32ddffdc4ee8014640d7d379ca3df7bcd8b6f73c49a,b8d9ed2fd9f5011c1e05f5a5f6588b283367d7395a7bcc57ef6887d4ded60e12,60.0,200.0,22,83.8833,ventanas,20260922
95,simulacion,SIM_5D,MEDIA,98,1296,propio,ventas.202611.txt,ventas.202609.txt,bloqueo.2609.txt,,AG,7,1007,tiempo,2000,60,0,si,urgentes,1128,6294,27174.00,452.9000,no,c4625-L4159 (c4625-L4159~2),,llegada tardía (planificada),50281.00,7996,427,318,319,99.69,0,44,0,2009.1,2066.2,870,73391,0,67,197,5.324,13,0,0,0,19,94418,NO_EVALUABLE,0,16.0,LAPTOP-OMI6BJ6L,45a097c1b95bf1ad3f27d32ddffdc4ee8014640d7d379ca3df7bcd8b6f73c49a,b8d9ed2fd9f5011c1e05f5a5f6588b283367d7395a7bcc57ef6887d4ded60e12,60.0,200.0,18,44.9000,ventanas,20261118
96,simulacion,SIM_5D,BAJA,78,1296,propio,ventas.202609.txt,ventas.202609.txt,bloqueo.2609.txt,,TABU,11,1011,tiempo,2000,60,0,,urgentes,833,4673,15840.00,264.0000,si,,,,122149.00,20144,825,757,757,100.00,0,119,0,2003.1,2079.6,243917,1623116,0,43,480,12.973,31,0,0,0,10,253628,NO_EVALUABLE,0,16.0,LAPTOP-OMI6BJ6L,45a097c1b95bf1ad3f27d32ddffdc4ee8014640d7d379ca3df7bcd8b6f73c49a,b8d9ed2fd9f5011c1e05f5a5f6588b283367d7395a7bcc57ef6887d4ded60e12,60.0,200.0,7,120.0000,ventanas,20260907
97,simulacion,SIM_5D,MEDIA,98,1296,propio,ventas.202611.txt,ventas.202609.txt,bloqueo.2609.txt,,AG,15,1015,tiempo,2000,60,0,si,urgentes,1212,6531,18016.00,300.2667,no,c4129-L2705 (c4129-L2705),TA04,llegada tardía (a bordo),43651.00,7333,370,265,266,99.62,0,36,0,2080.9,2372.9,493,54892,0,58,166,4.486,8,0,0,0,14,89612,NO_EVALUABLE,0,16.0,LAPTOP-OMI6BJ6L,45a097c1b95bf1ad3f27d32ddffdc4ee8014640d7d379ca3df7bcd8b6f73c49a,b8d9ed2fd9f5011c1e05f5a5f6588b283367d7395a7bcc57ef6887d4ded60e12,60.0,200.0,12,36.2667,ventanas,20261112
98,simulacion,SIM_5D,MEDIA,98,1296,propio,ventas.202612.txt,ventas.202609.txt,bloqueo.2609.txt,,AG,30,1030,tiempo,2000,60,0,si,urgentes,1309,7100,19436.00,323.9333,no,c3625-L2949 (c3625-L2949),,llegada tardía (planificada),39653.00,6303,364,254,255,99.61,0,36,0,2010.5,2082.8,1214,145838,0,75,150,4.054,8,0,0,0,14,78256,NO_EVALUABLE,0,16.0,LAPTOP-OMI6BJ6L,45a097c1b95bf1ad3f27d32ddffdc4ee8014640d7d379ca3df7bcd8b6f73c49a,b8d9ed2fd9f5011c1e05f5a5f6588b283367d7395a7bcc57ef6887d4ded60e12,60.0,200.0,13,35.9333,ventanas,20261213
99,simulacion,SIM_5D,MEDIA,98,1296,propio,ventas.202611.txt,ventas.202609.txt,bloqueo.2609.txt,,AG,26,1026,tiempo,2000,60,0,si,urgentes,1184,6452,18001.00,300.0167,no,c9431-L2703 (c9431-L2703),TA01,llegada tardía (a bordo),153367.00,25263,1044,933,934,99.89,0,108,0,2063.0,2345.1,697,64435,0,185,562,15.189,30,0,0,0,50,258169,NO_EVALUABLE,1,16.0,LAPTOP-OMI6BJ6L,45a097c1b95bf1ad3f27d32ddffdc4ee8014640d7d379ca3df7bcd8b6f73c49a,b8d9ed2fd9f5011c1e05f5a5f6588b283367d7395a7bcc57ef6887d4ded60e12,60.0,200.0,9,108.0167,ventanas,20261109
100,simulacion,SIM_5D,ALTA,115,1296,propio,ventas.202702.txt,ventas.202609.txt,bloqueo.2609.txt,,TABU,9,1009,tiempo,2000,60,0,,urgentes,1395,7695,16660.00,277.6667,no,c9456-L3181 (c9456-L3181~1),TA02,llegada tardía (a bordo),55270.00,9213,450,331,332,99.70,0,37,0,2005.1,2065.8,51134,392740,0,13,231,6.243,10,0,0,0,38,89709,NO_EVALUABLE,0,16.0,LAPTOP-OMI6BJ6L,45a097c1b95bf1ad3f27d32ddffdc4ee8014640d7d379ca3df7bcd8b6f73c49a,b8d9ed2fd9f5011c1e05f5a5f6588b283367d7395a7bcc57ef6887d4ded60e12,60.0,200.0,11,37.6667,ventanas,20270211
101,simulacion,SIM_5D,MEDIA,98,1296,propio,ventas.202611.txt,ventas.202609.txt,bloqueo.2609.txt,,TABU,33,1033,tiempo,2000,60,0,,urgentes,1104,6145,15840.00,264.0000,si,,,,161879.00,26755,1098,994,994,100.00,0,120,0,2005.2,2089.4,187633,1298892,0,28,623,16.838,41,0,0,0,48,269195,NO_EVALUABLE,1,16.0,LAPTOP-OMI6BJ6L,45a097c1b95bf1ad3f27d32ddffdc4ee8014640d7d379ca3df7bcd8b6f73c49a,b8d9ed2fd9f5011c1e05f5a5f6588b283367d7395a7bcc57ef6887d4ded60e12,60.0,200.0,7,120.0000,ventanas,20261107
102,simulacion,SIM_5D,ALTA,115,1296,propio,ventas.202701.txt,ventas.202609.txt,bloqueo.2609.txt,,AG,14,1014,tiempo,2000,60,0,si,urgentes,1332,7232,3082.00,51.3667,no,c3821-L539 (c3821-L539),,destino bloqueado,69183.00,11678,583,444,445,99.78,0,51,0,2022.1,2127.6,412,38150,0,115,281,7.595,16,0,0,0,31,112971,NO_EVALUABLE,0,16.0,LAPTOP-OMI6BJ6L,45a097c1b95bf1ad3f27d32ddffdc4ee8014640d7d379ca3df7bcd8b6f73c49a,b8d9ed2fd9f5011c1e05f5a5f6588b283367d7395a7bcc57ef6887d4ded60e12,60.0,200.0,1,51.3667,ventanas,20270101
103,simulacion,SIM_5D,ALTA,115,1296,propio,ventas.202702.txt,ventas.202609.txt,bloqueo.2609.txt,,TABU,19,1019,tiempo,2000,60,0,,urgentes,1437,8069,9538.00,158.9667,no,c2544-L1787 (c2544-L1787~1),,llegada tardía (planificada),58944.00,9763,502,342,343,99.71,0,38,0,2004.3,2047.2,42477,336982,0,16,239,6.459,13,0,0,0,45,96821,NO_EVALUABLE,0,16.0,LAPTOP-OMI6BJ6L,45a097c1b95bf1ad3f27d32ddffdc4ee8014640d7d379ca3df7bcd8b6f73c49a,b8d9ed2fd9f5011c1e05f5a5f6588b283367d7395a7bcc57ef6887d4ded60e12,60.0,200.0,6,38.9667,ventanas,20270206
104,simulacion,SIM_5D,ALTA,115,1296,propio,ventas.202702.txt,ventas.202609.txt,bloqueo.2609.txt,,AG,6,1006,tiempo,2000,60,0,si,urgentes,1447,8012,12229.00,203.8167,no,c9520-L2340 (c9520-L2340),,llegada tardía (planificada),102384.00,17246,743,593,594,99.83,0,60,0,2108.1,2357.9,1039,135463,0,58,389,10.514,19,0,0,0,69,153275,NO_EVALUABLE,0,16.0,LAPTOP-OMI6BJ6L,45a097c1b95bf1ad3f27d32ddffdc4ee8014640d7d379ca3df7bcd8b6f73c49a,b8d9ed2fd9f5011c1e05f5a5f6588b283367d7395a7bcc57ef6887d4ded60e12,60.0,200.0,7,59.8167,ventanas,20270207
105,simulacion,SIM_5D,BAJA,78,1296,propio,ventas.202610.txt,ventas.202609.txt,bloqueo.2609.txt,,TABU,12,1012,tiempo,2000,60,0,,urgentes,886,4932,33120.00,552.0000,si,,,,132158.00,22040,877,814,814,100.00,0,119,0,2002.1,2069.8,218234,1435066,0,24,507,13.703,40,0,0,0,15,252298,NO_EVALUABLE,0,16.0,LAPTOP-OMI6BJ6L,45a097c1b95bf1ad3f27d32ddffdc4ee8014640d7d379ca3df7bcd8b6f73c49a,b8d9ed2fd9f5011c1e05f5a5f6588b283367d7395a7bcc57ef6887d4ded60e12,60.0,200.0,19,120.0000,ventanas,20261019
106,simulacion,SIM_5D,MEDIA,98,1296,propio,ventas.202612.txt,ventas.202609.txt,bloqueo.2609.txt,,TABU,28,1028,tiempo,2000,60,0,,urgentes,1124,6242,15840.00,264.0000,si,,,,167881.00,27880,1111,1028,1028,100.00,0,119,0,2004.0,2060.7,142894,961757,0,19,644,17.405,38,0,0,0,68,268985,NO_EVALUABLE,0,16.0,LAPTOP-OMI6BJ6L,45a097c1b95bf1ad3f27d32ddffdc4ee8014640d7d379ca3df7bcd8b6f73c49a,b8d9ed2fd9f5011c1e05f5a5f6588b283367d7395a7bcc57ef6887d4ded60e12,60.0,200.0,7,120.0000,ventanas,20261207
107,simulacion,SIM_5D,BAJA,78,1296,propio,ventas.202610.txt,ventas.202609.txt,bloqueo.2609.txt,,AG,16,1016,tiempo,2000,60,0,si,urgentes,974,5387,20160.00,336.0000,si,,,,139627.00,22550,964,889,889,100.00,0,119,0,2017.9,2102.7,1138,103212,0,370,530,14.324,34,0,0,0,15,264701,NO_EVALUABLE,0,16.0,LAPTOP-OMI6BJ6L,45a097c1b95bf1ad3f27d32ddffdc4ee8014640d7d379ca3df7bcd8b6f73c49a,b8d9ed2fd9f5011c1e05f5a5f6588b283367d7395a7bcc57ef6887d4ded60e12,60.0,200.0,10,120.0000,ventanas,20261010
108,simulacion,SIM_5D,MEDIA,98,1296,propio,ventas.202611.txt,ventas.202609.txt,bloqueo.2609.txt,,AG,33,1033,tiempo,2000,60,0,si,urgentes,1104,6145,15840.00,264.0000,si,,,,156103.00,25703,1098,991,991,100.00,0,120,0,2026.1,2169.0,1598,146996,0,260,601,16.243,31,0,0,0,63,271020,NO_EVALUABLE,1,16.0,LAPTOP-OMI6BJ6L,45a097c1b95bf1ad3f27d32ddffdc4ee8014640d7d379ca3df7bcd8b6f73c49a,b8d9ed2fd9f5011c1e05f5a5f6588b283367d7395a7bcc57ef6887d4ded60e12,60.0,200.0,7,120.0000,ventanas,20261107
109,simulacion,SIM_5D,MEDIA,98,1296,propio,ventas.202611.txt,ventas.202609.txt,bloqueo.2609.txt,,TABU,18,1018,tiempo,2000,60,0,,urgentes,1146,6266,17161.00,286.0167,no,c4269-L2555 (c4269-L2555),,destino bloqueado,160908.00,26223,1119,995,996,99.90,0,118,0,2004.6,2069.6,144101,913142,0,26,600,16.216,30,0,0,0,43,269146,NO_EVALUABLE,1,16.0,LAPTOP-OMI6BJ6L,45a097c1b95bf1ad3f27d32ddffdc4ee8014640d7d379ca3df7bcd8b6f73c49a,b8d9ed2fd9f5011c1e05f5a5f6588b283367d7395a7bcc57ef6887d4ded60e12,60.0,200.0,8,118.0167,ventanas,20261108
110,simulacion,SIM_5D,MEDIA,98,1296,propio,ventas.202612.txt,ventas.202609.txt,bloqueo.2609.txt,,TABU,20,1020,tiempo,2000,60,0,,urgentes,1145,6300,7200.00,120.0000,si,,,,165039.00,27607,1136,1027,1027,100.00,0,119,0,2002.0,2050.3,164586,1141556,0,10,656,17.730,41,0,0,0,52,266235,NO_EVALUABLE,0,16.0,LAPTOP-OMI6BJ6L,45a097c1b95bf1ad3f27d32ddffdc4ee8014640d7d379ca3df7bcd8b6f73c49a,b8d9ed2fd9f5011c1e05f5a5f6588b283367d7395a7bcc57ef6887d4ded60e12,60.0,200.0,1,120.0000,ventanas,20261201
111,simulacion,SIM_5D,ALTA,115,1296,propio,ventas.202702.txt,ventas.202609.txt,bloqueo.2609.txt,,AG,21,1021,tiempo,2000,60,0,si,urgentes,1355,7479,19515.00,325.2500,no,c8448-L3694 (c8448-L3694~1),TA05,llegada tardía (a bordo),85263.00,13837,650,501,502,99.80,0,61,0,2091.0,2392.2,539,52688,0,87,325,8.784,16,0,0,0,26,149053,NO_EVALUABLE,0,16.0,LAPTOP-OMI6BJ6L,45a097c1b95bf1ad3f27d32ddffdc4ee8014640d7d379ca3df7bcd8b6f73c49a,b8d9ed2fd9f5011c1e05f5a5f6588b283367d7395a7bcc57ef6887d4ded60e12,60.0,200.0,12,61.2500,ventanas,20270212
112,simulacion,SIM_5D,BAJA,78,1296,propio,ventas.202610.txt,ventas.202609.txt,bloqueo.2609.txt,,AG,35,1035,tiempo,2000,60,0,si,urgentes,968,5198,15840.00,264.0000,si,,,,135748.00,22240,959,884,884,100.00,0,119,0,2013.2,2104.7,1538,126820,0,324,510,13.784,27,0,0,0,33,261080,NO_EVALUABLE,0,16.0,LAPTOP-OMI6BJ6L,45a097c1b95bf1ad3f27d32ddffdc4ee8014640d7d379ca3df7bcd8b6f73c49a,b8d9ed2fd9f5011c1e05f5a5f6588b283367d7395a7bcc57ef6887d4ded60e12,60.0,200.0,7,120.0000,ventanas,20261007
113,simulacion,SIM_5D,BAJA,78,1296,propio,ventas.202610.txt,ventas.202609.txt,bloqueo.2609.txt,,AG,4,1004,tiempo,2000,60,0,si,urgentes,1017,5348,7582.00,126.3667,no,c7742-L969 (c7742-L969),,destino bloqueado,85443.00,13915,671,570,571,99.82,0,78,0,2025.7,2257.7,1261,118703,0,117,334,9.027,19,0,0,0,16,174489,NO_EVALUABLE,0,16.0,LAPTOP-OMI6BJ6L,45a097c1b95bf1ad3f27d32ddffdc4ee8014640d7d379ca3df7bcd8b6f73c49a,b8d9ed2fd9f5011c1e05f5a5f6588b283367d7395a7bcc57ef6887d4ded60e12,60.0,200.0,3,78.3667,ventanas,20261003
114,simulacion,SIM_5D,ALTA,115,1296,propio,ventas.202702.txt,ventas.202609.txt,bloqueo.2609.txt,,TABU,6,1006,tiempo,2000,60,0,,urgentes,1447,8012,11859.00,197.6500,no,c7004-L2269 (c7004-L2269~2),,llegada tardía (planificada),89629.00,15052,673,520,521,99.81,0,54,0,2003.8,2072.6,73623,619020,0,8,355,9.595,17,0,0,0,50,130617,NO_EVALUABLE,0,16.0,LAPTOP-OMI6BJ6L,45a097c1b95bf1ad3f27d32ddffdc4ee8014640d7d379ca3df7bcd8b6f73c49a,b8d9ed2fd9f5011c1e05f5a5f6588b283367d7395a7bcc57ef6887d4ded60e12,60.0,200.0,7,53.6500,ventanas,20270207
115,simulacion,SIM_5D,ALTA,115,1296,propio,ventas.202701.txt,ventas.202609.txt,bloqueo.2609.txt,,TABU,23,1023,tiempo,2000,60,0,,urgentes,1295,7036,8020.00,133.6667,no,c0684-L1435 (c0684-L1435),,llegada tardía (planificada),92763.00,15426,687,556,557,99.82,0,61,0,2004.5,2051.6,98987,708530,0,41,359,9.703,17,0,0,0,39,139312,NO_EVALUABLE,0,16.0,LAPTOP-OMI6BJ6L,45a097c1b95bf1ad3f27d32ddffdc4ee8014640d7d379ca3df7bcd8b6f73c49a,b8d9ed2fd9f5011c1e05f5a5f6588b283367d7395a7bcc57ef6887d4ded60e12,60.0,200.0,4,61.6667,ventanas,20270104
116,simulacion,SIM_5D,MEDIA,98,1296,propio,ventas.202612.txt,ventas.202609.txt,bloqueo.2609.txt,,AG,16,1016,tiempo,2000,60,0,si,urgentes,1165,6496,8495.00,141.5833,no,c4517-L1314 (c4517-L1314~2),,llegada tardía (planificada),168457.00,27874,1143,1018,1019,99.90,0,117,0,2044.3,2386.5,1027,107056,0,122,651,17.595,32,0,0,0,78,267498,NO_EVALUABLE,0,16.0,LAPTOP-OMI6BJ6L,45a097c1b95bf1ad3f27d32ddffdc4ee8014640d7d379ca3df7bcd8b6f73c49a,b8d9ed2fd9f5011c1e05f5a5f6588b283367d7395a7bcc57ef6887d4ded60e12,60.0,200.0,2,117.5833,ventanas,20261202
117,simulacion,SIM_5D,BAJA,78,1296,propio,ventas.202609.txt,ventas.202609.txt,bloqueo.2609.txt,,AG,33,1033,tiempo,2000,60,0,si,urgentes,871,4795,25920.00,432.0000,si,,,,125080.00,20769,870,805,805,100.00,0,119,0,2026.0,2216.8,1373,127351,0,218,470,12.703,32,0,0,0,14,264240,NO_EVALUABLE,0,16.0,LAPTOP-OMI6BJ6L,45a097c1b95bf1ad3f27d32ddffdc4ee8014640d7d379ca3df7bcd8b6f73c49a,b8d9ed2fd9f5011c1e05f5a5f6588b283367d7395a7bcc57ef6887d4ded60e12,60.0,200.0,14,120.0000,ventanas,20260914
118,simulacion,SIM_5D,ALTA,115,1296,propio,ventas.202701.txt,ventas.202609.txt,bloqueo.2609.txt,,TABU,25,1025,tiempo,2000,60,0,,urgentes,1265,7010,21065.00,351.0833,no,c1821-L3755 (c1821-L3755),,destino bloqueado,82667.00,13592,629,518,519,99.81,0,63,0,2005.3,2071.9,67761,520963,0,18,340,9.189,21,0,0,0,22,152969,NO_EVALUABLE,1,16.0,LAPTOP-OMI6BJ6L,45a097c1b95bf1ad3f27d32ddffdc4ee8014640d7d379ca3df7bcd8b6f73c49a,b8d9ed2fd9f5011c1e05f5a5f6588b283367d7395a7bcc57ef6887d4ded60e12,60.0,200.0,13,63.0833,ventanas,20270113
119,simulacion,SIM_5D,ALTA,115,1296,propio,ventas.202702.txt,ventas.202609.txt,bloqueo.2609.txt,,AG,8,1008,tiempo,2000,60,0,si,urgentes,1431,8270,3737.00,62.2833,no,c6321-L636 (c6321-L636),,destino bloqueado,10332.00,1500,154,68,69,98.55,0,14,0,2011.0,2057.3,402,39663,0,35,44,1.189,3,0,0,0,5,29655,NO_EVALUABLE,0,16.0,LAPTOP-OMI6BJ6L,45a097c1b95bf1ad3f27d32ddffdc4ee8014640d7d379ca3df7bcd8b6f73c49a,b8d9ed2fd9f5011c1e05f5a5f6588b283367d7395a7bcc57ef6887d4ded60e12,60.0,200.0,3,14.2833,ventanas,20270203
120,simulacion,SIM_5D,ALTA,115,1296,propio,ventas.202702.txt,ventas.202609.txt,bloqueo.2609.txt,,TABU,28,1028,tiempo,2000,60,0,,urgentes,1456,8318,8961.00,149.3500,no,c4936-L1655 (c4936-L1655~1),,llegada tardía (planificada),127470.00,21438,919,741,742,99.87,0,77,0,2003.4,2074.3,76382,523782,0,27,501,13.541,24,0,0,0,75,191694,NO_EVALUABLE,0,16.0,LAPTOP-OMI6BJ6L,45a097c1b95bf1ad3f27d32ddffdc4ee8014640d7d379ca3df7bcd8b6f73c49a,b8d9ed2fd9f5011c1e05f5a5f6588b283367d7395a7bcc57ef6887d4ded60e12,60.0,200.0,4,77.3500,ventanas,20270204
121,simulacion,SIM_5D,MEDIA,98,1296,propio,ventas.202612.txt,ventas.202609.txt,bloqueo.2609.txt,,TABU,16,1016,tiempo,2000,60,0,,urgentes,1165,6496,8640.00,144.0000,si,,,,175791.00,29093,1157,1048,1048,100.00,0,119,0,2003.2,2069.3,162444,1096317,0,27,666,18.000,32,0,0,0,59,268523,NO_EVALUABLE,0,16.0,LAPTOP-OMI6BJ6L,45a097c1b95bf1ad3f27d32ddffdc4ee8014640d7d379ca3df7bcd8b6f73c49a,b8d9ed2fd9f5011c1e05f5a5f6588b283367d7395a7bcc57ef6887d4ded60e12,60.0,200.0,2,120.0000,ventanas,20261202
122,simulacion,SIM_5D,ALTA,115,1296,propio,ventas.202701.txt,ventas.202609.txt,bloqueo.2609.txt,,TABU,16,1016,tiempo,2000,60,0,,urgentes,1305,7266,23763.00,396.0500,no,c1088-L4245 (c1088-L4245),,llegada tardía (planificada),79641.00,13130,635,505,506,99.80,0,60,0,2007.2,2086.2,78938,536238,0,17,304,8.216,17,0,0,0,24,139300,NO_EVALUABLE,0,16.0,LAPTOP-OMI6BJ6L,45a097c1b95bf1ad3f27d32ddffdc4ee8014640d7d379ca3df7bcd8b6f73c49a,b8d9ed2fd9f5011c1e05f5a5f6588b283367d7395a7bcc57ef6887d4ded60e12,60.0,200.0,15,60.0500,ventanas,20270115
123,simulacion,SIM_5D,MEDIA,98,1296,propio,ventas.202611.txt,ventas.202609.txt,bloqueo.2609.txt,,TABU,1,1001,tiempo,2000,60,0,,urgentes,1112,6118,25920.00,432.0000,si,,,,162495.00,26764,1106,1014,1014,100.00,0,119,0,2002.4,2067.9,154680,1000322,0,34,631,17.054,38,0,0,0,36,262861,NO_EVALUABLE,0,16.0,LAPTOP-OMI6BJ6L,45a097c1b95bf1ad3f27d32ddffdc4ee8014640d7d379ca3df7bcd8b6f73c49a,b8d9ed2fd9f5011c1e05f5a5f6588b283367d7395a7bcc57ef6887d4ded60e12,60.0,200.0,14,120.0000,ventanas,20261114
124,simulacion,SIM_5D,BAJA,78,1296,propio,ventas.202610.txt,ventas.202609.txt,bloqueo.2609.txt,,TABU,8,1008,tiempo,2000,60,0,,urgentes,1010,5640,23040.00,384.0000,si,,,,149517.00,24561,1002,910,910,100.00,0,119,0,2003.3,2081.3,145702,981300,0,40,571,15.432,37,0,0,0,18,270819,NO_EVALUABLE,0,16.0,LAPTOP-OMI6BJ6L,45a097c1b95bf1ad3f27d32ddffdc4ee8014640d7d379ca3df7bcd8b6f73c49a,b8d9ed2fd9f5011c1e05f5a5f6588b283367d7395a7bcc57ef6887d4ded60e12,60.0,200.0,12,120.0000,ventanas,20261012
125,simulacion,SIM_5D,BAJA,78,1296,propio,ventas.202609.txt,ventas.202609.txt,bloqueo.2609.txt,,AG,18,1018,tiempo,2000,60,0,si,urgentes,829,4714,14400.00,240.0000,si,,,,115318.00,18195,824,753,753,100.00,0,119,0,2007.9,2122.5,1736,148328,0,430,434,11.730,31,0,0,0,14,253027,NO_EVALUABLE,0,16.0,LAPTOP-OMI6BJ6L,45a097c1b95bf1ad3f27d32ddffdc4ee8014640d7d379ca3df7bcd8b6f73c49a,b8d9ed2fd9f5011c1e05f5a5f6588b283367d7395a7bcc57ef6887d4ded60e12,60.0,200.0,6,120.0000,ventanas,20260906
126,simulacion,SIM_5D,MEDIA,98,1296,propio,ventas.202611.txt,ventas.202609.txt,bloqueo.2609.txt,,TABU,7,1007,tiempo,2000,60,0,,urgentes,1128,6294,28311.00,471.8500,no,c6031-L4314 (c6031-L4314),,destino bloqueado,77571.00,13094,577,488,489,99.80,0,63,0,2003.0,2082.0,114033,776998,0,24,315,8.514,20,0,0,0,22,138006,NO_EVALUABLE,0,16.0,LAPTOP-OMI6BJ6L,45a097c1b95bf1ad3f27d32ddffdc4ee8014640d7d379ca3df7bcd8b6f73c49a,b8d9ed2fd9f5011c1e05f5a5f6588b283367d7395a7bcc57ef6887d4ded60e12,60.0,200.0,18,63.8500,ventanas,20261118
127,simulacion,SIM_5D,MEDIA,98,1296,propio,ventas.202611.txt,ventas.202609.txt,bloqueo.2609.txt,,TABU,3,1003,tiempo,2000,60,0,,urgentes,1035,5843,28311.00,471.8500,no,c6031-L4314 (c6031-L4314),,destino bloqueado,145022.00,23889,962,881,882,99.89,0,111,0,2001.8,2067.7,185163,1255158,0,42,547,14.784,32,0,0,0,32,240595,NO_EVALUABLE,0,16.0,LAPTOP-OMI6BJ6L,45a097c1b95bf1ad3f27d32ddffdc4ee8014640d7d379ca3df7bcd8b6f73c49a,b8d9ed2fd9f5011c1e05f5a5f6588b283367d7395a7bcc57ef6887d4ded60e12,60.0,200.0,16,111.8500,ventanas,20261116
128,simulacion,SIM_5D,ALTA,115,1296,propio,ventas.202701.txt,ventas.202609.txt,bloqueo.2609.txt,,TABU,3,1003,tiempo,2000,60,0,,urgentes,1370,7465,12960.00,216.0000,si,,,,193839.00,32208,1356,1205,1205,100.00,0,120,0,2004.8,2069.8,124146,867688,0,10,755,20.405,41,0,0,0,64,293842,NO_EVALUABLE,0,16.0,LAPTOP-OMI6BJ6L,45a097c1b95bf1ad3f27d32ddffdc4ee8014640d7d379ca3df7bcd8b6f73c49a,b8d9ed2fd9f5011c1e05f5a5f6588b283367d7395a7bcc57ef6887d4ded60e12,60.0,200.0,5,120.0000,ventanas,20270105
129,simulacion,SIM_5D,BAJA,78,1296,propio,ventas.202609.txt,ventas.202609.txt,bloqueo.2609.txt,,AG,34,1034,tiempo,2000,60,0,si,urgentes,895,4881,18720.00,312.0000,si,,,,121753.00,19889,892,810,810,100.00,0,119,0,2008.6,2091.7,1815,139270,0,441,466,12.595,23,0,0,0,18,250333,NO_EVALUABLE,0,16.0,LAPTOP-OMI6BJ6L,45a097c1b95bf1ad3f27d32ddffdc4ee8014640d7d379ca3df7bcd8b6f73c49a,b8d9ed2fd9f5011c1e05f5a5f6588b283367d7395a7bcc57ef6887d4ded60e12,60.0,200.0,9,120.0000,ventanas,20260909
130,simulacion,SIM_5D,BAJA,78,1296,propio,ventas.202609.txt,ventas.202609.txt,bloqueo.2609.txt,,TABU,32,1032,tiempo,2000,60,0,,urgentes,833,4640,31680.00,528.0000,si,,,,120560.00,20465,827,760,760,100.00,0,119,0,2003.6,2082.3,203428,1299885,0,33,486,13.135,37,0,0,0,5,258579,NO_EVALUABLE,0,16.0,LAPTOP-OMI6BJ6L,45a097c1b95bf1ad3f27d32ddffdc4ee8014640d7d379ca3df7bcd8b6f73c49a,b8d9ed2fd9f5011c1e05f5a5f6588b283367d7395a7bcc57ef6887d4ded60e12,60.0,200.0,18,120.0000,ventanas,20260918
131,simulacion,SIM_5D,BAJA,78,1296,propio,ventas.202609.txt,ventas.202609.txt,bloqueo.2609.txt,,TABU,5,1005,tiempo,2000,60,0,,urgentes,792,4533,8640.00,144.0000,si,,,,113638.00,18822,783,702,702,100.00,0,119,0,2002.2,2074.5,289978,1929692,0,40,443,11.973,33,0,0,0,5,251953,NO_EVALUABLE,0,16.0,LAPTOP-OMI6BJ6L,45a097c1b95bf1ad3f27d32ddffdc4ee8014640d7d379ca3df7bcd8b6f73c49a,b8d9ed2fd9f5011c1e05f5a5f6588b283367d7395a7bcc57ef6887d4ded60e12,60.0,200.0,2,120.0000,ventanas,20260902
132,simulacion,SIM_5D,MEDIA,98,1296,propio,ventas.202611.txt,ventas.202609.txt,bloqueo.2609.txt,,TABU,8,1008,tiempo,2000,60,0,,urgentes,1059,5841,10787.00,179.7833,no,c2983-L1256 (c2983-L1256~2),TA10,llegada tardía (a bordo),135889.00,22192,939,841,842,99.88,0,107,0,2000.6,2049.3,189341,1211758,0,38,517,13.973,33,0,0,0,33,233347,NO_EVALUABLE,0,16.0,LAPTOP-OMI6BJ6L,45a097c1b95bf1ad3f27d32ddffdc4ee8014640d7d379ca3df7bcd8b6f73c49a,b8d9ed2fd9f5011c1e05f5a5f6588b283367d7395a7bcc57ef6887d4ded60e12,60.0,200.0,4,107.7833,ventanas,20261104
133,simulacion,SIM_5D,BAJA,78,1296,propio,ventas.202610.txt,ventas.202609.txt,bloqueo.2609.txt,,AG,30,1030,tiempo,2000,60,0,si,urgentes,990,5447,25522.00,425.3667,no,c2478-L3446 (c2478-L3446),,destino bloqueado,103935.00,17012,735,649,650,99.85,0,89,0,2013.7,2140.2,1054,100699,0,195,397,10.730,22,0,0,0,19,196093,NO_EVALUABLE,0,16.0,LAPTOP-OMI6BJ6L,45a097c1b95bf1ad3f27d32ddffdc4ee8014640d7d379ca3df7bcd8b6f73c49a,b8d9ed2fd9f5011c1e05f5a5f6588b283367d7395a7bcc57ef6887d4ded60e12,60.0,200.0,15,89.3667,ventanas,20261015
134,simulacion,SIM_5D,BAJA,78,1296,propio,ventas.202609.txt,ventas.202609.txt,bloqueo.2609.txt,,TABU,34,1034,tiempo,2000,60,0,,urgentes,895,4881,15144.00,252.4000,no,c3214-L1713 (c3214-L1713~1),TA10,llegada tardía (a bordo),58105.00,9647,452,360,361,99.72,0,60,0,2003.2,2078.9,152934,1041702,0,34,238,6.432,20,0,0,0,9,125836,NO_EVALUABLE,0,16.0,LAPTOP-OMI6BJ6L,45a097c1b95bf1ad3f27d32ddffdc4ee8014640d7d379ca3df7bcd8b6f73c49a,b8d9ed2fd9f5011c1e05f5a5f6588b283367d7395a7bcc57ef6887d4ded60e12,60.0,200.0,9,60.4000,ventanas,20260909
135,simulacion,SIM_5D,BAJA,78,1296,propio,ventas.202610.txt,ventas.202609.txt,bloqueo.2609.txt,,TABU,14,1014,tiempo,2000,60,0,,urgentes,1010,5424,7582.00,126.3667,no,c7742-L969 (c7742-L969),,destino bloqueado,26114.00,4186,255,172,173,99.42,0,30,0,2003.5,2080.2,84206,639702,0,26,106,2.865,9,0,0,0,0,62721,NO_EVALUABLE,0,16.0,LAPTOP-OMI6BJ6L,45a097c1b95bf1ad3f27d32ddffdc4ee8014640d7d379ca3df7bcd8b6f73c49a,b8d9ed2fd9f5011c1e05f5a5f6588b283367d7395a7bcc57ef6887d4ded60e12,60.0,200.0,5,30.3667,ventanas,20261005
136,simulacion,SIM_5D,BAJA,78,1296,propio,ventas.202609.txt,ventas.202609.txt,bloqueo.2609.txt,,TABU,10,1010,tiempo,2000,60,0,,urgentes,819,4649,10080.00,168.0000,si,,,,120268.00,20026,814,750,750,100.00,0,119,0,2004.3,2077.9,230316,1490829,0,12,470,12.703,29,0,0,0,14,256135,NO_EVALUABLE,0,16.0,LAPTOP-OMI6BJ6L,45a097c1b95bf1ad3f27d32ddffdc4ee8014640d7d379ca3df7bcd8b6f73c49a,b8d9ed2fd9f5011c1e05f5a5f6588b283367d7395a7bcc57ef6887d4ded60e12,60.0,200.0,3,120.0000,ventanas,20260903
137,simulacion,SIM_5D,BAJA,78,1296,propio,ventas.202610.txt,ventas.202609.txt,bloqueo.2609.txt,,TABU,13,1013,tiempo,2000,60,0,,urgentes,1034,5427,7582.00,126.3667,no,c7742-L969 (c7742-L969),,destino bloqueado,56076.00,9552,482,385,386,99.74,0,54,0,2002.9,2038.1,80198,578537,0,3,247,6.676,20,0,0,0,6,120334,NO_EVALUABLE,0,16.0,LAPTOP-OMI6BJ6L,45a097c1b95bf1ad3f27d32ddffdc4ee8014640d7d379ca3df7bcd8b6f73c49a,b8d9ed2fd9f5011c1e05f5a5f6588b283367d7395a7bcc57ef6887d4ded60e12,60.0,200.0,4,54.3667,ventanas,20261004
138,simulacion,SIM_5D,ALTA,115,1296,propio,ventas.202701.txt,ventas.202609.txt,bloqueo.2609.txt,,AG,10,1010,tiempo,2000,60,0,si,urgentes,1277,7088,25748.00,429.1333,no,c7589-L4644 (c7589-L4644),,llegada tardía (planificada),181181.00,30551,1247,1102,1103,99.91,0,117,0,2122.1,2429.6,464,46109,0,141,693,18.730,34,0,0,0,71,301560,NO_EVALUABLE,1,16.0,LAPTOP-OMI6BJ6L,45a097c1b95bf1ad3f27d32ddffdc4ee8014640d7d379ca3df7bcd8b6f73c49a,b8d9ed2fd9f5011c1e05f5a5f6588b283367d7395a7bcc57ef6887d4ded60e12,60.0,200.0,14,117.1333,ventanas,20270114
139,simulacion,SIM_5D,BAJA,78,1296,propio,ventas.202609.txt,ventas.202609.txt,bloqueo.2609.txt,,AG,32,1032,tiempo,2000,60,0,si,urgentes,833,4640,31680.00,528.0000,si,,,,119075.00,19601,827,763,763,100.00,0,119,0,2016.0,2103.1,1733,146720,0,223,453,12.243,33,0,0,0,9,258798,NO_EVALUABLE,0,16.0,LAPTOP-OMI6BJ6L,45a097c1b95bf1ad3f27d32ddffdc4ee8014640d7d379ca3df7bcd8b6f73c49a,b8d9ed2fd9f5011c1e05f5a5f6588b283367d7395a7bcc57ef6887d4ded60e12,60.0,200.0,18,120.0000,ventanas,20260918
140,simulacion,SIM_5D,ALTA,115,1296,propio,ventas.202702.txt,ventas.202609.txt,bloqueo.2609.txt,,TABU,2,1002,tiempo,2000,60,0,,urgentes,1374,7618,15631.00,260.5167,no,c4392-L2986 (c4392-L2986~2),TA07,llegada tardía (a bordo),59436.00,9776,506,358,359,99.72,0,45,0,2005.2,2057.3,86544,739330,0,7,248,6.703,13,0,0,0,21,107625,NO_EVALUABLE,0,16.0,LAPTOP-OMI6BJ6L,45a097c1b95bf1ad3f27d32ddffdc4ee8014640d7d379ca3df7bcd8b6f73c49a,b8d9ed2fd9f5011c1e05f5a5f6588b283367d7395a7bcc57ef6887d4ded60e12,60.0,200.0,10,44.5167,ventanas,20270210
141,simulacion,SIM_5D,MEDIA,98,1296,propio,ventas.202611.txt,ventas.202609.txt,bloqueo.2609.txt,,TABU,15,1015,tiempo,2000,60,0,,urgentes,1212,6531,18016.00,300.2667,no,c4129-L2705 (c4129-L2705),TA08,llegada tardía (a bordo),44285.00,7298,370,279,280,99.64,0,36,0,2001.5,2014.7,62848,479905,0,41,174,4.703,9,0,0,0,9,83803,NO_EVALUABLE,0,16.0,LAPTOP-OMI6BJ6L,45a097c1b95bf1ad3f27d32ddffdc4ee8014640d7d379ca3df7bcd8b6f73c49a,b8d9ed2fd9f5011c1e05f5a5f6588b283367d7395a7bcc57ef6887d4ded60e12,60.0,200.0,12,36.2667,ventanas,20261112
142,simulacion,SIM_5D,MEDIA,98,1296,propio,ventas.202612.txt,ventas.202609.txt,bloqueo.2609.txt,,TABU,22,1022,tiempo,2000,60,0,,urgentes,1102,6080,18720.00,312.0000,si,,,,160251.00,26787,1088,979,979,100.00,0,119,0,2003.2,2101.5,153893,977233,0,46,625,16.892,32,0,0,0,42,272485,NO_EVALUABLE,0,16.0,LAPTOP-OMI6BJ6L,45a097c1b95bf1ad3f27d32ddffdc4ee8014640d7d379ca3df7bcd8b6f73c49a,b8d9ed2fd9f5011c1e05f5a5f6588b283367d7395a7bcc57ef6887d4ded60e12,60.0,200.0,9,120.0000,ventanas,20261209
143,simulacion,SIM_5D,MEDIA,98,1296,propio,ventas.202611.txt,ventas.202609.txt,bloqueo.2609.txt,,TABU,10,1010,tiempo,2000,60,0,,urgentes,1215,6566,17161.00,286.0167,no,c4269-L2555 (c4269-L2555),,destino bloqueado,86805.00,14385,682,546,547,99.82,0,70,0,2002.7,2090.4,102717,679274,0,30,331,8.946,21,0,0,0,12,160778,NO_EVALUABLE,0,16.0,LAPTOP-OMI6BJ6L,45a097c1b95bf1ad3f27d32ddffdc4ee8014640d7d379ca3df7bcd8b6f73c49a,b8d9ed2fd9f5011c1e05f5a5f6588b283367d7395a7bcc57ef6887d4ded60e12,60.0,200.0,10,70.0167,ventanas,20261110
144,simulacion,SIM_5D,BAJA,78,1296,propio,ventas.202609.txt,ventas.202609.txt,bloqueo.2609.txt,,AG,6,1006,tiempo,2000,60,0,si,urgentes,991,5378,38880.00,648.0000,si,,,,142881.00,23821,979,898,898,100.00,0,120,0,2015.7,2098.8,1590,180310,0,393,539,14.568,29,0,0,0,24,264285,NO_EVALUABLE,0,16.0,LAPTOP-OMI6BJ6L,45a097c1b95bf1ad3f27d32ddffdc4ee8014640d7d379ca3df7bcd8b6f73c49a,b8d9ed2fd9f5011c1e05f5a5f6588b283367d7395a7bcc57ef6887d4ded60e12,60.0,200.0,23,120.0000,ventanas,20260923
145,simulacion,SIM_5D,BAJA,78,1296,propio,ventas.202609.txt,ventas.202609.txt,bloqueo.2609.txt,,TABU,36,1036,tiempo,2000,60,0,,urgentes,847,4663,17280.00,288.0000,si,,,,125451.00,20766,842,775,775,100.00,0,119,0,2005.4,2081.5,256552,1672069,0,23,505,13.649,32,0,0,0,9,251776,NO_EVALUABLE,0,16.0,LAPTOP-OMI6BJ6L,45a097c1b95bf1ad3f27d32ddffdc4ee8014640d7d379ca3df7bcd8b6f73c49a,b8d9ed2fd9f5011c1e05f5a5f6588b283367d7395a7bcc57ef6887d4ded60e12,60.0,200.0,8,120.0000,ventanas,20260908
146,simulacion,SIM_5D,BAJA,78,1296,propio,ventas.202609.txt,ventas.202609.txt,bloqueo.2609.txt,,AG,5,1005,tiempo,2000,60,0,si,urgentes,792,4533,4059.00,67.6500,no,c3299-L424 (c3299-L424),TB06,llegada tardía (a bordo),28559.00,4422,259,195,196,99.49,0,43,0,2005.2,2058.3,2755,277115,0,100,109,2.946,8,0,0,0,1,88601,NO_EVALUABLE,0,16.0,LAPTOP-OMI6BJ6L,45a097c1b95bf1ad3f27d32ddffdc4ee8014640d7d379ca3df7bcd8b6f73c49a,b8d9ed2fd9f5011c1e05f5a5f6588b283367d7395a7bcc57ef6887d4ded60e12,60.0,200.0,2,43.6500,ventanas,20260902
147,simulacion,SIM_5D,ALTA,115,1296,propio,ventas.202702.txt,ventas.202609.txt,bloqueo.2609.txt,,TABU,22,1022,tiempo,2000,60,0,,urgentes,1329,7650,3737.00,62.2833,no,c6321-L636 (c6321-L636~1),,destino bloqueado,90223.00,15115,683,539,540,99.81,0,62,0,2002.7,2076.0,78808,555074,0,23,357,9.649,20,0,0,0,39,149276,NO_EVALUABLE,0,16.0,LAPTOP-OMI6BJ6L,45a097c1b95bf1ad3f27d32ddffdc4ee8014640d7d379ca3df7bcd8b6f73c49a,b8d9ed2fd9f5011c1e05f5a5f6588b283367d7395a7bcc57ef6887d4ded60e12,60.0,200.0,1,62.2833,ventanas,20270201
148,simulacion,SIM_5D,BAJA,78,1296,propio,ventas.202609.txt,ventas.202609.txt,bloqueo.2609.txt,,TABU,22,1022,tiempo,2000,60,0,,urgentes,885,4750,23040.00,384.0000,si,,,,124784.00,20701,872,786,786,100.00,0,119,0,2003.4,2072.6,223594,1522119,0,29,489,13.216,35,0,0,0,11,255240,NO_EVALUABLE,0,16.0,LAPTOP-OMI6BJ6L,45a097c1b95bf1ad3f27d32ddffdc4ee8014640d7d379ca3df7bcd8b6f73c49a,b8d9ed2fd9f5011c1e05f5a5f6588b283367d7395a7bcc57ef6887d4ded60e12,60.0,200.0,12,120.0000,ventanas,20260912
149,simulacion,SIM_5D,BAJA,78,1296,propio,ventas.202609.txt,ventas.202609.txt,bloqueo.2609.txt,,TABU,25,1025,tiempo,2000,60,0,,urgentes,931,5199,36000.00,600.0000,si,,,,136922.00,23109,925,830,830,100.00,0,119,0,2006.3,2080.2,179570,1147633,0,24,551,14.892,33,0,0,0,21,265258,NO_EVALUABLE,0,16.0,LAPTOP-OMI6BJ6L,45a097c1b95bf1ad3f27d32ddffdc4ee8014640d7d379ca3df7bcd8b6f73c49a,b8d9ed2fd9f5011c1e05f5a5f6588b283367d7395a7bcc57ef6887d4ded60e12,60.0,200.0,21,120.0000,ventanas,20260921
150,simulacion,SIM_5D,MEDIA,98,1296,propio,ventas.202612.txt,ventas.202609.txt,bloqueo.2609.txt,,TABU,32,1032,tiempo,2000,60,0,,urgentes,1302,7090,25920.00,432.0000,si,,,,189104.00,31687,1282,1174,1174,100.00,0,119,0,2003.6,2069.6,138603,913423,0,34,725,19.595,35,0,0,0,72,276721,NO_EVALUABLE,0,16.0,LAPTOP-OMI6BJ6L,45a097c1b95bf1ad3f27d32ddffdc4ee8014640d7d379ca3df7bcd8b6f73c49a,b8d9ed2fd9f5011c1e05f5a5f6588b283367d7395a7bcc57ef6887d4ded60e12,60.0,200.0,14,120.0000,ventanas,20261214
151,simulacion,SIM_5D,MEDIA,98,1296,propio,ventas.202611.txt,ventas.202609.txt,bloqueo.2609.txt,,TABU,26,1026,tiempo,2000,60,0,,urgentes,1184,6452,13193.00,219.8833,no,c7236-L1838 (c7236-L1838),,llegada tardía (planificada),24742.00,4184,248,164,165,99.39,0,27,0,2002.6,2070.4,69845,547533,0,18,108,2.919,7,0,0,0,1,58073,NO_EVALUABLE,1,16.0,LAPTOP-OMI6BJ6L,45a097c1b95bf1ad3f27d32ddffdc4ee8014640d7d379ca3df7bcd8b6f73c49a,b8d9ed2fd9f5011c1e05f5a5f6588b283367d7395a7bcc57ef6887d4ded60e12,60.0,200.0,9,27.8833,ventanas,20261109
152,simulacion,SIM_5D,BAJA,78,1296,propio,ventas.202610.txt,ventas.202609.txt,bloqueo.2609.txt,,AG,39,1039,tiempo,2000,60,0,si,urgentes,978,5469,25522.00,425.3667,no,c2478-L3446 (c2478-L3446),,destino bloqueado,134466.00,21899,918,836,837,99.88,0,113,0,2027.3,2185.0,1223,114865,0,235,504,13.622,24,0,0,0,32,253088,NO_EVALUABLE,0,16.0,LAPTOP-OMI6BJ6L,45a097c1b95bf1ad3f27d32ddffdc4ee8014640d7d379ca3df7bcd8b6f73c49a,b8d9ed2fd9f5011c1e05f5a5f6588b283367d7395a7bcc57ef6887d4ded60e12,60.0,200.0,14,113.3667,ventanas,20261014
153,simulacion,SIM_5D,ALTA,115,1296,propio,ventas.202701.txt,ventas.202609.txt,bloqueo.2609.txt,,TABU,27,1027,tiempo,2000,60,0,,urgentes,1335,7255,14775.00,246.2500,no,c1130-L2532 (c1130-L2532~2),,llegada tardía (planificada),78641.00,13083,621,494,495,99.80,0,54,0,2006.2,2071.6,63549,474081,0,50,308,8.324,16,0,0,0,40,139942,NO_EVALUABLE,0,16.0,LAPTOP-OMI6BJ6L,45a097c1b95bf1ad3f27d32ddffdc4ee8014640d7d379ca3df7bcd8b6f73c49a,b8d9ed2fd9f5011c1e05f5a5f6588b283367d7395a7bcc57ef6887d4ded60e12,60.0,200.0,9,54.2500,ventanas,20270109
154,simulacion,SIM_5D,BAJA,78,1296,propio,ventas.202609.txt,ventas.202609.txt,bloqueo.2609.txt,,TABU,1,1001,tiempo,2000,60,0,,urgentes,912,4890,24480.00,408.0000,si,,,,126484.00,20961,910,816,816,100.00,0,119,0,2004.2,2093.9,199705,1322769,0,41,491,13.270,37,0,0,0,4,262226,NO_EVALUABLE,0,16.0,LAPTOP-OMI6BJ6L,45a097c1b95bf1ad3f27d32ddffdc4ee8014640d7d379ca3df7bcd8b6f73c49a,b8d9ed2fd9f5011c1e05f5a5f6588b283367d7395a7bcc57ef6887d4ded60e12,60.0,200.0,13,120.0000,ventanas,20260913
155,simulacion,SIM_5D,BAJA,78,1296,propio,ventas.202609.txt,ventas.202609.txt,bloqueo.2609.txt,,AG,15,1015,tiempo,2000,60,0,si,urgentes,810,4530,12960.00,216.0000,si,,,,113131.00,17917,800,736,736,100.00,0,119,0,2012.0,2094.9,2079,196424,0,434,414,11.189,27,0,0,0,17,255330,NO_EVALUABLE,0,16.0,LAPTOP-OMI6BJ6L,45a097c1b95bf1ad3f27d32ddffdc4ee8014640d7d379ca3df7bcd8b6f73c49a,b8d9ed2fd9f5011c1e05f5a5f6588b283367d7395a7bcc57ef6887d4ded60e12,60.0,200.0,5,120.0000,ventanas,20260905
156,simulacion,SIM_5D,BAJA,78,1296,propio,ventas.202609.txt,ventas.202609.txt,bloqueo.2609.txt,,AG,25,1025,tiempo,2000,60,0,si,urgentes,931,5199,36000.00,600.0000,si,,,,130883.00,21189,925,841,841,100.00,0,119,0,2016.5,2106.6,1583,131527,0,258,485,13.108,31,0,0,0,26,262055,NO_EVALUABLE,0,16.0,LAPTOP-OMI6BJ6L,45a097c1b95bf1ad3f27d32ddffdc4ee8014640d7d379ca3df7bcd8b6f73c49a,b8d9ed2fd9f5011c1e05f5a5f6588b283367d7395a7bcc57ef6887d4ded60e12,60.0,200.0,21,120.0000,ventanas,20260921
157,simulacion,SIM_5D,MEDIA,98,1296,propio,ventas.202611.txt,ventas.202609.txt,bloqueo.2609.txt,,AG,1,1001,tiempo,2000,60,0,si,urgentes,1112,6118,25920.00,432.0000,si,,,,161671.00,26777,1106,1022,1022,100.00,0,119,0,2017.9,2147.7,748,66324,0,299,631,17.054,33,0,0,0,39,264187,NO_EVALUABLE,0,16.0,LAPTOP-OMI6BJ6L,45a097c1b95bf1ad3f27d32ddffdc4ee8014640d7d379ca3df7bcd8b6f73c49a,b8d9ed2fd9f5011c1e05f5a5f6588b283367d7395a7bcc57ef6887d4ded60e12,60.0,200.0,14,120.0000,ventanas,20261114
158,simulacion,SIM_5D,ALTA,115,1296,propio,ventas.202701.txt,ventas.202609.txt,bloqueo.2609.txt,,TABU,5,1005,tiempo,2000,60,0,,urgentes,1252,6929,21065.00,351.0833,no,c1821-L3755 (c1821-L3755),,destino bloqueado,125489.00,20862,889,769,770,99.87,0,87,0,2010.2,2491.3,81498,582541,0,60,478,12.919,29,0,0,0,48,213679,NO_EVALUABLE,1,16.0,LAPTOP-OMI6BJ6L,45a097c1b95bf1ad3f27d32ddffdc4ee8014640d7d379ca3df7bcd8b6f73c49a,b8d9ed2fd9f5011c1e05f5a5f6588b283367d7395a7bcc57ef6887d4ded60e12,60.0,200.0,12,87.0833,ventanas,20270112
159,simulacion,SIM_5D,ALTA,115,1296,propio,ventas.202702.txt,ventas.202609.txt,bloqueo.2609.txt,,AG,22,1022,tiempo,2000,60,0,si,urgentes,1329,7650,2690.00,44.8333,no,c0627-L445 (c0627-L445~1),TA10,llegada tardía (a bordo),55098.00,8954,486,352,353,99.72,0,44,0,2118.7,2874.5,546,49545,0,159,218,5.892,11,0,0,0,25,109464,NO_EVALUABLE,0,16.0,LAPTOP-OMI6BJ6L,45a097c1b95bf1ad3f27d32ddffdc4ee8014640d7d379ca3df7bcd8b6f73c49a,b8d9ed2fd9f5011c1e05f5a5f6588b283367d7395a7bcc57ef6887d4ded60e12,60.0,200.0,1,44.8333,ventanas,20270201
160,simulacion,SIM_5D,MEDIA,98,1296,propio,ventas.202612.txt,ventas.202609.txt,bloqueo.2609.txt,,AG,25,1025,tiempo,2000,60,0,si,urgentes,1304,6959,24248.00,404.1333,no,c4918-L3902 (c4918-L3902),,llegada tardía (planificada),56840.00,9252,514,367,368,99.73,0,44,0,2074.9,2332.5,434,48870,0,93,219,5.919,13,0,0,0,11,109094,NO_EVALUABLE,0,16.0,LAPTOP-OMI6BJ6L,45a097c1b95bf1ad3f27d32ddffdc4ee8014640d7d379ca3df7bcd8b6f73c49a,b8d9ed2fd9f5011c1e05f5a5f6588b283367d7395a7bcc57ef6887d4ded60e12,60.0,200.0,16,44.1333,ventanas,20261216
161,simulacion,SIM_5D,BAJA,78,1296,propio,ventas.202609.txt,ventas.202609.txt,bloqueo.2609.txt,,TABU,6,1006,tiempo,2000,60,0,,urgentes,991,5378,38880.00,648.0000,si,,,,144419.00,24390,979,898,898,100.00,0,120,0,2006.3,2074.7,173537,1228387,0,32,563,15.216,38,0,0,0,12,263594,NO_EVALUABLE,0,16.0,LAPTOP-OMI6BJ6L,45a097c1b95bf1ad3f27d32ddffdc4ee8014640d7d379ca3df7bcd8b6f73c49a,b8d9ed2fd9f5011c1e05f5a5f6588b283367d7395a7bcc57ef6887d4ded60e12,60.0,200.0,23,120.0000,ventanas,20260923
162,simulacion,SIM_5D,BAJA,78,1296,propio,ventas.202610.txt,ventas.202609.txt,bloqueo.2609.txt,,TABU,39,1039,tiempo,2000,60,0,,urgentes,978,5469,25522.00,425.3667,no,c2478-L3446 (c2478-L3446),,destino bloqueado,138951.00,23132,918,838,839,99.88,0,113,0,2003.3,2059.8,141264,936774,0,25,547,14.784,33,0,0,0,15,255008,NO_EVALUABLE,0,16.0,LAPTOP-OMI6BJ6L,45a097c1b95bf1ad3f27d32ddffdc4ee8014640d7d379ca3df7bcd8b6f73c49a,b8d9ed2fd9f5011c1e05f5a5f6588b283367d7395a7bcc57ef6887d4ded60e12,60.0,200.0,14,113.3667,ventanas,20261014
163,simulacion,SIM_5D,BAJA,78,1296,propio,ventas.202610.txt,ventas.202609.txt,bloqueo.2609.txt,,AG,14,1014,tiempo,2000,60,0,si,urgentes,1010,5424,7582.00,126.3667,no,c7742-L969 (c7742-L969),,destino bloqueado,25177.00,3993,255,172,173,99.42,0,30,0,2015.9,2089.0,673,70910,0,95,100,2.703,7,0,0,0,1,63212,NO_EVALUABLE,0,16.0,LAPTOP-OMI6BJ6L,45a097c1b95bf1ad3f27d32ddffdc4ee8014640d7d379ca3df7bcd8b6f73c49a,b8d9ed2fd9f5011c1e05f5a5f6588b283367d7395a7bcc57ef6887d4ded60e12,60.0,200.0,5,30.3667,ventanas,20261005
164,simulacion,SIM_5D,MEDIA,98,1296,propio,ventas.202612.txt,ventas.202609.txt,bloqueo.2609.txt,,AG,2,1002,tiempo,2000,60,0,si,urgentes,1238,6657,30240.00,504.0000,si,,,,177375.00,30372,1232,1125,1125,100.00,0,120,0,2073.1,2271.3,1279,129495,0,185,675,18.243,40,0,0,0,47,291102,NO_EVALUABLE,0,16.0,LAPTOP-OMI6BJ6L,45a097c1b95bf1ad3f27d32ddffdc4ee8014640d7d379ca3df7bcd8b6f73c49a,b8d9ed2fd9f5011c1e05f5a5f6588b283367d7395a7bcc57ef6887d4ded60e12,60.0,200.0,17,120.0000,ventanas,20261217
165,simulacion,SIM_5D,BAJA,78,1296,propio,ventas.202610.txt,ventas.202609.txt,bloqueo.2609.txt,,AG,3,1003,tiempo,2000,60,0,si,urgentes,929,5204,30240.00,504.0000,si,,,,131505.00,20909,923,861,861,100.00,0,120,0,2010.1,2100.7,2343,240992,0,333,476,12.865,29,0,0,0,20,257935,NO_EVALUABLE,0,16.0,LAPTOP-OMI6BJ6L,45a097c1b95bf1ad3f27d32ddffdc4ee8014640d7d379ca3df7bcd8b6f73c49a,b8d9ed2fd9f5011c1e05f5a5f6588b283367d7395a7bcc57ef6887d4ded60e12,60.0,200.0,17,120.0000,ventanas,20261017
166,simulacion,SIM_5D,MEDIA,98,1296,propio,ventas.202612.txt,ventas.202609.txt,bloqueo.2609.txt,,TABU,31,1031,tiempo,2000,60,0,,urgentes,1165,6536,11520.00,192.0000,si,,,,179771.00,29529,1157,1060,1060,100.00,0,119,0,2005.6,2075.5,166861,1040094,0,23,665,17.973,34,0,0,0,80,266141,NO_EVALUABLE,0,16.0,LAPTOP-OMI6BJ6L,45a097c1b95bf1ad3f27d32ddffdc4ee8014640d7d379ca3df7bcd8b6f73c49a,b8d9ed2fd9f5011c1e05f5a5f6588b283367d7395a7bcc57ef6887d4ded60e12,60.0,200.0,4,120.0000,ventanas,20261204
167,simulacion,SIM_5D,BAJA,78,1296,propio,ventas.202610.txt,ventas.202609.txt,bloqueo.2609.txt,,AG,12,1012,tiempo,2000,60,0,si,urgentes,886,4932,33120.00,552.0000,si,,,,127832.00,20973,877,808,808,100.00,0,119,0,2009.2,2096.7,1507,163693,0,351,483,13.054,28,0,0,0,23,252801,NO_EVALUABLE,0,16.0,LAPTOP-OMI6BJ6L,45a097c1b95bf1ad3f27d32ddffdc4ee8014640d7d379ca3df7bcd8b6f73c49a,b8d9ed2fd9f5011c1e05f5a5f6588b283367d7395a7bcc57ef6887d4ded60e12,60.0,200.0,19,120.0000,ventanas,20261019
168,simulacion,SIM_5D,ALTA,115,1296,propio,ventas.202702.txt,ventas.202609.txt,bloqueo.2609.txt,,TABU,4,1004,tiempo,2000,60,0,,urgentes,1445,8235,8961.00,149.3500,no,c4936-L1655 (c4936-L1655~1),,llegada tardía (planificada),79144.00,13172,636,471,472,99.79,0,54,0,2002.1,2040.5,109090,768692,0,13,304,8.216,15,0,0,0,38,132630,NO_EVALUABLE,0,16.0,LAPTOP-OMI6BJ6L,45a097c1b95bf1ad3f27d32ddffdc4ee8014640d7d379ca3df7bcd8b6f73c49a,b8d9ed2fd9f5011c1e05f5a5f6588b283367d7395a7bcc57ef6887d4ded60e12,60.0,200.0,5,53.3500,ventanas,20270205
169,simulacion,SIM_5D,ALTA,115,1296,propio,ventas.202702.txt,ventas.202609.txt,bloqueo.2609.txt,,TABU,18,1018,tiempo,2000,60,0,,urgentes,1371,7562,15172.00,252.8667,no,c4084-L2875 (c4084-L2875~2),,llegada tardía (planificada),131526.00,22134,961,818,819,99.88,0,85,0,2005.3,2092.1,103184,751032,0,9,515,13.919,24,0,0,0,60,205650,NO_EVALUABLE,0,16.0,LAPTOP-OMI6BJ6L,45a097c1b95bf1ad3f27d32ddffdc4ee8014640d7d379ca3df7bcd8b6f73c49a,b8d9ed2fd9f5011c1e05f5a5f6588b283367d7395a7bcc57ef6887d4ded60e12,60.0,200.0,8,84.8667,ventanas,20270208
170,simulacion,SIM_5D,BAJA,78,1296,propio,ventas.202610.txt,ventas.202609.txt,bloqueo.2609.txt,,AG,38,1038,tiempo,2000,60,0,si,urgentes,1003,5555,21600.00,360.0000,si,,,,143210.00,22992,997,908,908,100.00,0,119,0,2027.8,2176.0,1710,140220,0,247,541,14.622,30,0,0,0,33,270177,NO_EVALUABLE,0,16.0,LAPTOP-OMI6BJ6L,45a097c1b95bf1ad3f27d32ddffdc4ee8014640d7d379ca3df7bcd8b6f73c49a,b8d9ed2fd9f5011c1e05f5a5f6588b283367d7395a7bcc57ef6887d4ded60e12,60.0,200.0,11,120.0000,ventanas,20261011
171,simulacion,SIM_5D,MEDIA,98,1296,propio,ventas.202611.txt,ventas.202609.txt,bloqueo.2609.txt,,TABU,14,1014,tiempo,2000,60,0,,urgentes,1101,6115,28311.00,471.8500,no,c6031-L4314 (c6031-L4314),TA05,destino bloqueado,110169.00,18217,767,682,683,99.85,0,87,0,2003.4,2066.3,156844,1044695,0,39,426,11.514,26,0,0,0,32,189726,NO_EVALUABLE,0,16.0,LAPTOP-OMI6BJ6L,45a097c1b95bf1ad3f27d32ddffdc4ee8014640d7d379ca3df7bcd8b6f73c49a,b8d9ed2fd9f5011c1e05f5a5f6588b283367d7395a7bcc57ef6887d4ded60e12,60.0,200.0,17,87.8500,ventanas,20261117
172,simulacion,SIM_5D,BAJA,78,1296,propio,ventas.202609.txt,ventas.202609.txt,bloqueo.2609.txt,,AG,36,1036,tiempo,2000,60,0,si,urgentes,847,4663,17280.00,288.0000,si,,,,118032.00,19012,842,781,781,100.00,0,119,0,2009.2,2082.7,2191,178085,0,429,442,11.946,23,0,0,0,13,251453,NO_EVALUABLE,0,16.0,LAPTOP-OMI6BJ6L,45a097c1b95bf1ad3f27d32ddffdc4ee8014640d7d379ca3df7bcd8b6f73c49a,b8d9ed2fd9f5011c1e05f5a5f6588b283367d7395a7bcc57ef6887d4ded60e12,60.0,200.0,8,120.0000,ventanas,20260908
173,simulacion,SIM_5D,BAJA,78,1296,propio,ventas.202609.txt,ventas.202609.txt,bloqueo.2609.txt,,TABU,18,1018,tiempo,2000,60,0,,urgentes,829,4714,14400.00,240.0000,si,,,,120694.00,19848,824,744,744,100.00,0,119,0,2001.8,2066.0,198743,1360260,0,20,468,12.649,34,0,0,0,12,256703,NO_EVALUABLE,0,16.0,LAPTOP-OMI6BJ6L,45a097c1b95bf1ad3f27d32ddffdc4ee8014640d7d379ca3df7bcd8b6f73c49a,b8d9ed2fd9f5011c1e05f5a5f6588b283367d7395a7bcc57ef6887d4ded60e12,60.0,200.0,6,120.0000,ventanas,20260906
174,simulacion,SIM_5D,MEDIA,98,1296,propio,ventas.202611.txt,ventas.202609.txt,bloqueo.2609.txt,,AG,18,1018,tiempo,2000,60,0,si,urgentes,1146,6266,17161.00,286.0167,no,c4269-L2555 (c4269-L2555),,destino bloqueado,160005.00,26280,1119,994,995,99.90,0,118,0,2038.2,2431.2,897,74185,0,247,590,15.946,27,0,0,0,41,273901,NO_EVALUABLE,1,16.0,LAPTOP-OMI6BJ6L,45a097c1b95bf1ad3f27d32ddffdc4ee8014640d7d379ca3df7bcd8b6f73c49a,b8d9ed2fd9f5011c1e05f5a5f6588b283367d7395a7bcc57ef6887d4ded60e12,60.0,200.0,8,118.0167,ventanas,20261108
175,simulacion,SIM_5D,MEDIA,98,1296,propio,ventas.202612.txt,ventas.202609.txt,bloqueo.2609.txt,,TABU,24,1024,tiempo,2000,60,0,,urgentes,1222,6719,23040.00,384.0000,si,,,,175355.00,29086,1214,1074,1074,100.00,0,119,0,2003.1,2077.6,141749,919340,0,20,677,18.297,41,0,0,0,71,279215,NO_EVALUABLE,0,16.0,LAPTOP-OMI6BJ6L,45a097c1b95bf1ad3f27d32ddffdc4ee8014640d7d379ca3df7bcd8b6f73c49a,b8d9ed2fd9f5011c1e05f5a5f6588b283367d7395a7bcc57ef6887d4ded60e12,60.0,200.0,12,120.0000,ventanas,20261212
176,simulacion,SIM_5D,ALTA,115,1296,propio,ventas.202702.txt,ventas.202609.txt,bloqueo.2609.txt,,TABU,15,1015,tiempo,2000,60,0,,urgentes,1341,7440,15631.00,260.5167,no,c4392-L2986 (c4392-L2986~1),,llegada tardía (planificada),101884.00,17000,778,617,618,99.84,0,68,0,2004.9,2068.5,72359,510644,0,24,406,10.973,24,0,0,0,46,167090,NO_EVALUABLE,0,16.0,LAPTOP-OMI6BJ6L,45a097c1b95bf1ad3f27d32ddffdc4ee8014640d7d379ca3df7bcd8b6f73c49a,b8d9ed2fd9f5011c1e05f5a5f6588b283367d7395a7bcc57ef6887d4ded60e12,60.0,200.0,9,68.5167,ventanas,20270209
177,simulacion,SIM_5D,ALTA,115,1296,propio,ventas.202701.txt,ventas.202609.txt,bloqueo.2609.txt,,TABU,13,1013,tiempo,2000,60,0,,urgentes,1283,6903,15840.00,264.0000,si,,,,183093.00,30878,1272,1157,1157,100.00,0,119,0,2004.3,2064.2,91706,632765,0,28,740,20.000,39,0,0,0,69,308050,NO_EVALUABLE,0,16.0,LAPTOP-OMI6BJ6L,45a097c1b95bf1ad3f27d32ddffdc4ee8014640d7d379ca3df7bcd8b6f73c49a,b8d9ed2fd9f5011c1e05f5a5f6588b283367d7395a7bcc57ef6887d4ded60e12,60.0,200.0,7,120.0000,ventanas,20270107
178,simulacion,SIM_5D,ALTA,115,1296,propio,ventas.202702.txt,ventas.202609.txt,bloqueo.2609.txt,,AG,19,1019,tiempo,2000,60,0,si,urgentes,1437,8069,9453.00,157.5500,no,c1014-L1766 (c1014-L1766),,llegada tardía (planificada),55789.00,9063,491,325,326,99.69,0,37,0,2131.0,2645.7,238,27915,0,67,212,5.730,12,0,0,0,43,97697,NO_EVALUABLE,0,16.0,LAPTOP-OMI6BJ6L,45a097c1b95bf1ad3f27d32ddffdc4ee8014640d7d379ca3df7bcd8b6f73c49a,b8d9ed2fd9f5011c1e05f5a5f6588b283367d7395a7bcc57ef6887d4ded60e12,60.0,200.0,6,37.5500,ventanas,20270206
179,simulacion,SIM_5D,BAJA,78,1296,propio,ventas.202610.txt,ventas.202609.txt,bloqueo.2609.txt,,TABU,3,1003,tiempo,2000,60,0,,urgentes,929,5204,25522.00,425.3667,no,c2478-L3446 (c2478-L3446),,destino bloqueado,38824.00,6094,334,260,261,99.62,0,42,0,2002.4,2079.2,118347,949299,0,15,154,4.162,13,0,0,0,3,88707,NO_EVALUABLE,0,16.0,LAPTOP-OMI6BJ6L,45a097c1b95bf1ad3f27d32ddffdc4ee8014640d7d379ca3df7bcd8b6f73c49a,b8d9ed2fd9f5011c1e05f5a5f6588b283367d7395a7bcc57ef6887d4ded60e12,60.0,200.0,17,41.3667,ventanas,20261017
180,simulacion,SIM_5D,BAJA,78,1296,propio,ventas.202610.txt,ventas.202609.txt,bloqueo.2609.txt,,TABU,31,1031,tiempo,2000,60,0,,urgentes,984,5281,7582.00,126.3667,no,c7742-L969 (c7742-L969),,destino bloqueado,3120.00,508,52,16,17,94.12,0,6,0,2011.3,2063.8,34354,346338,0,8,21,0.568,1,0,0,0,0,12205,NO_EVALUABLE,0,16.0,LAPTOP-OMI6BJ6L,45a097c1b95bf1ad3f27d32ddffdc4ee8014640d7d379ca3df7bcd8b6f73c49a,b8d9ed2fd9f5011c1e05f5a5f6588b283367d7395a7bcc57ef6887d4ded60e12,60.0,200.0,6,6.3667,ventanas,20261006
181,simulacion,SIM_5D,MEDIA,98,1296,propio,ventas.202611.txt,ventas.202609.txt,bloqueo.2609.txt,,AG,29,1029,tiempo,2000,60,0,si,urgentes,1148,6283,20894.00,348.2333,no,c2628-L3219 (c2628-L3219),,llegada tardía (planificada),85987.00,14163,639,508,509,99.80,0,61,0,2076.6,2233.3,1128,77099,0,69,322,8.703,16,0,0,0,42,149331,NO_EVALUABLE,0,16.0,LAPTOP-OMI6BJ6L,45a097c1b95bf1ad3f27d32ddffdc4ee8014640d7d379ca3df7bcd8b6f73c49a,b8d9ed2fd9f5011c1e05f5a5f6588b283367d7395a7bcc57ef6887d4ded60e12,60.0,200.0,13,60.2333,ventanas,20261113
182,simulacion,SIM_5D,BAJA,78,1296,propio,ventas.202610.txt,ventas.202609.txt,bloqueo.2609.txt,,AG,31,1031,tiempo,2000,60,0,si,urgentes,984,5281,7582.00,126.3667,no,c7742-L969 (c7742-L969),,destino bloqueado,2906.00,447,52,18,19,94.74,0,6,0,2000.0,2005.1,540,67823,0,5,15,0.405,2,0,0,0,0,12120,NO_EVALUABLE,0,16.0,LAPTOP-OMI6BJ6L,45a097c1b95bf1ad3f27d32ddffdc4ee8014640d7d379ca3df7bcd8b6f73c49a,b8d9ed2fd9f5011c1e05f5a5f6588b283367d7395a7bcc57ef6887d4ded60e12,60.0,200.0,6,6.3667,ventanas,20261006
183,simulacion,SIM_5D,ALTA,115,1296,propio,ventas.202701.txt,ventas.202609.txt,bloqueo.2609.txt,,AG,12,1012,tiempo,2000,60,0,si,urgentes,1344,7328,3082.00,51.3667,no,c3821-L539 (c3821-L539),,destino bloqueado,25437.00,4185,303,180,181,99.45,0,28,0,2009.6,2088.7,1360,162875,0,51,114,3.081,8,0,0,0,7,60182,NO_EVALUABLE,0,16.0,LAPTOP-OMI6BJ6L,45a097c1b95bf1ad3f27d32ddffdc4ee8014640d7d379ca3df7bcd8b6f73c49a,b8d9ed2fd9f5011c1e05f5a5f6588b283367d7395a7bcc57ef6887d4ded60e12,60.0,200.0,2,27.3667,ventanas,20270102
184,simulacion,SIM_5D,ALTA,115,1296,propio,ventas.202701.txt,ventas.202609.txt,bloqueo.2609.txt,,AG,17,1017,tiempo,2000,60,0,si,urgentes,1306,7098,6086.00,101.4333,no,c2849-L1040 (c2849-L1040),,llegada tardía (planificada),66989.00,10952,539,424,425,99.76,0,53,0,2019.0,2132.0,493,47845,0,167,261,7.054,15,0,0,0,20,117936,NO_EVALUABLE,0,16.0,LAPTOP-OMI6BJ6L,45a097c1b95bf1ad3f27d32ddffdc4ee8014640d7d379ca3df7bcd8b6f73c49a,b8d9ed2fd9f5011c1e05f5a5f6588b283367d7395a7bcc57ef6887d4ded60e12,60.0,200.0,3,53.4333,ventanas,20270103
185,simulacion,SIM_5D,MEDIA,98,1296,propio,ventas.202612.txt,ventas.202609.txt,bloqueo.2609.txt,,TABU,13,1013,tiempo,2000,60,0,,urgentes,1156,6409,21600.00,360.0000,si,,,,168803.00,28228,1146,1043,1043,100.00,0,119,0,2003.2,2058.1,148330,990510,0,11,656,17.730,37,0,0,0,66,269234,NO_EVALUABLE,0,16.0,LAPTOP-OMI6BJ6L,45a097c1b95bf1ad3f27d32ddffdc4ee8014640d7d379ca3df7bcd8b6f73c49a,b8d9ed2fd9f5011c1e05f5a5f6588b283367d7395a7bcc57ef6887d4ded60e12,60.0,200.0,11,120.0000,ventanas,20261211
186,simulacion,SIM_5D,MEDIA,98,1296,propio,ventas.202612.txt,ventas.202609.txt,bloqueo.2609.txt,,TABU,35,1035,tiempo,2000,60,0,,urgentes,1298,6978,27360.00,456.0000,si,,,,190745.00,31849,1289,1170,1170,100.00,0,119,0,2002.7,2073.0,119848,814999,0,28,720,19.459,34,0,0,0,65,284159,NO_EVALUABLE,0,16.0,LAPTOP-OMI6BJ6L,45a097c1b95bf1ad3f27d32ddffdc4ee8014640d7d379ca3df7bcd8b6f73c49a,b8d9ed2fd9f5011c1e05f5a5f6588b283367d7395a7bcc57ef6887d4ded60e12,60.0,200.0,15,120.0000,ventanas,20261215
187,simulacion,SIM_5D,MEDIA,98,1296,propio,ventas.202612.txt,ventas.202609.txt,bloqueo.2609.txt,,AG,24,1024,tiempo,2000,60,0,si,urgentes,1222,6719,23040.00,384.0000,si,,,,170709.00,28210,1214,1076,1076,100.00,0,119,0,2085.4,2468.3,983,80242,0,183,638,17.243,29,0,0,0,79,288181,NO_EVALUABLE,0,16.0,LAPTOP-OMI6BJ6L,45a097c1b95bf1ad3f27d32ddffdc4ee8014640d7d379ca3df7bcd8b6f73c49a,b8d9ed2fd9f5011c1e05f5a5f6588b283367d7395a7bcc57ef6887d4ded60e12,60.0,200.0,12,120.0000,ventanas,20261212
188,simulacion,SIM_5D,MEDIA,98,1296,propio,ventas.202611.txt,ventas.202609.txt,bloqueo.2609.txt,,TABU,11,1011,tiempo,2000,60,0,,urgentes,1129,6248,14400.00,240.0000,si,,,,165849.00,27715,1114,1016,1016,100.00,0,119,0,2003.6,2072.8,139676,978698,0,26,637,17.216,41,0,0,0,44,268102,NO_EVALUABLE,1,16.0,LAPTOP-OMI6BJ6L,45a097c1b95bf1ad3f27d32ddffdc4ee8014640d7d379ca3df7bcd8b6f73c49a,b8d9ed2fd9f5011c1e05f5a5f6588b283367d7395a7bcc57ef6887d4ded60e12,60.0,200.0,6,120.0000,ventanas,20261106
189,simulacion,SIM_5D,MEDIA,98,1296,propio,ventas.202611.txt,ventas.202609.txt,bloqueo.2609.txt,,AG,9,1009,tiempo,2000,60,0,si,urgentes,1057,5766,8640.00,144.0000,si,,,,151590.00,24810,1049,950,950,100.00,0,119,0,2018.7,2231.3,1172,104110,0,354,556,15.027,27,0,0,0,41,261749,NO_EVALUABLE,0,16.0,LAPTOP-OMI6BJ6L,45a097c1b95bf1ad3f27d32ddffdc4ee8014640d7d379ca3df7bcd8b6f73c49a,b8d9ed2fd9f5011c1e05f5a5f6588b283367d7395a7bcc57ef6887d4ded60e12,60.0,200.0,2,120.0000,ventanas,20261102
190,simulacion,SIM_5D,MEDIA,98,1296,propio,ventas.202612.txt,ventas.202609.txt,bloqueo.2609.txt,,AG,28,1028,tiempo,2000,60,0,si,urgentes,1124,6242,15840.00,264.0000,si,,,,164583.00,27284,1111,1016,1016,100.00,0,119,0,2022.9,2249.6,803,83975,0,220,622,16.811,38,0,0,0,65,269317,NO_EVALUABLE,0,16.0,LAPTOP-OMI6BJ6L,45a097c1b95bf1ad3f27d32ddffdc4ee8014640d7d379ca3df7bcd8b6f73c49a,b8d9ed2fd9f5011c1e05f5a5f6588b283367d7395a7bcc57ef6887d4ded60e12,60.0,200.0,7,120.0000,ventanas,20261207
191,simulacion,SIM_5D,MEDIA,98,1296,propio,ventas.202611.txt,ventas.202609.txt,bloqueo.2609.txt,,AG,10,1010,tiempo,2000,60,0,si,urgentes,1215,6566,17161.00,286.0167,no,c4269-L2555 (c4269-L2555),,destino bloqueado,88018.00,14279,682,560,561,99.82,0,70,0,2039.4,2275.8,724,61134,0,229,332,8.973,17,0,0,0,17,161229,NO_EVALUABLE,0,16.0,LAPTOP-OMI6BJ6L,45a097c1b95bf1ad3f27d32ddffdc4ee8014640d7d379ca3df7bcd8b6f73c49a,b8d9ed2fd9f5011c1e05f5a5f6588b283367d7395a7bcc57ef6887d4ded60e12,60.0,200.0,10,70.0167,ventanas,20261110
192,simulacion,SIM_5D,BAJA,78,1296,propio,ventas.202610.txt,ventas.202609.txt,bloqueo.2609.txt,,TABU,38,1038,tiempo,2000,60,0,,urgentes,1003,5555,21600.00,360.0000,si,,,,149549.00,24418,997,903,903,100.00,0,119,0,2002.9,2077.7,157746,1039031,0,27,574,15.514,40,0,0,0,12,271491,NO_EVALUABLE,0,16.0,LAPTOP-OMI6BJ6L,45a097c1b95bf1ad3f27d32ddffdc4ee8014640d7d379ca3df7bcd8b6f73c49a,b8d9ed2fd9f5011c1e05f5a5f6588b283367d7395a7bcc57ef6887d4ded60e12,60.0,200.0,11,120.0000,ventanas,20261011
193,simulacion,SIM_5D,BAJA,78,1296,propio,ventas.202609.txt,ventas.202609.txt,bloqueo.2609.txt,,TABU,28,1028,tiempo,2000,60,0,,urgentes,795,4478,7200.00,120.0000,si,,,,115238.00,18912,788,721,721,100.00,0,119,0,2006.5,2082.9,238193,1620521,0,39,447,12.081,27,0,0,0,6,253636,NO_EVALUABLE,0,16.0,LAPTOP-OMI6BJ6L,45a097c1b95bf1ad3f27d32ddffdc4ee8014640d7d379ca3df7bcd8b6f73c49a,b8d9ed2fd9f5011c1e05f5a5f6588b283367d7395a7bcc57ef6887d4ded60e12,60.0,200.0,1,120.0000,ventanas,20260901
194,simulacion,SIM_5D,MEDIA,98,1296,propio,ventas.202612.txt,ventas.202609.txt,bloqueo.2609.txt,,AG,13,1013,tiempo,2000,60,0,si,urgentes,1156,6409,21600.00,360.0000,si,,,,166932.00,27529,1146,1040,1040,100.00,0,119,0,2022.1,2164.3,966,85898,0,207,631,17.054,26,0,0,0,64,268729,NO_EVALUABLE,0,16.0,LAPTOP-OMI6BJ6L,45a097c1b95bf1ad3f27d32ddffdc4ee8014640d7d379ca3df7bcd8b6f73c49a,b8d9ed2fd9f5011c1e05f5a5f6588b283367d7395a7bcc57ef6887d4ded60e12,60.0,200.0,11,120.0000,ventanas,20261211
195,simulacion,SIM_5D,BAJA,78,1296,propio,ventas.202610.txt,ventas.202609.txt,bloqueo.2609.txt,,AG,19,1019,tiempo,2000,60,0,si,urgentes,932,5134,37440.00,624.0000,si,,,,126526.00,21100,927,863,863,100.00,0,119,0,2015.5,2147.2,1517,120047,0,284,500,13.514,31,0,0,0,11,256859,NO_EVALUABLE,0,16.0,LAPTOP-OMI6BJ6L,45a097c1b95bf1ad3f27d32ddffdc4ee8014640d7d379ca3df7bcd8b6f73c49a,b8d9ed2fd9f5011c1e05f5a5f6588b283367d7395a7bcc57ef6887d4ded60e12,60.0,200.0,22,120.0000,ventanas,20261022
196,simulacion,SIM_5D,ALTA,115,1296,propio,ventas.202701.txt,ventas.202609.txt,bloqueo.2609.txt,,AG,27,1027,tiempo,2000,60,0,si,urgentes,1335,7255,13581.00,226.3500,no,c3409-L2413 (c3409-L2413~2),,llegada tardía (planificada),42545.00,6925,418,277,278,99.64,0,34,0,2118.2,2471.6,427,43956,0,153,171,4.622,11,0,0,0,9,86540,NO_EVALUABLE,0,16.0,LAPTOP-OMI6BJ6L,45a097c1b95bf1ad3f27d32ddffdc4ee8014640d7d379ca3df7bcd8b6f73c49a,b8d9ed2fd9f5011c1e05f5a5f6588b283367d7395a7bcc57ef6887d4ded60e12,60.0,200.0,9,34.3500,ventanas,20270109
197,simulacion,SIM_5D,BAJA,78,1296,propio,ventas.202610.txt,ventas.202609.txt,bloqueo.2609.txt,,TABU,9,1009,tiempo,2000,60,0,,urgentes,982,5365,17280.00,288.0000,si,,,,138767.00,23663,973,883,883,100.00,0,119,0,2004.3,2082.6,157694,1070103,0,80,568,15.351,37,0,0,0,5,266531,NO_EVALUABLE,0,16.0,LAPTOP-OMI6BJ6L,45a097c1b95bf1ad3f27d32ddffdc4ee8014640d7d379ca3df7bcd8b6f73c49a,b8d9ed2fd9f5011c1e05f5a5f6588b283367d7395a7bcc57ef6887d4ded60e12,60.0,200.0,8,120.0000,ventanas,20261008
198,simulacion,SIM_5D,BAJA,78,1296,propio,ventas.202610.txt,ventas.202609.txt,bloqueo.2609.txt,,TABU,17,1017,tiempo,2000,60,0,,urgentes,912,5044,31680.00,528.0000,si,,,,132141.00,21790,908,826,826,100.00,0,119,0,2004.3,2101.7,213225,1385370,0,30,496,13.405,31,0,0,0,28,255154,NO_EVALUABLE,0,16.0,LAPTOP-OMI6BJ6L,45a097c1b95bf1ad3f27d32ddffdc4ee8014640d7d379ca3df7bcd8b6f73c49a,b8d9ed2fd9f5011c1e05f5a5f6588b283367d7395a7bcc57ef6887d4ded60e12,60.0,200.0,18,120.0000,ventanas,20261018
199,simulacion,SIM_5D,ALTA,115,1296,propio,ventas.202702.txt,ventas.202609.txt,bloqueo.2609.txt,,AG,2,1002,tiempo,2000,60,0,si,urgentes,1374,7618,15729.00,262.1500,no,c0609-L3007 (c0609-L3007),TM07,llegada tardía (a bordo),58706.00,9558,540,376,377,99.73,0,47,0,2105.0,2522.6,1188,140767,0,216,237,6.405,14,0,0,0,25,119967,NO_EVALUABLE,0,16.0,LAPTOP-OMI6BJ6L,45a097c1b95bf1ad3f27d32ddffdc4ee8014640d7d379ca3df7bcd8b6f73c49a,b8d9ed2fd9f5011c1e05f5a5f6588b283367d7395a7bcc57ef6887d4ded60e12,60.0,200.0,10,46.1500,ventanas,20270210
200,simulacion,SIM_5D,MEDIA,98,1296,propio,ventas.202612.txt,ventas.202609.txt,bloqueo.2609.txt,,AG,20,1020,tiempo,2000,60,0,si,urgentes,1145,6300,7200.00,120.0000,si,,,,164157.00,27774,1136,1031,1031,100.00,0,119,0,2043.4,2304.3,1096,105259,0,189,639,17.270,29,0,0,0,44,273153,NO_EVALUABLE,0,16.0,LAPTOP-OMI6BJ6L,45a097c1b95bf1ad3f27d32ddffdc4ee8014640d7d379ca3df7bcd8b6f73c49a,b8d9ed2fd9f5011c1e05f5a5f6588b283367d7395a7bcc57ef6887d4ded60e12,60.0,200.0,1,120.0000,ventanas,20261201
201,simulacion,SIM_5D,ALTA,115,1296,propio,ventas.202701.txt,ventas.202609.txt,bloqueo.2609.txt,,AG,3,1003,tiempo,2000,60,0,si,urgentes,1370,7465,8471.00,141.1833,no,c7361-L1532 (c7361-L1532),,llegada tardía (planificada),68150.00,11186,560,427,428,99.77,0,46,0,2040.2,2263.8,1092,107265,0,76,267,7.216,14,0,0,0,41,107606,NO_EVALUABLE,0,16.0,LAPTOP-OMI6BJ6L,45a097c1b95bf1ad3f27d32ddffdc4ee8014640d7d379ca3df7bcd8b6f73c49a,b8d9ed2fd9f5011c1e05f5a5f6588b283367d7395a7bcc57ef6887d4ded60e12,60.0,200.0,5,45.1833,ventanas,20270105
202,simulacion,SIM_5D,MEDIA,98,1296,propio,ventas.202612.txt,ventas.202609.txt,bloqueo.2609.txt,,TABU,21,1021,tiempo,2000,60,0,,urgentes,1137,6368,14400.00,240.0000,si,,,,164602.00,27362,1130,1018,1018,100.00,0,119,0,2003.0,2064.3,160358,1072320,0,18,658,17.784,38,0,0,0,55,269108,NO_EVALUABLE,0,16.0,LAPTOP-OMI6BJ6L,45a097c1b95bf1ad3f27d32ddffdc4ee8014640d7d379ca3df7bcd8b6f73c49a,b8d9ed2fd9f5011c1e05f5a5f6588b283367d7395a7bcc57ef6887d4ded60e12,60.0,200.0,6,120.0000,ventanas,20261206
203,simulacion,SIM_5D,MEDIA,98,1296,propio,ventas.202612.txt,ventas.202609.txt,bloqueo.2609.txt,,TABU,4,1004,tiempo,2000,60,0,,urgentes,1066,5944,17280.00,288.0000,si,,,,154491.00,25611,1058,988,988,100.00,0,119,0,2002.0,2069.8,166776,1073571,0,36,603,16.297,36,0,0,0,36,264806,NO_EVALUABLE,0,16.0,LAPTOP-OMI6BJ6L,45a097c1b95bf1ad3f27d32ddffdc4ee8014640d7d379ca3df7bcd8b6f73c49a,b8d9ed2fd9f5011c1e05f5a5f6588b283367d7395a7bcc57ef6887d4ded60e12,60.0,200.0,8,120.0000,ventanas,20261208
204,simulacion,SIM_5D,BAJA,78,1296,propio,ventas.202609.txt,ventas.202609.txt,bloqueo.2609.txt,,AG,22,1022,tiempo,2000,60,0,si,urgentes,885,4750,23040.00,384.0000,si,,,,120835.00,19649,872,786,786,100.00,0,119,0,2009.6,2089.0,2141,213861,0,319,450,12.162,34,0,0,0,14,251630,NO_EVALUABLE,0,16.0,LAPTOP-OMI6BJ6L,45a097c1b95bf1ad3f27d32ddffdc4ee8014640d7d379ca3df7bcd8b6f73c49a,b8d9ed2fd9f5011c1e05f5a5f6588b283367d7395a7bcc57ef6887d4ded60e12,60.0,200.0,12,120.0000,ventanas,20260912
205,simulacion,SIM_5D,BAJA,78,1296,propio,ventas.202610.txt,ventas.202609.txt,bloqueo.2609.txt,,TABU,30,1030,tiempo,2000,60,0,,urgentes,990,5447,27360.00,456.0000,si,,,,143943.00,23651,985,905,905,100.00,0,119,0,2003.3,2064.6,198729,1332745,0,17,567,15.324,39,0,0,0,12,258592,NO_EVALUABLE,0,16.0,LAPTOP-OMI6BJ6L,45a097c1b95bf1ad3f27d32ddffdc4ee8014640d7d379ca3df7bcd8b6f73c49a,b8d9ed2fd9f5011c1e05f5a5f6588b283367d7395a7bcc57ef6887d4ded60e12,60.0,200.0,15,120.0000,ventanas,20261015
206,simulacion,SIM_5D,ALTA,115,1296,propio,ventas.202701.txt,ventas.202609.txt,bloqueo.2609.txt,,AG,20,1020,tiempo,2000,60,0,si,urgentes,1261,6904,20160.00,336.0000,si,,,,183068.00,30812,1251,1147,1147,100.00,0,119,0,2112.0,2358.4,338,36416,0,148,718,19.405,35,0,0,0,64,303950,NO_EVALUABLE,1,16.0,LAPTOP-OMI6BJ6L,45a097c1b95bf1ad3f27d32ddffdc4ee8014640d7d379ca3df7bcd8b6f73c49a,b8d9ed2fd9f5011c1e05f5a5f6588b283367d7395a7bcc57ef6887d4ded60e12,60.0,200.0,10,120.0000,ventanas,20270110
