orden,modo,escenario,nivel,pct_cmax,cmax_paquetes_dia,fuente_cmax,archivo_carga,archivo_ventas,archivo_bloqueos,archivo_averias,algoritmo,replica,semilla,modo_parada,ta_ms,sa_min,max_evaluaciones,busqueda_local,parciales,pedidos_originales_total,paquetes_total,colapso_min,colapso_h,censurada,pedido_colapso,unidad_colapso,causa_colapso,costo_acumulado,km_acumulados,pedidos_llegados,pedidos_entregados,pedidos_evaluables,pct_pedidos_en_plazo,entregas_tarde,replanificaciones,replan_por_evento,planificador_ms_medio,planificador_ms_max,iteraciones_totales,evaluaciones_totales,aplazamientos,cambios_de_unidad,viajes_totales,viajes_por_vehiculo_medio,viajes_por_vehiculo_max,bloqueos_encontrados,averias_aplicadas,trasvases,parciales_creadas,tiempo_real_ms,regla_destino,pedidos_inentregables_bloqueo,penalidad_estabilidad,pc,sha256_ventas,sha256_bloqueos,holgura_min,penalidad_holgura,dia_inicio,horas_desde_inicio,situaciones,semilla_carga
1,simulacion,SIM_5D,MEDIA,98,1296,propio,ventas.202611.txt,ventas.202609.txt,bloqueo.2609.txt,,AG,34,2034,tiempo,2000,60,0,si,urgentes,1239,6616,17161.00,286.0167,no,c4269-L2555 (c4269-L2555),,destino bloqueado,49841.00,7994,450,329,330,99.70,0,46,0,2046.3,2309.4,480,40925,0,118,191,5.162,14,0,0,0,4,107615,NO_EVALUABLE,0,16.0,LAPTOP-OMI6BJ6L,45a097c1b95bf1ad3f27d32ddffdc4ee8014640d7d379ca3df7bcd8b6f73c49a,b8d9ed2fd9f5011c1e05f5a5f6588b283367d7395a7bcc57ef6887d4ded60e12,60.0,200.0,11,46.0167,ventanas,20261111
2,simulacion,SIM_5D,BAJA,78,1296,propio,ventas.202610.txt,ventas.202609.txt,bloqueo.2609.txt,,AG,40,2040,tiempo,2000,60,0,si,urgentes,911,5074,34560.00,576.0000,si,,,,119342.00,19378,900,799,799,100.00,0,119,0,2013.6,2211.1,1565,114731,0,371,458,12.378,24,0,0,0,16,254454,NO_EVALUABLE,0,16.0,LAPTOP-OMI6BJ6L,45a097c1b95bf1ad3f27d32ddffdc4ee8014640d7d379ca3df7bcd8b6f73c49a,b8d9ed2fd9f5011c1e05f5a5f6588b283367d7395a7bcc57ef6887d4ded60e12,60.0,200.0,20,120.0000,ventanas,20261020
3,simulacion,SIM_5D,MEDIA,98,1296,propio,ventas.202612.txt,ventas.202609.txt,bloqueo.2609.txt,,AG,22,2022,tiempo,2000,60,0,si,urgentes,1102,6080,18720.00,312.0000,si,,,,156507.00,25964,1088,973,973,100.00,0,119,0,2036.0,2207.2,657,50424,0,134,591,15.973,35,0,0,0,48,279790,NO_EVALUABLE,0,16.0,LAPTOP-OMI6BJ6L,45a097c1b95bf1ad3f27d32ddffdc4ee8014640d7d379ca3df7bcd8b6f73c49a,b8d9ed2fd9f5011c1e05f5a5f6588b283367d7395a7bcc57ef6887d4ded60e12,60.0,200.0,9,120.0000,ventanas,20261209
4,simulacion,SIM_5D,MEDIA,98,1296,propio,ventas.202612.txt,ventas.202609.txt,bloqueo.2609.txt,,AG,6,2006,tiempo,2000,60,0,si,urgentes,1210,6786,10080.00,168.0000,si,,,,180996.00,30046,1199,1089,1089,100.00,0,119,0,2054.3,2292.8,485,42986,0,220,690,18.649,33,0,0,0,80,280534,NO_EVALUABLE,0,16.0,LAPTOP-OMI6BJ6L,45a097c1b95bf1ad3f27d32ddffdc4ee8014640d7d379ca3df7bcd8b6f73c49a,b8d9ed2fd9f5011c1e05f5a5f6588b283367d7395a7bcc57ef6887d4ded60e12,60.0,200.0,3,120.0000,ventanas,20261203
5,simulacion,SIM_5D,MEDIA,98,1296,propio,ventas.202611.txt,ventas.202609.txt,bloqueo.2609.txt,,AG,17,2017,tiempo,2000,60,0,si,urgentes,1104,6152,27360.00,456.0000,si,,,,162110.00,26758,1099,988,988,100.00,0,119,0,2017.3,2096.7,632,49260,0,115,618,16.703,42,0,0,0,44,263452,NO_EVALUABLE,0,16.0,LAPTOP-OMI6BJ6L,45a097c1b95bf1ad3f27d32ddffdc4ee8014640d7d379ca3df7bcd8b6f73c49a,b8d9ed2fd9f5011c1e05f5a5f6588b283367d7395a7bcc57ef6887d4ded60e12,60.0,200.0,15,120.0000,ventanas,20261115
6,simulacion,SIM_5D,ALTA,115,1296,propio,ventas.202702.txt,ventas.202609.txt,bloqueo.2609.txt,,AG,4,2004,tiempo,2000,60,0,si,urgentes,1445,8235,8961.00,149.3500,no,c4936-L1655 (c4936-L1655~1),,llegada tardía (planificada),79278.00,12951,636,457,458,99.78,0,54,0,2196.3,2702.9,562,43458,0,123,293,7.919,13,0,0,0,57,147943,NO_EVALUABLE,0,16.0,LAPTOP-OMI6BJ6L,45a097c1b95bf1ad3f27d32ddffdc4ee8014640d7d379ca3df7bcd8b6f73c49a,b8d9ed2fd9f5011c1e05f5a5f6588b283367d7395a7bcc57ef6887d4ded60e12,60.0,200.0,5,53.3500,ventanas,20270205
7,simulacion,SIM_5D,ALTA,115,1296,propio,ventas.202701.txt,ventas.202609.txt,bloqueo.2609.txt,,TABU,7,2007,tiempo,2000,60,0,,urgentes,1253,6908,21600.00,360.0000,si,,,,181388.00,30886,1242,1122,1122,100.00,0,119,0,2005.9,2129.8,71478,427042,0,11,710,19.189,36,0,0,0,60,304481,NO_EVALUABLE,1,16.0,LAPTOP-OMI6BJ6L,45a097c1b95bf1ad3f27d32ddffdc4ee8014640d7d379ca3df7bcd8b6f73c49a,b8d9ed2fd9f5011c1e05f5a5f6588b283367d7395a7bcc57ef6887d4ded60e12,60.0,200.0,11,120.0000,ventanas,20270111
8,simulacion,SIM_5D,ALTA,115,1296,propio,ventas.202701.txt,ventas.202609.txt,bloqueo.2609.txt,,AG,24,2024,tiempo,2000,60,0,si,urgentes,1316,7072,14729.00,245.4833,no,c7136-L2668 (c7136-L2668),,llegada tardía (planificada),109138.00,18621,849,710,711,99.86,0,77,0,2209.9,2749.6,765,76909,0,44,450,12.162,23,0,0,0,38,218242,NO_EVALUABLE,0,16.0,LAPTOP-OMI6BJ6L,45a097c1b95bf1ad3f27d32ddffdc4ee8014640d7d379ca3df7bcd8b6f73c49a,b8d9ed2fd9f5011c1e05f5a5f6588b283367d7395a7bcc57ef6887d4ded60e12,60.0,200.0,8,77.4833,ventanas,20270108
9,simulacion,SIM_5D,BAJA,78,1296,propio,ventas.202610.txt,ventas.202609.txt,bloqueo.2609.txt,,TABU,26,2026,tiempo,2000,60,0,,urgentes,938,5150,29155.00,485.9167,no,c4704-L3903 (c4704-L3903),TA01,destino bloqueado,2946.00,438,43,18,19,94.74,0,5,0,2012.8,2033.7,30614,301020,0,3,16,0.432,1,0,0,0,0,10327,NO_EVALUABLE,0,16.0,LAPTOP-OMI6BJ6L,45a097c1b95bf1ad3f27d32ddffdc4ee8014640d7d379ca3df7bcd8b6f73c49a,b8d9ed2fd9f5011c1e05f5a5f6588b283367d7395a7bcc57ef6887d4ded60e12,60.0,200.0,21,5.9167,ventanas,20261021
10,simulacion,SIM_5D,MEDIA,98,1296,propio,ventas.202611.txt,ventas.202609.txt,bloqueo.2609.txt,,TABU,29,2029,tiempo,2000,60,0,,urgentes,1148,6283,20826.00,347.1000,no,c7178-L3204 (c7178-L3204),TA06,llegada tardía (a bordo),83412.00,14055,632,507,508,99.80,0,60,0,2004.5,2056.1,89071,593924,0,17,328,8.865,17,0,0,0,23,142399,NO_EVALUABLE,0,16.0,LAPTOP-OMI6BJ6L,45a097c1b95bf1ad3f27d32ddffdc4ee8014640d7d379ca3df7bcd8b6f73c49a,b8d9ed2fd9f5011c1e05f5a5f6588b283367d7395a7bcc57ef6887d4ded60e12,60.0,200.0,13,59.1000,ventanas,20261113
11,simulacion,SIM_5D,BAJA,78,1296,propio,ventas.202609.txt,ventas.202609.txt,bloqueo.2609.txt,,AG,28,2028,tiempo,2000,60,0,si,urgentes,795,4478,715.00,11.9167,no,c4523-L57 (c4523-L57),TM06,llegada tardía (a bordo),5334.00,974,73,40,41,97.56,0,11,0,2000.9,2003.8,821,99453,0,44,30,0.811,3,0,0,0,0,22855,NO_EVALUABLE,0,16.0,LAPTOP-OMI6BJ6L,45a097c1b95bf1ad3f27d32ddffdc4ee8014640d7d379ca3df7bcd8b6f73c49a,b8d9ed2fd9f5011c1e05f5a5f6588b283367d7395a7bcc57ef6887d4ded60e12,60.0,200.0,1,11.9167,ventanas,20260901
12,simulacion,SIM_5D,ALTA,115,1296,propio,ventas.202702.txt,ventas.202609.txt,bloqueo.2609.txt,,TABU,21,2021,tiempo,2000,60,0,,urgentes,1355,7479,19502.00,325.0333,no,c4548-L3691 (c4548-L3691),TA04,llegada tardía (a bordo),83718.00,13647,650,506,507,99.80,0,61,0,2008.1,2175.2,79304,547626,0,11,326,8.811,20,0,0,0,34,141728,NO_EVALUABLE,0,16.0,LAPTOP-OMI6BJ6L,45a097c1b95bf1ad3f27d32ddffdc4ee8014640d7d379ca3df7bcd8b6f73c49a,b8d9ed2fd9f5011c1e05f5a5f6588b283367d7395a7bcc57ef6887d4ded60e12,60.0,200.0,12,61.0333,ventanas,20270212
13,simulacion,SIM_5D,ALTA,115,1296,propio,ventas.202702.txt,ventas.202609.txt,bloqueo.2609.txt,,TABU,11,2011,tiempo,2000,60,0,,urgentes,1423,7874,20047.00,334.1167,no,c0928-L3807 (c0928-L3807),,llegada tardía (planificada),65689.00,10639,543,383,384,99.74,0,47,0,2004.4,2064.6,86693,652286,0,27,255,6.892,14,0,0,0,30,109286,NO_EVALUABLE,0,16.0,LAPTOP-OMI6BJ6L,45a097c1b95bf1ad3f27d32ddffdc4ee8014640d7d379ca3df7bcd8b6f73c49a,b8d9ed2fd9f5011c1e05f5a5f6588b283367d7395a7bcc57ef6887d4ded60e12,60.0,200.0,13,46.1167,ventanas,20270213
14,simulacion,SIM_5D,BAJA,78,1296,propio,ventas.202609.txt,ventas.202609.txt,bloqueo.2609.txt,,TABU,21,2021,tiempo,2000,60,0,,urgentes,894,4800,21600.00,360.0000,si,,,,125765.00,20938,886,801,801,100.00,0,119,0,2002.2,2073.8,215295,1360970,0,39,494,13.351,27,0,0,0,1,251783,NO_EVALUABLE,0,16.0,LAPTOP-OMI6BJ6L,45a097c1b95bf1ad3f27d32ddffdc4ee8014640d7d379ca3df7bcd8b6f73c49a,b8d9ed2fd9f5011c1e05f5a5f6588b283367d7395a7bcc57ef6887d4ded60e12,60.0,200.0,11,120.0000,ventanas,20260911
15,simulacion,SIM_5D,BAJA,78,1296,propio,ventas.202610.txt,ventas.202609.txt,bloqueo.2609.txt,,TABU,24,2024,tiempo,2000,60,0,,urgentes,950,5297,28800.00,480.0000,si,,,,142721.00,22904,945,878,878,100.00,0,119,0,2002.4,2079.4,177200,1163799,0,135,536,14.486,36,0,0,0,20,257727,NO_EVALUABLE,0,16.0,LAPTOP-OMI6BJ6L,45a097c1b95bf1ad3f27d32ddffdc4ee8014640d7d379ca3df7bcd8b6f73c49a,b8d9ed2fd9f5011c1e05f5a5f6588b283367d7395a7bcc57ef6887d4ded60e12,60.0,200.0,16,120.0000,ventanas,20261016
16,simulacion,SIM_5D,MEDIA,98,1296,propio,ventas.202612.txt,ventas.202609.txt,bloqueo.2609.txt,,TABU,25,2025,tiempo,2000,60,0,,urgentes,1304,6959,28800.00,480.0000,si,,,,185764.00,31427,1292,1168,1168,100.00,0,119,0,2003.4,2068.9,102982,753406,0,13,723,19.541,40,0,0,0,56,285710,NO_EVALUABLE,0,16.0,LAPTOP-OMI6BJ6L,45a097c1b95bf1ad3f27d32ddffdc4ee8014640d7d379ca3df7bcd8b6f73c49a,b8d9ed2fd9f5011c1e05f5a5f6588b283367d7395a7bcc57ef6887d4ded60e12,60.0,200.0,16,120.0000,ventanas,20261216
17,simulacion,SIM_5D,MEDIA,98,1296,propio,ventas.202611.txt,ventas.202609.txt,bloqueo.2609.txt,,AG,12,2012,tiempo,2000,60,0,si,urgentes,1012,5534,7200.00,120.0000,si,,,,148817.00,24730,1008,935,935,100.00,0,119,0,2013.4,2086.5,1411,129573,0,315,570,15.405,30,0,0,0,30,259213,NO_EVALUABLE,0,16.0,LAPTOP-OMI6BJ6L,45a097c1b95bf1ad3f27d32ddffdc4ee8014640d7d379ca3df7bcd8b6f73c49a,b8d9ed2fd9f5011c1e05f5a5f6588b283367d7395a7bcc57ef6887d4ded60e12,60.0,200.0,1,120.0000,ventanas,20261101
18,simulacion,SIM_5D,BAJA,78,1296,propio,ventas.202609.txt,ventas.202609.txt,bloqueo.2609.txt,,AG,10,2010,tiempo,2000,60,0,si,urgentes,819,4649,10080.00,168.0000,si,,,,111245.00,18123,814,741,741,100.00,0,119,0,2011.6,2082.9,2126,177728,0,391,415,11.216,24,0,0,0,14,254528,NO_EVALUABLE,0,16.0,LAPTOP-OMI6BJ6L,45a097c1b95bf1ad3f27d32ddffdc4ee8014640d7d379ca3df7bcd8b6f73c49a,b8d9ed2fd9f5011c1e05f5a5f6588b283367d7395a7bcc57ef6887d4ded60e12,60.0,200.0,3,120.0000,ventanas,20260903
19,simulacion,SIM_5D,MEDIA,98,1296,propio,ventas.202611.txt,ventas.202609.txt,bloqueo.2609.txt,,AG,3,2003,tiempo,2000,60,0,si,urgentes,1035,5843,27136.00,452.2667,no,c3519-L4153 (c3519-L4153~2),,llegada tardía (planificada),113248.00,18441,812,691,692,99.86,0,92,0,2014.2,2094.5,1146,109511,0,297,412,11.135,21,0,0,0,42,199956,NO_EVALUABLE,0,16.0,LAPTOP-OMI6BJ6L,45a097c1b95bf1ad3f27d32ddffdc4ee8014640d7d379ca3df7bcd8b6f73c49a,b8d9ed2fd9f5011c1e05f5a5f6588b283367d7395a7bcc57ef6887d4ded60e12,60.0,200.0,16,92.2667,ventanas,20261116
20,simulacion,SIM_5D,MEDIA,98,1296,propio,ventas.202611.txt,ventas.202609.txt,bloqueo.2609.txt,,TABU,23,2023,tiempo,2000,60,0,,urgentes,1039,5730,10080.00,168.0000,si,,,,148600.00,24990,1032,921,921,100.00,0,119,0,2004.3,2072.9,192129,1296848,0,33,587,15.865,37,0,0,0,14,260087,NO_EVALUABLE,0,16.0,LAPTOP-OMI6BJ6L,45a097c1b95bf1ad3f27d32ddffdc4ee8014640d7d379ca3df7bcd8b6f73c49a,b8d9ed2fd9f5011c1e05f5a5f6588b283367d7395a7bcc57ef6887d4ded60e12,60.0,200.0,3,120.0000,ventanas,20261103
21,simulacion,SIM_5D,ALTA,115,1296,propio,ventas.202701.txt,ventas.202609.txt,bloqueo.2609.txt,,TABU,12,2012,tiempo,2000,60,0,,urgentes,1344,7328,3082.00,51.3667,no,c3821-L539 (c3821-L539),,destino bloqueado,29064.00,4737,303,189,190,99.47,0,28,0,2002.7,2064.3,94469,797628,0,13,126,3.405,7,0,0,0,2,60226,NO_EVALUABLE,0,16.0,LAPTOP-OMI6BJ6L,45a097c1b95bf1ad3f27d32ddffdc4ee8014640d7d379ca3df7bcd8b6f73c49a,b8d9ed2fd9f5011c1e05f5a5f6588b283367d7395a7bcc57ef6887d4ded60e12,60.0,200.0,2,27.3667,ventanas,20270102
22,simulacion,SIM_5D,MEDIA,98,1296,propio,ventas.202611.txt,ventas.202609.txt,bloqueo.2609.txt,,TABU,12,2012,tiempo,2000,60,0,,urgentes,1012,5534,7200.00,120.0000,si,,,,150315.00,24894,1008,931,931,100.00,0,119,0,2003.4,2088.3,187350,1264768,0,24,576,15.568,37,0,0,0,27,260729,NO_EVALUABLE,0,16.0,LAPTOP-OMI6BJ6L,45a097c1b95bf1ad3f27d32ddffdc4ee8014640d7d379ca3df7bcd8b6f73c49a,b8d9ed2fd9f5011c1e05f5a5f6588b283367d7395a7bcc57ef6887d4ded60e12,60.0,200.0,1,120.0000,ventanas,20261101
23,simulacion,SIM_5D,ALTA,115,1296,propio,ventas.202701.txt,ventas.202609.txt,bloqueo.2609.txt,,TABU,14,2014,tiempo,2000,60,0,,urgentes,1332,7232,3082.00,51.3667,no,c3821-L539 (c3821-L539),,destino bloqueado,72558.00,12208,583,439,440,99.77,0,51,0,2001.3,2069.7,76901,511424,0,26,283,7.649,15,0,0,0,19,111523,NO_EVALUABLE,0,16.0,LAPTOP-OMI6BJ6L,45a097c1b95bf1ad3f27d32ddffdc4ee8014640d7d379ca3df7bcd8b6f73c49a,b8d9ed2fd9f5011c1e05f5a5f6588b283367d7395a7bcc57ef6887d4ded60e12,60.0,200.0,1,51.3667,ventanas,20270101
24,simulacion,SIM_5D,MEDIA,98,1296,propio,ventas.202612.txt,ventas.202609.txt,bloqueo.2609.txt,,AG,35,2035,tiempo,2000,60,0,si,urgentes,1298,6978,27360.00,456.0000,si,,,,188316.00,31820,1289,1176,1176,100.00,0,119,0,2096.2,2469.2,561,61132,0,179,721,19.486,38,0,0,0,59,293663,NO_EVALUABLE,0,16.0,LAPTOP-OMI6BJ6L,45a097c1b95bf1ad3f27d32ddffdc4ee8014640d7d379ca3df7bcd8b6f73c49a,b8d9ed2fd9f5011c1e05f5a5f6588b283367d7395a7bcc57ef6887d4ded60e12,60.0,200.0,15,120.0000,ventanas,20261215
25,simulacion,SIM_5D,BAJA,78,1296,propio,ventas.202609.txt,ventas.202609.txt,bloqueo.2609.txt,,TABU,37,2037,tiempo,2000,60,0,,urgentes,897,4884,27360.00,456.0000,si,,,,130761.00,21647,890,817,817,100.00,0,119,0,2002.2,2073.4,197865,1267404,0,24,496,13.405,31,0,0,0,14,264237,NO_EVALUABLE,0,16.0,LAPTOP-OMI6BJ6L,45a097c1b95bf1ad3f27d32ddffdc4ee8014640d7d379ca3df7bcd8b6f73c49a,b8d9ed2fd9f5011c1e05f5a5f6588b283367d7395a7bcc57ef6887d4ded60e12,60.0,200.0,15,120.0000,ventanas,20260915
26,simulacion,SIM_5D,BAJA,78,1296,propio,ventas.202610.txt,ventas.202609.txt,bloqueo.2609.txt,,TABU,16,2016,tiempo,2000,60,0,,urgentes,974,5387,20160.00,336.0000,si,,,,147293.00,24704,964,895,895,100.00,0,119,0,2007.0,2091.8,167050,1103658,0,18,586,15.838,33,0,0,0,17,264208,NO_EVALUABLE,0,16.0,LAPTOP-OMI6BJ6L,45a097c1b95bf1ad3f27d32ddffdc4ee8014640d7d379ca3df7bcd8b6f73c49a,b8d9ed2fd9f5011c1e05f5a5f6588b283367d7395a7bcc57ef6887d4ded60e12,60.0,200.0,10,120.0000,ventanas,20261010
27,simulacion,SIM_5D,ALTA,115,1296,propio,ventas.202702.txt,ventas.202609.txt,bloqueo.2609.txt,,AG,18,2018,tiempo,2000,60,0,si,urgentes,1371,7562,11748.00,195.8000,no,c3036-L2247 (c3036-L2247),TB12,llegada tardía (a bordo),34027.00,5537,321,207,208,99.52,0,28,0,2011.0,2051.0,1099,111080,0,11,134,3.622,8,0,0,0,18,62193,NO_EVALUABLE,0,16.0,LAPTOP-OMI6BJ6L,45a097c1b95bf1ad3f27d32ddffdc4ee8014640d7d379ca3df7bcd8b6f73c49a,b8d9ed2fd9f5011c1e05f5a5f6588b283367d7395a7bcc57ef6887d4ded60e12,60.0,200.0,8,27.8000,ventanas,20270208
28,simulacion,SIM_5D,MEDIA,98,1296,propio,ventas.202612.txt,ventas.202609.txt,bloqueo.2609.txt,,TABU,19,2019,tiempo,2000,60,0,,urgentes,1153,6499,8495.00,141.5833,no,c4517-L1314 (c4517-L1314~1),TA07,llegada tardía (a bordo),55968.00,9167,456,333,334,99.70,0,45,0,2004.5,2069.0,74791,542223,0,17,217,5.865,14,0,0,0,16,100373,NO_EVALUABLE,0,16.0,LAPTOP-OMI6BJ6L,45a097c1b95bf1ad3f27d32ddffdc4ee8014640d7d379ca3df7bcd8b6f73c49a,b8d9ed2fd9f5011c1e05f5a5f6588b283367d7395a7bcc57ef6887d4ded60e12,60.0,200.0,5,45.5833,ventanas,20261205
29,simulacion,SIM_5D,MEDIA,98,1296,propio,ventas.202611.txt,ventas.202609.txt,bloqueo.2609.txt,,AG,8,2008,tiempo,2000,60,0,si,urgentes,1059,5841,11520.00,192.0000,si,,,,151635.00,25212,1051,961,961,100.00,0,119,0,2029.6,2263.5,1049,90999,0,202,591,15.973,36,0,0,0,37,265022,NO_EVALUABLE,0,16.0,LAPTOP-OMI6BJ6L,45a097c1b95bf1ad3f27d32ddffdc4ee8014640d7d379ca3df7bcd8b6f73c49a,b8d9ed2fd9f5011c1e05f5a5f6588b283367d7395a7bcc57ef6887d4ded60e12,60.0,200.0,4,120.0000,ventanas,20261104
30,simulacion,SIM_5D,BAJA,78,1296,propio,ventas.202609.txt,ventas.202609.txt,bloqueo.2609.txt,,TABU,20,2020,tiempo,2000,60,0,,urgentes,886,4907,34560.00,576.0000,si,,,,127069.00,21263,881,786,786,100.00,0,119,0,2002.3,2075.2,187758,1332227,0,43,512,13.838,39,0,0,0,6,263467,NO_EVALUABLE,0,16.0,LAPTOP-OMI6BJ6L,45a097c1b95bf1ad3f27d32ddffdc4ee8014640d7d379ca3df7bcd8b6f73c49a,b8d9ed2fd9f5011c1e05f5a5f6588b283367d7395a7bcc57ef6887d4ded60e12,60.0,200.0,20,120.0000,ventanas,20260920
31,simulacion,SIM_5D,MEDIA,98,1296,propio,ventas.202612.txt,ventas.202609.txt,bloqueo.2609.txt,,AG,31,2031,tiempo,2000,60,0,si,urgentes,1165,6536,11520.00,192.0000,si,,,,175014.00,28422,1157,1067,1067,100.00,0,119,0,2038.6,2192.1,954,76227,0,299,646,17.459,35,0,0,0,88,271420,NO_EVALUABLE,0,16.0,LAPTOP-OMI6BJ6L,45a097c1b95bf1ad3f27d32ddffdc4ee8014640d7d379ca3df7bcd8b6f73c49a,b8d9ed2fd9f5011c1e05f5a5f6588b283367d7395a7bcc57ef6887d4ded60e12,60.0,200.0,4,120.0000,ventanas,20261204
32,simulacion,SIM_5D,MEDIA,98,1296,propio,ventas.202612.txt,ventas.202609.txt,bloqueo.2609.txt,,TABU,30,2030,tiempo,2000,60,0,,urgentes,1309,7100,24480.00,408.0000,si,,,,187907.00,31368,1290,1154,1154,100.00,0,120,0,2005.5,2091.6,131470,962871,0,16,727,19.649,40,0,0,0,54,288998,NO_EVALUABLE,0,16.0,LAPTOP-OMI6BJ6L,45a097c1b95bf1ad3f27d32ddffdc4ee8014640d7d379ca3df7bcd8b6f73c49a,b8d9ed2fd9f5011c1e05f5a5f6588b283367d7395a7bcc57ef6887d4ded60e12,60.0,200.0,13,120.0000,ventanas,20261213
33,simulacion,SIM_5D,ALTA,115,1296,propio,ventas.202701.txt,ventas.202609.txt,bloqueo.2609.txt,,AG,13,2013,tiempo,2000,60,0,si,urgentes,1283,6903,15840.00,264.0000,si,,,,185232.00,30986,1272,1155,1155,100.00,0,119,0,2201.8,2744.6,523,51325,0,78,714,19.297,33,0,0,0,60,333487,NO_EVALUABLE,0,16.0,LAPTOP-OMI6BJ6L,45a097c1b95bf1ad3f27d32ddffdc4ee8014640d7d379ca3df7bcd8b6f73c49a,b8d9ed2fd9f5011c1e05f5a5f6588b283367d7395a7bcc57ef6887d4ded60e12,60.0,200.0,7,120.0000,ventanas,20270107
34,simulacion,SIM_5D,ALTA,115,1296,propio,ventas.202701.txt,ventas.202609.txt,bloqueo.2609.txt,,TABU,10,2010,tiempo,2000,60,0,,urgentes,1277,7088,25920.00,432.0000,si,,,,188438.00,31656,1265,1145,1145,100.00,0,119,0,2006.6,2078.2,99322,713529,0,25,723,19.541,34,0,0,0,71,291069,NO_EVALUABLE,1,16.0,LAPTOP-OMI6BJ6L,45a097c1b95bf1ad3f27d32ddffdc4ee8014640d7d379ca3df7bcd8b6f73c49a,b8d9ed2fd9f5011c1e05f5a5f6588b283367d7395a7bcc57ef6887d4ded60e12,60.0,200.0,14,120.0000,ventanas,20270114
35,simulacion,SIM_5D,BAJA,78,1296,propio,ventas.202609.txt,ventas.202609.txt,bloqueo.2609.txt,,AG,37,2037,tiempo,2000,60,0,si,urgentes,897,4884,27360.00,456.0000,si,,,,127554.00,20930,890,817,817,100.00,0,119,0,2035.1,2279.1,1288,111304,0,229,479,12.946,34,0,0,0,27,268389,NO_EVALUABLE,0,16.0,LAPTOP-OMI6BJ6L,45a097c1b95bf1ad3f27d32ddffdc4ee8014640d7d379ca3df7bcd8b6f73c49a,b8d9ed2fd9f5011c1e05f5a5f6588b283367d7395a7bcc57ef6887d4ded60e12,60.0,200.0,15,120.0000,ventanas,20260915
36,simulacion,SIM_5D,MEDIA,98,1296,propio,ventas.202611.txt,ventas.202609.txt,bloqueo.2609.txt,,TABU,34,2034,tiempo,2000,60,0,,urgentes,1239,6616,18001.00,300.0167,no,c9431-L2703 (c9431-L2703),,llegada tardía (planificada),77022.00,12800,592,475,476,99.79,0,60,0,2002.0,2040.4,82603,599255,0,25,309,8.351,17,0,0,0,18,143921,NO_EVALUABLE,0,16.0,LAPTOP-OMI6BJ6L,45a097c1b95bf1ad3f27d32ddffdc4ee8014640d7d379ca3df7bcd8b6f73c49a,b8d9ed2fd9f5011c1e05f5a5f6588b283367d7395a7bcc57ef6887d4ded60e12,60.0,200.0,11,60.0167,ventanas,20261111
37,simulacion,SIM_5D,BAJA,78,1296,propio,ventas.202609.txt,ventas.202609.txt,bloqueo.2609.txt,,TABU,2,2002,tiempo,2000,60,0,,urgentes,878,4817,30240.00,504.0000,si,,,,128368.00,21448,875,795,795,100.00,0,119,0,2007.1,2076.7,156696,1043759,0,36,485,13.108,36,0,0,0,13,263708,NO_EVALUABLE,0,16.0,LAPTOP-OMI6BJ6L,45a097c1b95bf1ad3f27d32ddffdc4ee8014640d7d379ca3df7bcd8b6f73c49a,b8d9ed2fd9f5011c1e05f5a5f6588b283367d7395a7bcc57ef6887d4ded60e12,60.0,200.0,17,120.0000,ventanas,20260917
38,simulacion,SIM_5D,MEDIA,98,1296,propio,ventas.202612.txt,ventas.202609.txt,bloqueo.2609.txt,,AG,27,2027,tiempo,2000,60,0,si,urgentes,1146,6309,15664.00,261.0667,no,c0431-L2431 (c0431-L2431),,llegada tardía (planificada),52412.00,8603,417,321,322,99.69,0,45,0,2012.2,2088.4,609,59898,0,81,193,5.216,11,0,0,0,14,99886,NO_EVALUABLE,0,16.0,LAPTOP-OMI6BJ6L,45a097c1b95bf1ad3f27d32ddffdc4ee8014640d7d379ca3df7bcd8b6f73c49a,b8d9ed2fd9f5011c1e05f5a5f6588b283367d7395a7bcc57ef6887d4ded60e12,60.0,200.0,10,45.0667,ventanas,20261210
39,simulacion,SIM_5D,BAJA,78,1296,propio,ventas.202609.txt,ventas.202609.txt,bloqueo.2609.txt,,AG,21,2021,tiempo,2000,60,0,si,urgentes,894,4800,21600.00,360.0000,si,,,,123358.00,20363,886,806,806,100.00,0,119,0,2009.0,2088.0,1328,102354,0,449,470,12.703,30,0,0,0,8,252455,NO_EVALUABLE,0,16.0,LAPTOP-OMI6BJ6L,45a097c1b95bf1ad3f27d32ddffdc4ee8014640d7d379ca3df7bcd8b6f73c49a,b8d9ed2fd9f5011c1e05f5a5f6588b283367d7395a7bcc57ef6887d4ded60e12,60.0,200.0,11,120.0000,ventanas,20260911
40,simulacion,SIM_5D,MEDIA,98,1296,propio,ventas.202611.txt,ventas.202609.txt,bloqueo.2609.txt,,TABU,17,2017,tiempo,2000,60,0,,urgentes,1104,6152,27136.00,452.2667,no,c3519-L4153 (c3519-L4153~2),,llegada tardía (planificada),156377.00,26198,1068,943,944,99.89,0,116,0,2002.1,2066.5,153441,1024683,0,26,618,16.703,37,0,0,0,44,253617,NO_EVALUABLE,0,16.0,LAPTOP-OMI6BJ6L,45a097c1b95bf1ad3f27d32ddffdc4ee8014640d7d379ca3df7bcd8b6f73c49a,b8d9ed2fd9f5011c1e05f5a5f6588b283367d7395a7bcc57ef6887d4ded60e12,60.0,200.0,15,116.2667,ventanas,20261115
41,simulacion,SIM_5D,BAJA,78,1296,propio,ventas.202610.txt,ventas.202609.txt,bloqueo.2609.txt,,AG,13,2013,tiempo,2000,60,0,si,urgentes,1034,5427,7582.00,126.3667,no,c7742-L969 (c7742-L969),,destino bloqueado,56633.00,9514,482,389,390,99.74,0,54,0,2012.4,2055.9,600,55522,0,84,233,6.297,14,0,0,0,11,119748,NO_EVALUABLE,0,16.0,LAPTOP-OMI6BJ6L,45a097c1b95bf1ad3f27d32ddffdc4ee8014640d7d379ca3df7bcd8b6f73c49a,b8d9ed2fd9f5011c1e05f5a5f6588b283367d7395a7bcc57ef6887d4ded60e12,60.0,200.0,4,54.3667,ventanas,20261004
42,simulacion,SIM_5D,BAJA,78,1296,propio,ventas.202609.txt,ventas.202609.txt,bloqueo.2609.txt,,AG,27,2027,tiempo,2000,60,0,si,urgentes,884,4800,20160.00,336.0000,si,,,,120266.00,19647,873,804,804,100.00,0,119,0,2008.2,2089.5,1666,148570,0,257,462,12.486,28,0,0,0,10,249947,NO_EVALUABLE,0,16.0,LAPTOP-OMI6BJ6L,45a097c1b95bf1ad3f27d32ddffdc4ee8014640d7d379ca3df7bcd8b6f73c49a,b8d9ed2fd9f5011c1e05f5a5f6588b283367d7395a7bcc57ef6887d4ded60e12,60.0,200.0,10,120.0000,ventanas,20260910
43,simulacion,SIM_5D,MEDIA,98,1296,propio,ventas.202612.txt,ventas.202609.txt,bloqueo.2609.txt,,AG,4,2004,tiempo,2000,60,0,si,urgentes,1066,5944,15664.00,261.0667,no,c0431-L2431 (c0431-L2431),,llegada tardía (planificada),116622.00,19365,834,734,735,99.86,0,93,0,2029.7,2174.9,804,70306,0,111,448,12.108,30,0,0,0,22,210028,NO_EVALUABLE,0,16.0,LAPTOP-OMI6BJ6L,45a097c1b95bf1ad3f27d32ddffdc4ee8014640d7d379ca3df7bcd8b6f73c49a,b8d9ed2fd9f5011c1e05f5a5f6588b283367d7395a7bcc57ef6887d4ded60e12,60.0,200.0,8,93.0667,ventanas,20261208
44,simulacion,SIM_5D,MEDIA,98,1296,propio,ventas.202611.txt,ventas.202609.txt,bloqueo.2609.txt,,AG,14,2014,tiempo,2000,60,0,si,urgentes,1101,6115,28311.00,471.8500,no,c6031-L4314 (c6031-L4314),TA07,destino bloqueado,107456.00,17737,767,677,678,99.85,0,87,0,2019.6,2145.0,941,83014,0,121,426,11.514,28,0,0,0,25,191566,NO_EVALUABLE,0,16.0,LAPTOP-OMI6BJ6L,45a097c1b95bf1ad3f27d32ddffdc4ee8014640d7d379ca3df7bcd8b6f73c49a,b8d9ed2fd9f5011c1e05f5a5f6588b283367d7395a7bcc57ef6887d4ded60e12,60.0,200.0,17,87.8500,ventanas,20261117
45,simulacion,SIM_5D,BAJA,78,1296,propio,ventas.202609.txt,ventas.202609.txt,bloqueo.2609.txt,,AG,29,2029,tiempo,2000,60,0,si,urgentes,795,4472,11520.00,192.0000,si,,,,107822.00,17170,790,727,727,100.00,0,119,0,2008.4,2104.2,1963,161293,0,304,400,10.811,23,0,0,0,16,253176,NO_EVALUABLE,0,16.0,LAPTOP-OMI6BJ6L,45a097c1b95bf1ad3f27d32ddffdc4ee8014640d7d379ca3df7bcd8b6f73c49a,b8d9ed2fd9f5011c1e05f5a5f6588b283367d7395a7bcc57ef6887d4ded60e12,60.0,200.0,4,120.0000,ventanas,20260904
46,simulacion,SIM_5D,BAJA,78,1296,propio,ventas.202610.txt,ventas.202609.txt,bloqueo.2609.txt,,TABU,40,2040,tiempo,2000,60,0,,urgentes,911,5074,34560.00,576.0000,si,,,,126607.00,20705,900,800,800,100.00,0,119,0,2002.8,2063.1,244148,1553811,0,33,494,13.351,35,0,0,0,11,253063,NO_EVALUABLE,0,16.0,LAPTOP-OMI6BJ6L,45a097c1b95bf1ad3f27d32ddffdc4ee8014640d7d379ca3df7bcd8b6f73c49a,b8d9ed2fd9f5011c1e05f5a5f6588b283367d7395a7bcc57ef6887d4ded60e12,60.0,200.0,20,120.0000,ventanas,20261020
47,simulacion,SIM_5D,ALTA,115,1296,propio,ventas.202701.txt,ventas.202609.txt,bloqueo.2609.txt,,AG,23,2023,tiempo,2000,60,0,si,urgentes,1295,7036,6660.00,111.0000,no,c9307-L1173 (c9307-L1173),,llegada tardía (planificada),46923.00,7733,438,295,296,99.66,0,39,0,2018.3,2103.3,593,60976,0,128,183,4.946,13,0,0,0,22,85253,NO_EVALUABLE,0,16.0,LAPTOP-OMI6BJ6L,45a097c1b95bf1ad3f27d32ddffdc4ee8014640d7d379ca3df7bcd8b6f73c49a,b8d9ed2fd9f5011c1e05f5a5f6588b283367d7395a7bcc57ef6887d4ded60e12,60.0,200.0,4,39.0000,ventanas,20270104
48,simulacion,SIM_5D,ALTA,115,1296,propio,ventas.202702.txt,ventas.202609.txt,bloqueo.2609.txt,,AG,28,2028,tiempo,2000,60,0,si,urgentes,1456,8318,8961.00,149.3500,no,c4936-L1655 (c4936-L1655~1),,llegada tardía (planificada),125438.00,20835,919,748,749,99.87,0,77,0,2130.2,2619.1,398,41115,0,151,487,13.162,23,0,0,0,72,200310,NO_EVALUABLE,0,16.0,LAPTOP-OMI6BJ6L,45a097c1b95bf1ad3f27d32ddffdc4ee8014640d7d379ca3df7bcd8b6f73c49a,b8d9ed2fd9f5011c1e05f5a5f6588b283367d7395a7bcc57ef6887d4ded60e12,60.0,200.0,4,77.3500,ventanas,20270204
49,simulacion,SIM_5D,BAJA,78,1296,propio,ventas.202609.txt,ventas.202609.txt,bloqueo.2609.txt,,TABU,15,2015,tiempo,2000,60,0,,urgentes,810,4530,12960.00,216.0000,si,,,,115913.00,19165,800,730,730,100.00,0,119,0,2003.9,2089.9,231227,1545160,0,43,460,12.432,32,0,0,0,13,256288,NO_EVALUABLE,0,16.0,LAPTOP-OMI6BJ6L,45a097c1b95bf1ad3f27d32ddffdc4ee8014640d7d379ca3df7bcd8b6f73c49a,b8d9ed2fd9f5011c1e05f5a5f6588b283367d7395a7bcc57ef6887d4ded60e12,60.0,200.0,5,120.0000,ventanas,20260905
50,simulacion,SIM_5D,MEDIA,98,1296,propio,ventas.202611.txt,ventas.202609.txt,bloqueo.2609.txt,,TABU,9,2009,tiempo,2000,60,0,,urgentes,1057,5766,8640.00,144.0000,si,,,,152759.00,25483,1049,941,941,100.00,0,119,0,2002.8,2083.4,166792,1102796,0,34,587,15.865,32,0,0,0,29,263268,NO_EVALUABLE,0,16.0,LAPTOP-OMI6BJ6L,45a097c1b95bf1ad3f27d32ddffdc4ee8014640d7d379ca3df7bcd8b6f73c49a,b8d9ed2fd9f5011c1e05f5a5f6588b283367d7395a7bcc57ef6887d4ded60e12,60.0,200.0,2,120.0000,ventanas,20261102
51,simulacion,SIM_5D,BAJA,78,1296,propio,ventas.202610.txt,ventas.202609.txt,bloqueo.2609.txt,,TABU,35,2035,tiempo,2000,60,0,,urgentes,968,5198,15840.00,264.0000,si,,,,138057.00,22900,959,889,889,100.00,0,119,0,2002.0,2055.6,177792,1168022,0,24,541,14.622,34,0,0,0,16,262774,NO_EVALUABLE,0,16.0,LAPTOP-OMI6BJ6L,45a097c1b95bf1ad3f27d32ddffdc4ee8014640d7d379ca3df7bcd8b6f73c49a,b8d9ed2fd9f5011c1e05f5a5f6588b283367d7395a7bcc57ef6887d4ded60e12,60.0,200.0,7,120.0000,ventanas,20261007
52,simulacion,SIM_5D,MEDIA,98,1296,propio,ventas.202612.txt,ventas.202609.txt,bloqueo.2609.txt,,TABU,27,2027,tiempo,2000,60,0,,urgentes,1146,6309,20160.00,336.0000,si,,,,165852.00,27251,1137,1022,1022,100.00,0,119,0,2003.2,2064.9,132065,883386,0,37,618,16.703,39,0,0,0,57,271868,NO_EVALUABLE,0,16.0,LAPTOP-OMI6BJ6L,45a097c1b95bf1ad3f27d32ddffdc4ee8014640d7d379ca3df7bcd8b6f73c49a,b8d9ed2fd9f5011c1e05f5a5f6588b283367d7395a7bcc57ef6887d4ded60e12,60.0,200.0,10,120.0000,ventanas,20261210
53,simulacion,SIM_5D,MEDIA,98,1296,propio,ventas.202612.txt,ventas.202609.txt,bloqueo.2609.txt,,AG,32,2032,tiempo,2000,60,0,si,urgentes,1302,7090,22924.00,382.0667,no,c9880-L3652 (c9880-L3652~2),,llegada tardía (planificada),97564.00,16276,746,596,597,99.83,0,70,0,2089.4,2322.7,612,59121,0,116,379,10.243,19,0,0,0,31,172589,NO_EVALUABLE,0,16.0,LAPTOP-OMI6BJ6L,45a097c1b95bf1ad3f27d32ddffdc4ee8014640d7d379ca3df7bcd8b6f73c49a,b8d9ed2fd9f5011c1e05f5a5f6588b283367d7395a7bcc57ef6887d4ded60e12,60.0,200.0,14,70.0667,ventanas,20261214
54,simulacion,SIM_5D,ALTA,115,1296,propio,ventas.202702.txt,ventas.202609.txt,bloqueo.2609.txt,,TABU,1,2001,tiempo,2000,60,0,,urgentes,1374,8019,3737.00,62.2833,no,c6321-L636 (c6321-L636),,destino bloqueado,46157.00,7699,419,281,282,99.65,0,38,0,2005.3,2048.6,56253,453283,0,3,189,5.108,14,0,0,0,21,88177,NO_EVALUABLE,0,16.0,LAPTOP-OMI6BJ6L,45a097c1b95bf1ad3f27d32ddffdc4ee8014640d7d379ca3df7bcd8b6f73c49a,b8d9ed2fd9f5011c1e05f5a5f6588b283367d7395a7bcc57ef6887d4ded60e12,60.0,200.0,2,38.2833,ventanas,20270202
55,simulacion,SIM_5D,ALTA,115,1296,propio,ventas.202702.txt,ventas.202609.txt,bloqueo.2609.txt,,AG,11,2011,tiempo,2000,60,0,si,urgentes,1423,7874,19515.00,325.2500,no,c8448-L3694 (c8448-L3694~2),,llegada tardía (planificada),44924.00,7275,404,267,268,99.63,0,38,0,2081.2,2356.7,1046,104845,0,83,179,4.838,9,0,0,0,11,91541,NO_EVALUABLE,0,16.0,LAPTOP-OMI6BJ6L,45a097c1b95bf1ad3f27d32ddffdc4ee8014640d7d379ca3df7bcd8b6f73c49a,b8d9ed2fd9f5011c1e05f5a5f6588b283367d7395a7bcc57ef6887d4ded60e12,60.0,200.0,13,37.2500,ventanas,20270213
56,simulacion,SIM_5D,ALTA,115,1296,propio,ventas.202702.txt,ventas.202609.txt,bloqueo.2609.txt,,AG,9,2009,tiempo,2000,60,0,si,urgentes,1395,7695,19502.00,325.0333,no,c4548-L3691 (c4548-L3691),TA08,llegada tardía (a bordo),136704.00,22656,969,824,825,99.88,0,85,0,2095.6,2358.9,399,43025,0,58,515,13.919,22,0,0,0,73,215071,NO_EVALUABLE,0,16.0,LAPTOP-OMI6BJ6L,45a097c1b95bf1ad3f27d32ddffdc4ee8014640d7d379ca3df7bcd8b6f73c49a,b8d9ed2fd9f5011c1e05f5a5f6588b283367d7395a7bcc57ef6887d4ded60e12,60.0,200.0,11,85.0333,ventanas,20270211
57,simulacion,SIM_5D,BAJA,78,1296,propio,ventas.202609.txt,ventas.202609.txt,bloqueo.2609.txt,,AG,11,2011,tiempo,2000,60,0,si,urgentes,833,4673,15840.00,264.0000,si,,,,115662.00,18493,825,755,755,100.00,0,119,0,2009.7,2083.0,2423,201153,0,435,434,11.730,25,0,0,0,28,253341,NO_EVALUABLE,0,16.0,LAPTOP-OMI6BJ6L,45a097c1b95bf1ad3f27d32ddffdc4ee8014640d7d379ca3df7bcd8b6f73c49a,b8d9ed2fd9f5011c1e05f5a5f6588b283367d7395a7bcc57ef6887d4ded60e12,60.0,200.0,7,120.0000,ventanas,20260907
58,simulacion,SIM_5D,BAJA,78,1296,propio,ventas.202610.txt,ventas.202609.txt,bloqueo.2609.txt,,TABU,19,2019,tiempo,2000,60,0,,urgentes,932,5134,37440.00,624.0000,si,,,,130744.00,21963,927,861,861,100.00,0,119,0,2004.7,2079.9,202553,1316718,0,26,549,14.838,36,0,0,0,17,258245,NO_EVALUABLE,0,16.0,LAPTOP-OMI6BJ6L,45a097c1b95bf1ad3f27d32ddffdc4ee8014640d7d379ca3df7bcd8b6f73c49a,b8d9ed2fd9f5011c1e05f5a5f6588b283367d7395a7bcc57ef6887d4ded60e12,60.0,200.0,22,120.0000,ventanas,20261022
59,simulacion,SIM_5D,MEDIA,98,1296,propio,ventas.202611.txt,ventas.202609.txt,bloqueo.2609.txt,,AG,23,2023,tiempo,2000,60,0,si,urgentes,1039,5730,8402.00,140.0333,no,c4052-L1187 (c4052-L1187),,llegada tardía (planificada),110591.00,17885,791,672,673,99.85,0,92,0,2023.7,2256.1,1140,107096,0,218,414,11.189,21,0,0,0,35,201744,NO_EVALUABLE,0,16.0,LAPTOP-OMI6BJ6L,45a097c1b95bf1ad3f27d32ddffdc4ee8014640d7d379ca3df7bcd8b6f73c49a,b8d9ed2fd9f5011c1e05f5a5f6588b283367d7395a7bcc57ef6887d4ded60e12,60.0,200.0,3,92.0333,ventanas,20261103
60,simulacion,SIM_5D,ALTA,115,1296,propio,ventas.202701.txt,ventas.202609.txt,bloqueo.2609.txt,,AG,16,2016,tiempo,2000,60,0,si,urgentes,1305,7266,22867.00,381.1167,no,c8525-L4089 (c8525-L4089),,llegada tardía (planificada),57445.00,9603,479,344,345,99.71,0,45,0,2015.8,2060.9,363,34713,0,99,221,5.973,13,0,0,0,13,101381,NO_EVALUABLE,0,16.0,LAPTOP-OMI6BJ6L,45a097c1b95bf1ad3f27d32ddffdc4ee8014640d7d379ca3df7bcd8b6f73c49a,b8d9ed2fd9f5011c1e05f5a5f6588b283367d7395a7bcc57ef6887d4ded60e12,60.0,200.0,15,45.1167,ventanas,20270115
61,simulacion,SIM_5D,BAJA,78,1296,propio,ventas.202610.txt,ventas.202609.txt,bloqueo.2609.txt,,AG,24,2024,tiempo,2000,60,0,si,urgentes,950,5297,25522.00,425.3667,no,c2478-L3446 (c2478-L3446),TA06,destino bloqueado,69923.00,11407,529,444,445,99.78,0,65,0,2009.2,2064.4,923,81973,0,148,279,7.541,16,0,0,0,14,140310,NO_EVALUABLE,0,16.0,LAPTOP-OMI6BJ6L,45a097c1b95bf1ad3f27d32ddffdc4ee8014640d7d379ca3df7bcd8b6f73c49a,b8d9ed2fd9f5011c1e05f5a5f6588b283367d7395a7bcc57ef6887d4ded60e12,60.0,200.0,16,65.3667,ventanas,20261016
62,simulacion,SIM_5D,ALTA,115,1296,propio,ventas.202701.txt,ventas.202609.txt,bloqueo.2609.txt,,AG,25,2025,tiempo,2000,60,0,si,urgentes,1265,7010,24480.00,408.0000,si,,,,186178.00,31223,1253,1129,1129,100.00,0,119,0,2112.0,2336.7,373,45631,0,93,722,19.514,37,0,0,0,67,306874,NO_EVALUABLE,1,16.0,LAPTOP-OMI6BJ6L,45a097c1b95bf1ad3f27d32ddffdc4ee8014640d7d379ca3df7bcd8b6f73c49a,b8d9ed2fd9f5011c1e05f5a5f6588b283367d7395a7bcc57ef6887d4ded60e12,60.0,200.0,13,120.0000,ventanas,20270113
63,simulacion,SIM_5D,BAJA,78,1296,propio,ventas.202610.txt,ventas.202609.txt,bloqueo.2609.txt,,AG,23,2023,tiempo,2000,60,0,si,urgentes,985,5218,2496.00,41.6000,no,c3612-L260 (c3612-L260),,destino bloqueado,10519.00,1625,117,80,81,98.77,0,17,0,2004.2,2041.1,1023,103192,0,66,47,1.270,3,0,0,0,0,35363,NO_EVALUABLE,0,16.0,LAPTOP-OMI6BJ6L,45a097c1b95bf1ad3f27d32ddffdc4ee8014640d7d379ca3df7bcd8b6f73c49a,b8d9ed2fd9f5011c1e05f5a5f6588b283367d7395a7bcc57ef6887d4ded60e12,60.0,200.0,2,17.6000,ventanas,20261002
64,simulacion,SIM_5D,MEDIA,98,1296,propio,ventas.202611.txt,ventas.202609.txt,bloqueo.2609.txt,,AG,11,2011,tiempo,2000,60,0,si,urgentes,1129,6248,14400.00,240.0000,si,,,,162021.00,27004,1114,1028,1028,100.00,0,119,0,2023.9,2127.8,603,58815,0,360,618,16.703,32,0,0,0,52,269034,NO_EVALUABLE,1,16.0,LAPTOP-OMI6BJ6L,45a097c1b95bf1ad3f27d32ddffdc4ee8014640d7d379ca3df7bcd8b6f73c49a,b8d9ed2fd9f5011c1e05f5a5f6588b283367d7395a7bcc57ef6887d4ded60e12,60.0,200.0,6,120.0000,ventanas,20261106
65,simulacion,SIM_5D,BAJA,78,1296,propio,ventas.202609.txt,ventas.202609.txt,bloqueo.2609.txt,,AG,7,2007,tiempo,2000,60,0,si,urgentes,940,5143,37440.00,624.0000,si,,,,132597.00,22388,928,837,837,100.00,0,119,0,2019.8,2124.5,1340,106833,0,183,519,14.027,28,0,0,0,17,265496,NO_EVALUABLE,0,16.0,LAPTOP-OMI6BJ6L,45a097c1b95bf1ad3f27d32ddffdc4ee8014640d7d379ca3df7bcd8b6f73c49a,b8d9ed2fd9f5011c1e05f5a5f6588b283367d7395a7bcc57ef6887d4ded60e12,60.0,200.0,22,120.0000,ventanas,20260922
66,simulacion,SIM_5D,ALTA,115,1296,propio,ventas.202702.txt,ventas.202609.txt,bloqueo.2609.txt,,TABU,8,2008,tiempo,2000,60,0,,urgentes,1431,8270,3737.00,62.2833,no,c6321-L636 (c6321-L636),,destino bloqueado,12631.00,2022,154,80,81,98.77,0,14,0,2003.5,2078.6,42391,324772,0,29,58,1.568,4,0,0,0,4,29375,NO_EVALUABLE,0,16.0,LAPTOP-OMI6BJ6L,45a097c1b95bf1ad3f27d32ddffdc4ee8014640d7d379ca3df7bcd8b6f73c49a,b8d9ed2fd9f5011c1e05f5a5f6588b283367d7395a7bcc57ef6887d4ded60e12,60.0,200.0,3,14.2833,ventanas,20270203
67,simulacion,SIM_5D,ALTA,115,1296,propio,ventas.202701.txt,ventas.202609.txt,bloqueo.2609.txt,,AG,7,2007,tiempo,2000,60,0,si,urgentes,1253,6908,21600.00,360.0000,si,,,,183344.00,30329,1242,1118,1118,100.00,0,119,0,2134.2,2412.9,379,37184,0,65,685,18.514,41,0,0,0,68,315732,NO_EVALUABLE,1,16.0,LAPTOP-OMI6BJ6L,45a097c1b95bf1ad3f27d32ddffdc4ee8014640d7d379ca3df7bcd8b6f73c49a,b8d9ed2fd9f5011c1e05f5a5f6588b283367d7395a7bcc57ef6887d4ded60e12,60.0,200.0,11,120.0000,ventanas,20270111
68,simulacion,SIM_5D,ALTA,115,1296,propio,ventas.202702.txt,ventas.202609.txt,bloqueo.2609.txt,,AG,1,2001,tiempo,2000,60,0,si,urgentes,1374,8019,3737.00,62.2833,no,c6321-L636 (c6321-L636),,destino bloqueado,47798.00,7803,419,282,283,99.65,0,38,0,2030.9,2183.7,438,53335,0,41,191,5.162,11,0,0,0,34,88301,NO_EVALUABLE,0,16.0,LAPTOP-OMI6BJ6L,45a097c1b95bf1ad3f27d32ddffdc4ee8014640d7d379ca3df7bcd8b6f73c49a,b8d9ed2fd9f5011c1e05f5a5f6588b283367d7395a7bcc57ef6887d4ded60e12,60.0,200.0,2,38.2833,ventanas,20270202
69,simulacion,SIM_5D,ALTA,115,1296,propio,ventas.202701.txt,ventas.202609.txt,bloqueo.2609.txt,,AG,26,2026,tiempo,2000,60,0,si,urgentes,1317,7145,14400.00,240.0000,si,,,,186621.00,30954,1303,1173,1173,100.00,0,119,0,2161.1,2760.8,575,60939,0,40,731,19.757,39,0,0,0,74,320832,NO_EVALUABLE,0,16.0,LAPTOP-OMI6BJ6L,45a097c1b95bf1ad3f27d32ddffdc4ee8014640d7d379ca3df7bcd8b6f73c49a,b8d9ed2fd9f5011c1e05f5a5f6588b283367d7395a7bcc57ef6887d4ded60e12,60.0,200.0,6,120.0000,ventanas,20270106
70,simulacion,SIM_5D,BAJA,78,1296,propio,ventas.202610.txt,ventas.202609.txt,bloqueo.2609.txt,,AG,26,2026,tiempo,2000,60,0,si,urgentes,938,5150,29155.00,485.9167,no,c4704-L3903 (c4704-L3903),,destino bloqueado,2415.00,361,43,17,18,94.44,0,5,0,2003.5,2015.9,458,59931,0,8,14,0.378,1,0,0,0,0,10253,NO_EVALUABLE,0,16.0,LAPTOP-OMI6BJ6L,45a097c1b95bf1ad3f27d32ddffdc4ee8014640d7d379ca3df7bcd8b6f73c49a,b8d9ed2fd9f5011c1e05f5a5f6588b283367d7395a7bcc57ef6887d4ded60e12,60.0,200.0,21,5.9167,ventanas,20261021
71,simulacion,SIM_5D,ALTA,115,1296,propio,ventas.202701.txt,ventas.202609.txt,bloqueo.2609.txt,,AG,5,2005,tiempo,2000,60,0,si,urgentes,1252,6929,21065.00,351.0833,no,c1821-L3755 (c1821-L3755),TA09,destino bloqueado,126929.00,21278,889,772,773,99.87,0,87,0,2154.8,2409.9,229,26625,0,155,488,13.189,24,0,0,0,54,234030,NO_EVALUABLE,1,16.0,LAPTOP-OMI6BJ6L,45a097c1b95bf1ad3f27d32ddffdc4ee8014640d7d379ca3df7bcd8b6f73c49a,b8d9ed2fd9f5011c1e05f5a5f6588b283367d7395a7bcc57ef6887d4ded60e12,60.0,200.0,12,87.0833,ventanas,20270112
72,simulacion,SIM_5D,MEDIA,98,1296,propio,ventas.202612.txt,ventas.202609.txt,bloqueo.2609.txt,,TABU,2,2002,tiempo,2000,60,0,,urgentes,1238,6657,30240.00,504.0000,si,,,,184301.00,30832,1232,1130,1130,100.00,0,120,0,2004.8,2081.2,124082,886179,0,35,699,18.892,40,0,0,0,38,284335,NO_EVALUABLE,0,16.0,LAPTOP-OMI6BJ6L,45a097c1b95bf1ad3f27d32ddffdc4ee8014640d7d379ca3df7bcd8b6f73c49a,b8d9ed2fd9f5011c1e05f5a5f6588b283367d7395a7bcc57ef6887d4ded60e12,60.0,200.0,17,120.0000,ventanas,20261217
73,simulacion,SIM_5D,BAJA,78,1296,propio,ventas.202610.txt,ventas.202609.txt,bloqueo.2609.txt,,AG,17,2017,tiempo,2000,60,0,si,urgentes,912,5044,31680.00,528.0000,si,,,,130247.00,20993,908,833,833,100.00,0,119,0,2010.3,2090.3,1285,106845,0,352,493,13.324,33,0,0,0,26,255124,NO_EVALUABLE,0,16.0,LAPTOP-OMI6BJ6L,45a097c1b95bf1ad3f27d32ddffdc4ee8014640d7d379ca3df7bcd8b6f73c49a,b8d9ed2fd9f5011c1e05f5a5f6588b283367d7395a7bcc57ef6887d4ded60e12,60.0,200.0,18,120.0000,ventanas,20261018
74,simulacion,SIM_5D,MEDIA,98,1296,propio,ventas.202612.txt,ventas.202609.txt,bloqueo.2609.txt,,AG,19,2019,tiempo,2000,60,0,si,urgentes,1153,6499,9845.00,164.0833,no,c2278-L1546 (c2278-L1546~2),,llegada tardía (planificada),93144.00,15228,693,550,551,99.82,0,68,0,2052.5,2250.7,550,53911,0,127,342,9.243,19,0,0,0,65,159262,NO_EVALUABLE,0,16.0,LAPTOP-OMI6BJ6L,45a097c1b95bf1ad3f27d32ddffdc4ee8014640d7d379ca3df7bcd8b6f73c49a,b8d9ed2fd9f5011c1e05f5a5f6588b283367d7395a7bcc57ef6887d4ded60e12,60.0,200.0,5,68.0833,ventanas,20261205
75,simulacion,SIM_5D,BAJA,78,1296,propio,ventas.202609.txt,ventas.202609.txt,bloqueo.2609.txt,,AG,1,2001,tiempo,2000,60,0,si,urgentes,912,4890,24480.00,408.0000,si,,,,124410.00,20338,910,818,818,100.00,0,119,0,2028.9,2375.7,1374,119577,0,259,454,12.270,27,0,0,0,22,263352,NO_EVALUABLE,0,16.0,LAPTOP-OMI6BJ6L,45a097c1b95bf1ad3f27d32ddffdc4ee8014640d7d379ca3df7bcd8b6f73c49a,b8d9ed2fd9f5011c1e05f5a5f6588b283367d7395a7bcc57ef6887d4ded60e12,60.0,200.0,13,120.0000,ventanas,20260913
76,simulacion,SIM_5D,ALTA,115,1296,propio,ventas.202701.txt,ventas.202609.txt,bloqueo.2609.txt,,TABU,20,2020,tiempo,2000,60,0,,urgentes,1261,6904,17022.00,283.7000,no,c0942-L3073 (c0942-L3073~1),TA10,llegada tardía (a bordo),98462.00,16474,725,608,609,99.84,0,67,0,2002.7,2073.9,56162,417380,0,24,374,10.108,20,0,0,0,36,167697,NO_EVALUABLE,0,16.0,LAPTOP-OMI6BJ6L,45a097c1b95bf1ad3f27d32ddffdc4ee8014640d7d379ca3df7bcd8b6f73c49a,b8d9ed2fd9f5011c1e05f5a5f6588b283367d7395a7bcc57ef6887d4ded60e12,60.0,200.0,10,67.7000,ventanas,20270110
77,simulacion,SIM_5D,BAJA,78,1296,propio,ventas.202609.txt,ventas.202609.txt,bloqueo.2609.txt,,TABU,27,2027,tiempo,2000,60,0,,urgentes,884,4800,20160.00,336.0000,si,,,,124436.00,20432,873,794,794,100.00,0,119,0,2007.8,2092.1,237877,1456031,0,49,488,13.189,35,0,0,0,3,250883,NO_EVALUABLE,0,16.0,LAPTOP-OMI6BJ6L,45a097c1b95bf1ad3f27d32ddffdc4ee8014640d7d379ca3df7bcd8b6f73c49a,b8d9ed2fd9f5011c1e05f5a5f6588b283367d7395a7bcc57ef6887d4ded60e12,60.0,200.0,10,120.0000,ventanas,20260910
78,simulacion,SIM_5D,ALTA,115,1296,propio,ventas.202701.txt,ventas.202609.txt,bloqueo.2609.txt,,TABU,24,2024,tiempo,2000,60,0,,urgentes,1316,7072,15708.00,261.8000,no,c3508-L2847 (c3508-L2847~1),TA08,llegada tardía (a bordo),141846.00,23858,1024,896,897,99.89,0,93,0,2006.0,2084.1,87867,663147,0,31,567,15.324,28,0,0,0,57,247685,NO_EVALUABLE,0,16.0,LAPTOP-OMI6BJ6L,45a097c1b95bf1ad3f27d32ddffdc4ee8014640d7d379ca3df7bcd8b6f73c49a,b8d9ed2fd9f5011c1e05f5a5f6588b283367d7395a7bcc57ef6887d4ded60e12,60.0,200.0,8,93.8000,ventanas,20270108
79,simulacion,SIM_5D,MEDIA,98,1296,propio,ventas.202611.txt,ventas.202609.txt,bloqueo.2609.txt,,AG,5,2005,tiempo,2000,60,0,si,urgentes,1085,6010,12542.00,209.0333,no,c5351-L1812 (c5351-L1812~2),,llegada tardía (planificada),150506.00,24485,1018,930,931,99.89,0,113,0,2025.7,2248.3,1134,105237,0,161,547,14.784,29,0,0,0,49,252646,NO_EVALUABLE,0,16.0,LAPTOP-OMI6BJ6L,45a097c1b95bf1ad3f27d32ddffdc4ee8014640d7d379ca3df7bcd8b6f73c49a,b8d9ed2fd9f5011c1e05f5a5f6588b283367d7395a7bcc57ef6887d4ded60e12,60.0,200.0,5,113.0333,ventanas,20261105
80,simulacion,SIM_5D,BAJA,78,1296,propio,ventas.202610.txt,ventas.202609.txt,bloqueo.2609.txt,,AG,8,2008,tiempo,2000,60,0,si,urgentes,1010,5640,23040.00,384.0000,si,,,,149270.00,24466,1002,909,909,100.00,0,119,0,2042.9,2190.5,858,83753,0,281,554,14.973,32,0,0,0,29,276235,NO_EVALUABLE,0,16.0,LAPTOP-OMI6BJ6L,45a097c1b95bf1ad3f27d32ddffdc4ee8014640d7d379ca3df7bcd8b6f73c49a,b8d9ed2fd9f5011c1e05f5a5f6588b283367d7395a7bcc57ef6887d4ded60e12,60.0,200.0,12,120.0000,ventanas,20261012
81,simulacion,SIM_5D,BAJA,78,1296,propio,ventas.202610.txt,ventas.202609.txt,bloqueo.2609.txt,,TABU,4,2004,tiempo,2000,60,0,,urgentes,1017,5348,7582.00,126.3667,no,c7742-L969 (c7742-L969),,destino bloqueado,86209.00,14383,671,579,580,99.83,0,78,0,2003.2,2057.2,134517,979437,0,23,350,9.459,25,0,0,0,21,174047,NO_EVALUABLE,0,16.0,LAPTOP-OMI6BJ6L,45a097c1b95bf1ad3f27d32ddffdc4ee8014640d7d379ca3df7bcd8b6f73c49a,b8d9ed2fd9f5011c1e05f5a5f6588b283367d7395a7bcc57ef6887d4ded60e12,60.0,200.0,3,78.3667,ventanas,20261003
82,simulacion,SIM_5D,BAJA,78,1296,propio,ventas.202610.txt,ventas.202609.txt,bloqueo.2609.txt,,AG,9,2009,tiempo,2000,60,0,si,urgentes,982,5365,17280.00,288.0000,si,,,,135848.00,22393,973,878,878,100.00,0,119,0,2016.2,2090.7,960,97034,0,159,532,14.378,33,0,0,0,21,265239,NO_EVALUABLE,0,16.0,LAPTOP-OMI6BJ6L,45a097c1b95bf1ad3f27d32ddffdc4ee8014640d7d379ca3df7bcd8b6f73c49a,b8d9ed2fd9f5011c1e05f5a5f6588b283367d7395a7bcc57ef6887d4ded60e12,60.0,200.0,8,120.0000,ventanas,20261008
83,simulacion,SIM_5D,ALTA,115,1296,propio,ventas.202701.txt,ventas.202609.txt,bloqueo.2609.txt,,TABU,17,2017,tiempo,2000,60,0,,urgentes,1306,7098,6739.00,112.3167,no,c1132-L1195 (c1132-L1195),TA10,llegada tardía (a bordo),91305.00,15294,697,551,552,99.82,0,64,0,1999.9,2007.1,81554,568132,0,18,363,9.811,21,0,0,0,26,144479,NO_EVALUABLE,0,16.0,LAPTOP-OMI6BJ6L,45a097c1b95bf1ad3f27d32ddffdc4ee8014640d7d379ca3df7bcd8b6f73c49a,b8d9ed2fd9f5011c1e05f5a5f6588b283367d7395a7bcc57ef6887d4ded60e12,60.0,200.0,3,64.3167,ventanas,20270103
84,simulacion,SIM_5D,ALTA,115,1296,propio,ventas.202701.txt,ventas.202609.txt,bloqueo.2609.txt,,TABU,26,2026,tiempo,2000,60,0,,urgentes,1317,7145,14400.00,240.0000,si,,,,186092.00,31274,1303,1175,1175,100.00,0,119,0,2005.2,2073.1,91040,619606,0,40,743,20.081,39,0,0,0,54,303475,NO_EVALUABLE,0,16.0,LAPTOP-OMI6BJ6L,45a097c1b95bf1ad3f27d32ddffdc4ee8014640d7d379ca3df7bcd8b6f73c49a,b8d9ed2fd9f5011c1e05f5a5f6588b283367d7395a7bcc57ef6887d4ded60e12,60.0,200.0,6,120.0000,ventanas,20270106
85,simulacion,SIM_5D,ALTA,115,1296,propio,ventas.202702.txt,ventas.202609.txt,bloqueo.2609.txt,,AG,15,2015,tiempo,2000,60,0,si,urgentes,1341,7440,15735.00,262.2500,no,c4001-L3009 (c4001-L3009~1),,llegada tardía (planificada),107126.00,17894,812,639,640,99.84,0,70,0,2146.0,2449.7,350,38548,0,70,423,11.432,25,0,0,0,41,187034,NO_EVALUABLE,0,16.0,LAPTOP-OMI6BJ6L,45a097c1b95bf1ad3f27d32ddffdc4ee8014640d7d379ca3df7bcd8b6f73c49a,b8d9ed2fd9f5011c1e05f5a5f6588b283367d7395a7bcc57ef6887d4ded60e12,60.0,200.0,9,70.2500,ventanas,20270209
86,simulacion,SIM_5D,MEDIA,98,1296,propio,ventas.202611.txt,ventas.202609.txt,bloqueo.2609.txt,,TABU,5,2005,tiempo,2000,60,0,,urgentes,1085,6010,12960.00,216.0000,si,,,,160044.00,26672,1076,983,983,100.00,0,119,0,2004.6,2068.9,163777,1081312,0,41,619,16.730,37,0,0,0,42,265904,NO_EVALUABLE,1,16.0,LAPTOP-OMI6BJ6L,45a097c1b95bf1ad3f27d32ddffdc4ee8014640d7d379ca3df7bcd8b6f73c49a,b8d9ed2fd9f5011c1e05f5a5f6588b283367d7395a7bcc57ef6887d4ded60e12,60.0,200.0,5,120.0000,ventanas,20261105
87,simulacion,SIM_5D,BAJA,78,1296,propio,ventas.202609.txt,ventas.202609.txt,bloqueo.2609.txt,,TABU,29,2029,tiempo,2000,60,0,,urgentes,795,4472,11520.00,192.0000,si,,,,115939.00,19340,790,726,726,100.00,0,119,0,2003.2,2069.2,204491,1348748,0,16,462,12.486,32,0,0,0,12,256779,NO_EVALUABLE,0,16.0,LAPTOP-OMI6BJ6L,45a097c1b95bf1ad3f27d32ddffdc4ee8014640d7d379ca3df7bcd8b6f73c49a,b8d9ed2fd9f5011c1e05f5a5f6588b283367d7395a7bcc57ef6887d4ded60e12,60.0,200.0,4,120.0000,ventanas,20260904
88,simulacion,SIM_5D,MEDIA,98,1296,propio,ventas.202612.txt,ventas.202609.txt,bloqueo.2609.txt,,TABU,6,2006,tiempo,2000,60,0,,urgentes,1210,6786,10080.00,168.0000,si,,,,180162.00,29752,1199,1083,1083,100.00,0,119,0,2005.4,2088.1,139099,959124,0,25,672,18.162,36,0,0,0,108,271598,NO_EVALUABLE,0,16.0,LAPTOP-OMI6BJ6L,45a097c1b95bf1ad3f27d32ddffdc4ee8014640d7d379ca3df7bcd8b6f73c49a,b8d9ed2fd9f5011c1e05f5a5f6588b283367d7395a7bcc57ef6887d4ded60e12,60.0,200.0,3,120.0000,ventanas,20261203
89,simulacion,SIM_5D,BAJA,78,1296,propio,ventas.202609.txt,ventas.202609.txt,bloqueo.2609.txt,,AG,20,2020,tiempo,2000,60,0,si,urgentes,886,4907,34560.00,576.0000,si,,,,124184.00,20929,881,785,785,100.00,0,119,0,2018.0,2154.2,1756,149270,0,298,495,13.378,29,0,0,0,7,263312,NO_EVALUABLE,0,16.0,LAPTOP-OMI6BJ6L,45a097c1b95bf1ad3f27d32ddffdc4ee8014640d7d379ca3df7bcd8b6f73c49a,b8d9ed2fd9f5011c1e05f5a5f6588b283367d7395a7bcc57ef6887d4ded60e12,60.0,200.0,20,120.0000,ventanas,20260920
90,simulacion,SIM_5D,BAJA,78,1296,propio,ventas.202609.txt,ventas.202609.txt,bloqueo.2609.txt,,TABU,33,2033,tiempo,2000,60,0,,urgentes,871,4795,25920.00,432.0000,si,,,,128308.00,21419,870,800,800,100.00,0,119,0,2002.0,2068.7,201827,1326981,0,34,503,13.595,38,0,0,0,14,264089,NO_EVALUABLE,0,16.0,LAPTOP-OMI6BJ6L,45a097c1b95bf1ad3f27d32ddffdc4ee8014640d7d379ca3df7bcd8b6f73c49a,b8d9ed2fd9f5011c1e05f5a5f6588b283367d7395a7bcc57ef6887d4ded60e12,60.0,200.0,14,120.0000,ventanas,20260914
91,simulacion,SIM_5D,BAJA,78,1296,propio,ventas.202609.txt,ventas.202609.txt,bloqueo.2609.txt,,AG,2,2002,tiempo,2000,60,0,si,urgentes,878,4817,30240.00,504.0000,si,,,,123857.00,20269,875,799,799,100.00,0,119,0,2015.6,2114.0,1031,90301,0,342,446,12.054,23,0,0,0,26,263105,NO_EVALUABLE,0,16.0,LAPTOP-OMI6BJ6L,45a097c1b95bf1ad3f27d32ddffdc4ee8014640d7d379ca3df7bcd8b6f73c49a,b8d9ed2fd9f5011c1e05f5a5f6588b283367d7395a7bcc57ef6887d4ded60e12,60.0,200.0,17,120.0000,ventanas,20260917
92,simulacion,SIM_5D,BAJA,78,1296,propio,ventas.202610.txt,ventas.202609.txt,bloqueo.2609.txt,,TABU,23,2023,tiempo,2000,60,0,,urgentes,985,5218,2496.00,41.6000,no,c3612-L260 (c3612-L260),TA07,destino bloqueado,12459.00,1843,117,82,83,98.80,0,17,0,2003.4,2069.9,78947,661317,0,25,51,1.378,4,0,0,0,0,35069,NO_EVALUABLE,0,16.0,LAPTOP-OMI6BJ6L,45a097c1b95bf1ad3f27d32ddffdc4ee8014640d7d379ca3df7bcd8b6f73c49a,b8d9ed2fd9f5011c1e05f5a5f6588b283367d7395a7bcc57ef6887d4ded60e12,60.0,200.0,2,17.6000,ventanas,20261002
93,simulacion,SIM_5D,MEDIA,98,1296,propio,ventas.202612.txt,ventas.202609.txt,bloqueo.2609.txt,,AG,21,2021,tiempo,2000,60,0,si,urgentes,1137,6368,14400.00,240.0000,si,,,,162911.00,26849,1130,1016,1016,100.00,0,119,0,2040.0,2248.5,996,92701,0,184,618,16.703,31,0,0,0,76,273631,NO_EVALUABLE,0,16.0,LAPTOP-OMI6BJ6L,45a097c1b95bf1ad3f27d32ddffdc4ee8014640d7d379ca3df7bcd8b6f73c49a,b8d9ed2fd9f5011c1e05f5a5f6588b283367d7395a7bcc57ef6887d4ded60e12,60.0,200.0,6,120.0000,ventanas,20261206
94,simulacion,SIM_5D,BAJA,78,1296,propio,ventas.202609.txt,ventas.202609.txt,bloqueo.2609.txt,,TABU,7,2007,tiempo,2000,60,0,,urgentes,940,5143,37440.00,624.0000,si,,,,139721.00,23416,928,836,836,100.00,0,119,0,2005.8,2097.8,179010,1118486,0,22,537,14.514,34,0,0,0,13,265553,NO_EVALUABLE,0,16.0,LAPTOP-OMI6BJ6L,45a097c1b95bf1ad3f27d32ddffdc4ee8014640d7d379ca3df7bcd8b6f73c49a,b8d9ed2fd9f5011c1e05f5a5f6588b283367d7395a7bcc57ef6887d4ded60e12,60.0,200.0,22,120.0000,ventanas,20260922
95,simulacion,SIM_5D,MEDIA,98,1296,propio,ventas.202611.txt,ventas.202609.txt,bloqueo.2609.txt,,AG,7,2007,tiempo,2000,60,0,si,urgentes,1128,6294,28311.00,471.8500,no,c6031-L4314 (c6031-L4314),,destino bloqueado,78508.00,12969,577,495,496,99.80,0,63,0,2014.3,2084.3,750,66596,0,80,303,8.189,19,0,0,0,27,137068,NO_EVALUABLE,0,16.0,LAPTOP-OMI6BJ6L,45a097c1b95bf1ad3f27d32ddffdc4ee8014640d7d379ca3df7bcd8b6f73c49a,b8d9ed2fd9f5011c1e05f5a5f6588b283367d7395a7bcc57ef6887d4ded60e12,60.0,200.0,18,63.8500,ventanas,20261118
96,simulacion,SIM_5D,BAJA,78,1296,propio,ventas.202609.txt,ventas.202609.txt,bloqueo.2609.txt,,TABU,11,2011,tiempo,2000,60,0,,urgentes,833,4673,15840.00,264.0000,si,,,,121660.00,20118,825,760,760,100.00,0,119,0,2003.8,2081.8,231878,1556052,0,31,473,12.784,35,0,0,0,14,254630,NO_EVALUABLE,0,16.0,LAPTOP-OMI6BJ6L,45a097c1b95bf1ad3f27d32ddffdc4ee8014640d7d379ca3df7bcd8b6f73c49a,b8d9ed2fd9f5011c1e05f5a5f6588b283367d7395a7bcc57ef6887d4ded60e12,60.0,200.0,7,120.0000,ventanas,20260907
97,simulacion,SIM_5D,MEDIA,98,1296,propio,ventas.202611.txt,ventas.202609.txt,bloqueo.2609.txt,,AG,15,2015,tiempo,2000,60,0,si,urgentes,1212,6531,17161.00,286.0167,no,c4269-L2555 (c4269-L2555),,destino bloqueado,20335.00,3250,228,134,135,99.26,0,22,0,2029.3,2251.2,514,54305,0,82,84,2.270,8,0,0,0,1,49972,NO_EVALUABLE,0,16.0,LAPTOP-OMI6BJ6L,45a097c1b95bf1ad3f27d32ddffdc4ee8014640d7d379ca3df7bcd8b6f73c49a,b8d9ed2fd9f5011c1e05f5a5f6588b283367d7395a7bcc57ef6887d4ded60e12,60.0,200.0,12,22.0167,ventanas,20261112
98,simulacion,SIM_5D,MEDIA,98,1296,propio,ventas.202612.txt,ventas.202609.txt,bloqueo.2609.txt,,AG,30,2030,tiempo,2000,60,0,si,urgentes,1309,7100,24480.00,408.0000,si,,,,186171.00,30603,1290,1150,1150,100.00,0,120,0,2097.0,2434.7,1243,146168,0,150,700,18.919,39,0,0,0,69,298329,NO_EVALUABLE,0,16.0,LAPTOP-OMI6BJ6L,45a097c1b95bf1ad3f27d32ddffdc4ee8014640d7d379ca3df7bcd8b6f73c49a,b8d9ed2fd9f5011c1e05f5a5f6588b283367d7395a7bcc57ef6887d4ded60e12,60.0,200.0,13,120.0000,ventanas,20261213
99,simulacion,SIM_5D,MEDIA,98,1296,propio,ventas.202611.txt,ventas.202609.txt,bloqueo.2609.txt,,AG,26,2026,tiempo,2000,60,0,si,urgentes,1184,6452,18001.00,300.0167,no,c9431-L2703 (c9431-L2703),,llegada tardía (planificada),151501.00,25139,1044,923,924,99.89,0,108,0,2086.1,2530.6,683,63482,0,115,579,15.649,33,0,0,0,37,264392,NO_EVALUABLE,1,16.0,LAPTOP-OMI6BJ6L,45a097c1b95bf1ad3f27d32ddffdc4ee8014640d7d379ca3df7bcd8b6f73c49a,b8d9ed2fd9f5011c1e05f5a5f6588b283367d7395a7bcc57ef6887d4ded60e12,60.0,200.0,9,108.0167,ventanas,20261109
100,simulacion,SIM_5D,ALTA,115,1296,propio,ventas.202702.txt,ventas.202609.txt,bloqueo.2609.txt,,TABU,9,2009,tiempo,2000,60,0,,urgentes,1395,7695,19936.00,332.2667,no,c1434-L3783 (c1434-L3783~2),,llegada tardía (planificada),148635.00,24661,1073,907,908,99.89,0,92,0,2004.9,2075.6,81470,552277,0,14,568,15.351,27,0,0,0,82,225614,NO_EVALUABLE,0,16.0,LAPTOP-OMI6BJ6L,45a097c1b95bf1ad3f27d32ddffdc4ee8014640d7d379ca3df7bcd8b6f73c49a,b8d9ed2fd9f5011c1e05f5a5f6588b283367d7395a7bcc57ef6887d4ded60e12,60.0,200.0,11,92.2667,ventanas,20270211
101,simulacion,SIM_5D,MEDIA,98,1296,propio,ventas.202611.txt,ventas.202609.txt,bloqueo.2609.txt,,TABU,33,2033,tiempo,2000,60,0,,urgentes,1104,6145,15840.00,264.0000,si,,,,159816.00,26537,1098,1001,1001,100.00,0,120,0,2003.2,2089.4,183890,1228184,0,32,620,16.757,37,0,0,0,42,269839,NO_EVALUABLE,1,16.0,LAPTOP-OMI6BJ6L,45a097c1b95bf1ad3f27d32ddffdc4ee8014640d7d379ca3df7bcd8b6f73c49a,b8d9ed2fd9f5011c1e05f5a5f6588b283367d7395a7bcc57ef6887d4ded60e12,60.0,200.0,7,120.0000,ventanas,20261107
102,simulacion,SIM_5D,ALTA,115,1296,propio,ventas.202701.txt,ventas.202609.txt,bloqueo.2609.txt,,AG,14,2014,tiempo,2000,60,0,si,urgentes,1332,7232,2831.00,47.1833,no,c3657-L494 (c3657-L494),,llegada tardía (planificada),62666.00,10318,534,401,402,99.75,0,47,0,2017.2,2111.1,424,36663,0,43,248,6.703,15,0,0,0,26,103417,NO_EVALUABLE,0,16.0,LAPTOP-OMI6BJ6L,45a097c1b95bf1ad3f27d32ddffdc4ee8014640d7d379ca3df7bcd8b6f73c49a,b8d9ed2fd9f5011c1e05f5a5f6588b283367d7395a7bcc57ef6887d4ded60e12,60.0,200.0,1,47.1833,ventanas,20270101
103,simulacion,SIM_5D,ALTA,115,1296,propio,ventas.202702.txt,ventas.202609.txt,bloqueo.2609.txt,,TABU,19,2019,tiempo,2000,60,0,,urgentes,1437,8069,9453.00,157.5500,no,c1014-L1766 (c1014-L1766),,llegada tardía (planificada),55393.00,9145,491,320,321,99.69,0,37,0,2003.1,2085.3,38426,306917,0,5,222,6.000,12,0,0,0,41,94573,NO_EVALUABLE,0,16.0,LAPTOP-OMI6BJ6L,45a097c1b95bf1ad3f27d32ddffdc4ee8014640d7d379ca3df7bcd8b6f73c49a,b8d9ed2fd9f5011c1e05f5a5f6588b283367d7395a7bcc57ef6887d4ded60e12,60.0,200.0,6,37.5500,ventanas,20270206
104,simulacion,SIM_5D,ALTA,115,1296,propio,ventas.202702.txt,ventas.202609.txt,bloqueo.2609.txt,,AG,6,2006,tiempo,2000,60,0,si,urgentes,1447,8012,11723.00,195.3833,no,c6503-L2240 (c6503-L2240),TA10,llegada tardía (a bordo),87322.00,14602,643,502,503,99.80,0,52,0,2123.5,2345.3,1002,128361,0,59,347,9.378,18,0,0,0,56,135732,NO_EVALUABLE,0,16.0,LAPTOP-OMI6BJ6L,45a097c1b95bf1ad3f27d32ddffdc4ee8014640d7d379ca3df7bcd8b6f73c49a,b8d9ed2fd9f5011c1e05f5a5f6588b283367d7395a7bcc57ef6887d4ded60e12,60.0,200.0,7,51.3833,ventanas,20270207
105,simulacion,SIM_5D,BAJA,78,1296,propio,ventas.202610.txt,ventas.202609.txt,bloqueo.2609.txt,,TABU,12,2012,tiempo,2000,60,0,,urgentes,886,4932,33120.00,552.0000,si,,,,130984.00,21721,877,818,818,100.00,0,119,0,2003.7,2079.5,205563,1374635,0,32,515,13.919,38,0,0,0,20,254508,NO_EVALUABLE,0,16.0,LAPTOP-OMI6BJ6L,45a097c1b95bf1ad3f27d32ddffdc4ee8014640d7d379ca3df7bcd8b6f73c49a,b8d9ed2fd9f5011c1e05f5a5f6588b283367d7395a7bcc57ef6887d4ded60e12,60.0,200.0,19,120.0000,ventanas,20261019
106,simulacion,SIM_5D,MEDIA,98,1296,propio,ventas.202612.txt,ventas.202609.txt,bloqueo.2609.txt,,TABU,28,2028,tiempo,2000,60,0,,urgentes,1124,6242,15840.00,264.0000,si,,,,164626.00,27018,1111,1021,1021,100.00,0,119,0,2002.7,2079.4,131923,871397,0,9,632,17.081,41,0,0,0,69,268919,NO_EVALUABLE,0,16.0,LAPTOP-OMI6BJ6L,45a097c1b95bf1ad3f27d32ddffdc4ee8014640d7d379ca3df7bcd8b6f73c49a,b8d9ed2fd9f5011c1e05f5a5f6588b283367d7395a7bcc57ef6887d4ded60e12,60.0,200.0,7,120.0000,ventanas,20261207
107,simulacion,SIM_5D,BAJA,78,1296,propio,ventas.202610.txt,ventas.202609.txt,bloqueo.2609.txt,,AG,16,2016,tiempo,2000,60,0,si,urgentes,974,5387,20160.00,336.0000,si,,,,144578.00,23928,964,898,898,100.00,0,119,0,2018.9,2133.8,923,88491,0,205,557,15.054,37,0,0,0,15,266581,NO_EVALUABLE,0,16.0,LAPTOP-OMI6BJ6L,45a097c1b95bf1ad3f27d32ddffdc4ee8014640d7d379ca3df7bcd8b6f73c49a,b8d9ed2fd9f5011c1e05f5a5f6588b283367d7395a7bcc57ef6887d4ded60e12,60.0,200.0,10,120.0000,ventanas,20261010
108,simulacion,SIM_5D,MEDIA,98,1296,propio,ventas.202611.txt,ventas.202609.txt,bloqueo.2609.txt,,AG,33,2033,tiempo,2000,60,0,si,urgentes,1104,6145,15840.00,264.0000,si,,,,158751.00,26276,1098,996,996,100.00,0,120,0,2019.2,2123.6,1494,138882,0,224,610,16.486,35,0,0,0,55,267777,NO_EVALUABLE,1,16.0,LAPTOP-OMI6BJ6L,45a097c1b95bf1ad3f27d32ddffdc4ee8014640d7d379ca3df7bcd8b6f73c49a,b8d9ed2fd9f5011c1e05f5a5f6588b283367d7395a7bcc57ef6887d4ded60e12,60.0,200.0,7,120.0000,ventanas,20261107
109,simulacion,SIM_5D,MEDIA,98,1296,propio,ventas.202611.txt,ventas.202609.txt,bloqueo.2609.txt,,TABU,18,2018,tiempo,2000,60,0,,urgentes,1146,6266,17161.00,286.0167,no,c4269-L2555 (c4269-L2555),,destino bloqueado,163934.00,27370,1119,983,984,99.90,0,118,0,2004.4,2078.1,133605,813418,0,24,630,17.027,37,0,0,0,46,272184,NO_EVALUABLE,1,16.0,LAPTOP-OMI6BJ6L,45a097c1b95bf1ad3f27d32ddffdc4ee8014640d7d379ca3df7bcd8b6f73c49a,b8d9ed2fd9f5011c1e05f5a5f6588b283367d7395a7bcc57ef6887d4ded60e12,60.0,200.0,8,118.0167,ventanas,20261108
110,simulacion,SIM_5D,MEDIA,98,1296,propio,ventas.202612.txt,ventas.202609.txt,bloqueo.2609.txt,,TABU,20,2020,tiempo,2000,60,0,,urgentes,1145,6300,7200.00,120.0000,si,,,,165894.00,27900,1136,1030,1030,100.00,0,119,0,2003.8,2064.5,158876,1086063,0,33,642,17.351,40,0,0,0,61,268055,NO_EVALUABLE,0,16.0,LAPTOP-OMI6BJ6L,45a097c1b95bf1ad3f27d32ddffdc4ee8014640d7d379ca3df7bcd8b6f73c49a,b8d9ed2fd9f5011c1e05f5a5f6588b283367d7395a7bcc57ef6887d4ded60e12,60.0,200.0,1,120.0000,ventanas,20261201
111,simulacion,SIM_5D,ALTA,115,1296,propio,ventas.202702.txt,ventas.202609.txt,bloqueo.2609.txt,,AG,21,2021,tiempo,2000,60,0,si,urgentes,1355,7479,19883.00,331.3833,no,c1341-L3771 (c1341-L3771),,llegada tardía (planificada),100666.00,16436,737,591,592,99.83,0,67,0,2086.6,2293.6,615,59704,0,110,381,10.297,21,0,0,0,33,162350,NO_EVALUABLE,0,16.0,LAPTOP-OMI6BJ6L,45a097c1b95bf1ad3f27d32ddffdc4ee8014640d7d379ca3df7bcd8b6f73c49a,b8d9ed2fd9f5011c1e05f5a5f6588b283367d7395a7bcc57ef6887d4ded60e12,60.0,200.0,12,67.3833,ventanas,20270212
112,simulacion,SIM_5D,BAJA,78,1296,propio,ventas.202610.txt,ventas.202609.txt,bloqueo.2609.txt,,AG,35,2035,tiempo,2000,60,0,si,urgentes,968,5198,15840.00,264.0000,si,,,,138274.00,22647,959,893,893,100.00,0,119,0,2015.1,2096.8,1427,121889,0,256,542,14.649,34,0,0,0,26,261861,NO_EVALUABLE,0,16.0,LAPTOP-OMI6BJ6L,45a097c1b95bf1ad3f27d32ddffdc4ee8014640d7d379ca3df7bcd8b6f73c49a,b8d9ed2fd9f5011c1e05f5a5f6588b283367d7395a7bcc57ef6887d4ded60e12,60.0,200.0,7,120.0000,ventanas,20261007
113,simulacion,SIM_5D,BAJA,78,1296,propio,ventas.202610.txt,ventas.202609.txt,bloqueo.2609.txt,,AG,4,2004,tiempo,2000,60,0,si,urgentes,1017,5348,7582.00,126.3667,no,c7742-L969 (c7742-L969),,destino bloqueado,85599.00,14119,671,575,576,99.83,0,78,0,2032.3,2206.4,1179,119831,0,125,343,9.270,21,0,0,0,14,176069,NO_EVALUABLE,0,16.0,LAPTOP-OMI6BJ6L,45a097c1b95bf1ad3f27d32ddffdc4ee8014640d7d379ca3df7bcd8b6f73c49a,b8d9ed2fd9f5011c1e05f5a5f6588b283367d7395a7bcc57ef6887d4ded60e12,60.0,200.0,3,78.3667,ventanas,20261003
114,simulacion,SIM_5D,ALTA,115,1296,propio,ventas.202702.txt,ventas.202609.txt,bloqueo.2609.txt,,TABU,6,2006,tiempo,2000,60,0,,urgentes,1447,8012,11859.00,197.6500,no,c7004-L2269 (c7004-L2269~2),,llegada tardía (planificada),89754.00,14987,673,525,526,99.81,0,54,0,2003.6,2083.9,76720,651797,0,39,352,9.514,18,0,0,0,62,129723,NO_EVALUABLE,0,16.0,LAPTOP-OMI6BJ6L,45a097c1b95bf1ad3f27d32ddffdc4ee8014640d7d379ca3df7bcd8b6f73c49a,b8d9ed2fd9f5011c1e05f5a5f6588b283367d7395a7bcc57ef6887d4ded60e12,60.0,200.0,7,53.6500,ventanas,20270207
115,simulacion,SIM_5D,ALTA,115,1296,propio,ventas.202701.txt,ventas.202609.txt,bloqueo.2609.txt,,TABU,23,2023,tiempo,2000,60,0,,urgentes,1295,7036,7443.00,124.0500,no,c2107-L1333 (c2107-L1333),,llegada tardía (planificada),71676.00,11986,579,440,441,99.77,0,52,0,2005.3,2090.7,87147,649514,0,43,280,7.568,13,0,0,0,36,117356,NO_EVALUABLE,0,16.0,LAPTOP-OMI6BJ6L,45a097c1b95bf1ad3f27d32ddffdc4ee8014640d7d379ca3df7bcd8b6f73c49a,b8d9ed2fd9f5011c1e05f5a5f6588b283367d7395a7bcc57ef6887d4ded60e12,60.0,200.0,4,52.0500,ventanas,20270104
116,simulacion,SIM_5D,MEDIA,98,1296,propio,ventas.202612.txt,ventas.202609.txt,bloqueo.2609.txt,,AG,16,2016,tiempo,2000,60,0,si,urgentes,1165,6496,8640.00,144.0000,si,,,,170719.00,28431,1157,1046,1046,100.00,0,119,0,2044.6,2309.9,949,97240,0,132,648,17.514,29,0,0,0,67,274504,NO_EVALUABLE,0,16.0,LAPTOP-OMI6BJ6L,45a097c1b95bf1ad3f27d32ddffdc4ee8014640d7d379ca3df7bcd8b6f73c49a,b8d9ed2fd9f5011c1e05f5a5f6588b283367d7395a7bcc57ef6887d4ded60e12,60.0,200.0,2,120.0000,ventanas,20261202
117,simulacion,SIM_5D,BAJA,78,1296,propio,ventas.202609.txt,ventas.202609.txt,bloqueo.2609.txt,,AG,33,2033,tiempo,2000,60,0,si,urgentes,871,4795,25920.00,432.0000,si,,,,126874.00,20950,870,811,811,100.00,0,119,0,2020.1,2254.0,1293,116415,0,218,476,12.865,26,0,0,0,13,262657,NO_EVALUABLE,0,16.0,LAPTOP-OMI6BJ6L,45a097c1b95bf1ad3f27d32ddffdc4ee8014640d7d379ca3df7bcd8b6f73c49a,b8d9ed2fd9f5011c1e05f5a5f6588b283367d7395a7bcc57ef6887d4ded60e12,60.0,200.0,14,120.0000,ventanas,20260914
118,simulacion,SIM_5D,ALTA,115,1296,propio,ventas.202701.txt,ventas.202609.txt,bloqueo.2609.txt,,TABU,25,2025,tiempo,2000,60,0,,urgentes,1265,7010,21065.00,351.0833,no,c1821-L3755 (c1821-L3755),,destino bloqueado,84770.00,14074,629,506,507,99.80,0,63,0,2003.7,2068.2,61998,482641,0,18,332,8.973,19,0,0,0,26,154447,NO_EVALUABLE,1,16.0,LAPTOP-OMI6BJ6L,45a097c1b95bf1ad3f27d32ddffdc4ee8014640d7d379ca3df7bcd8b6f73c49a,b8d9ed2fd9f5011c1e05f5a5f6588b283367d7395a7bcc57ef6887d4ded60e12,60.0,200.0,13,63.0833,ventanas,20270113
119,simulacion,SIM_5D,ALTA,115,1296,propio,ventas.202702.txt,ventas.202609.txt,bloqueo.2609.txt,,AG,8,2008,tiempo,2000,60,0,si,urgentes,1431,8270,3737.00,62.2833,no,c6321-L636 (c6321-L636),,destino bloqueado,10421.00,1643,154,69,70,98.57,0,14,0,2003.2,2008.3,349,36631,0,80,52,1.405,4,0,0,0,2,29765,NO_EVALUABLE,0,16.0,LAPTOP-OMI6BJ6L,45a097c1b95bf1ad3f27d32ddffdc4ee8014640d7d379ca3df7bcd8b6f73c49a,b8d9ed2fd9f5011c1e05f5a5f6588b283367d7395a7bcc57ef6887d4ded60e12,60.0,200.0,3,14.2833,ventanas,20270203
120,simulacion,SIM_5D,ALTA,115,1296,propio,ventas.202702.txt,ventas.202609.txt,bloqueo.2609.txt,,TABU,28,2028,tiempo,2000,60,0,,urgentes,1456,8318,7598.00,126.6333,no,c0975-L1369 (c0975-L1369),,llegada tardía (planificada),77275.00,12850,625,470,471,99.79,0,54,0,2003.1,2055.2,65201,447389,0,20,314,8.486,18,0,0,0,34,124620,NO_EVALUABLE,0,16.0,LAPTOP-OMI6BJ6L,45a097c1b95bf1ad3f27d32ddffdc4ee8014640d7d379ca3df7bcd8b6f73c49a,b8d9ed2fd9f5011c1e05f5a5f6588b283367d7395a7bcc57ef6887d4ded60e12,60.0,200.0,4,54.6333,ventanas,20270204
121,simulacion,SIM_5D,MEDIA,98,1296,propio,ventas.202612.txt,ventas.202609.txt,bloqueo.2609.txt,,TABU,16,2016,tiempo,2000,60,0,,urgentes,1165,6496,8640.00,144.0000,si,,,,175238.00,28998,1157,1037,1037,100.00,0,119,0,2002.6,2075.3,153019,1067485,0,23,654,17.676,36,0,0,0,75,269839,NO_EVALUABLE,0,16.0,LAPTOP-OMI6BJ6L,45a097c1b95bf1ad3f27d32ddffdc4ee8014640d7d379ca3df7bcd8b6f73c49a,b8d9ed2fd9f5011c1e05f5a5f6588b283367d7395a7bcc57ef6887d4ded60e12,60.0,200.0,2,120.0000,ventanas,20261202
122,simulacion,SIM_5D,ALTA,115,1296,propio,ventas.202701.txt,ventas.202609.txt,bloqueo.2609.txt,,TABU,16,2016,tiempo,2000,60,0,,urgentes,1305,7266,23972.00,399.5333,no,c9915-L4281 (c9915-L4281~2),,llegada tardía (planificada),92816.00,15507,679,553,554,99.82,0,63,0,2005.9,2065.2,73358,498809,0,12,357,9.649,22,0,0,0,34,147379,NO_EVALUABLE,0,16.0,LAPTOP-OMI6BJ6L,45a097c1b95bf1ad3f27d32ddffdc4ee8014640d7d379ca3df7bcd8b6f73c49a,b8d9ed2fd9f5011c1e05f5a5f6588b283367d7395a7bcc57ef6887d4ded60e12,60.0,200.0,15,63.5333,ventanas,20270115
123,simulacion,SIM_5D,MEDIA,98,1296,propio,ventas.202611.txt,ventas.202609.txt,bloqueo.2609.txt,,TABU,1,2001,tiempo,2000,60,0,,urgentes,1112,6118,25920.00,432.0000,si,,,,162386.00,27479,1106,1003,1003,100.00,0,119,0,2002.3,2061.6,143234,930307,0,22,635,17.162,34,0,0,0,41,263867,NO_EVALUABLE,0,16.0,LAPTOP-OMI6BJ6L,45a097c1b95bf1ad3f27d32ddffdc4ee8014640d7d379ca3df7bcd8b6f73c49a,b8d9ed2fd9f5011c1e05f5a5f6588b283367d7395a7bcc57ef6887d4ded60e12,60.0,200.0,14,120.0000,ventanas,20261114
124,simulacion,SIM_5D,BAJA,78,1296,propio,ventas.202610.txt,ventas.202609.txt,bloqueo.2609.txt,,TABU,8,2008,tiempo,2000,60,0,,urgentes,1010,5640,23040.00,384.0000,si,,,,149234.00,24674,1002,913,913,100.00,0,119,0,2004.2,2082.7,141679,948504,0,21,578,15.622,33,0,0,0,16,269883,NO_EVALUABLE,0,16.0,LAPTOP-OMI6BJ6L,45a097c1b95bf1ad3f27d32ddffdc4ee8014640d7d379ca3df7bcd8b6f73c49a,b8d9ed2fd9f5011c1e05f5a5f6588b283367d7395a7bcc57ef6887d4ded60e12,60.0,200.0,12,120.0000,ventanas,20261012
125,simulacion,SIM_5D,BAJA,78,1296,propio,ventas.202609.txt,ventas.202609.txt,bloqueo.2609.txt,,AG,18,2018,tiempo,2000,60,0,si,urgentes,829,4714,14400.00,240.0000,si,,,,116194.00,18466,824,755,755,100.00,0,119,0,2007.6,2074.8,1782,166246,0,360,427,11.541,33,0,0,0,21,253692,NO_EVALUABLE,0,16.0,LAPTOP-OMI6BJ6L,45a097c1b95bf1ad3f27d32ddffdc4ee8014640d7d379ca3df7bcd8b6f73c49a,b8d9ed2fd9f5011c1e05f5a5f6588b283367d7395a7bcc57ef6887d4ded60e12,60.0,200.0,6,120.0000,ventanas,20260906
126,simulacion,SIM_5D,MEDIA,98,1296,propio,ventas.202611.txt,ventas.202609.txt,bloqueo.2609.txt,,TABU,7,2007,tiempo,2000,60,0,,urgentes,1128,6294,28311.00,471.8500,no,c6031-L4314 (c6031-L4314),,destino bloqueado,78620.00,13188,577,488,489,99.80,0,63,0,2006.0,2071.8,110721,741819,0,24,315,8.514,21,0,0,0,28,138958,NO_EVALUABLE,0,16.0,LAPTOP-OMI6BJ6L,45a097c1b95bf1ad3f27d32ddffdc4ee8014640d7d379ca3df7bcd8b6f73c49a,b8d9ed2fd9f5011c1e05f5a5f6588b283367d7395a7bcc57ef6887d4ded60e12,60.0,200.0,18,63.8500,ventanas,20261118
127,simulacion,SIM_5D,MEDIA,98,1296,propio,ventas.202611.txt,ventas.202609.txt,bloqueo.2609.txt,,TABU,3,2003,tiempo,2000,60,0,,urgentes,1035,5843,28311.00,471.8500,no,c6031-L4314 (c6031-L4314),,destino bloqueado,144429.00,23751,962,877,878,99.89,0,111,0,2002.4,2058.6,183665,1245289,0,34,554,14.973,27,0,0,0,34,241130,NO_EVALUABLE,0,16.0,LAPTOP-OMI6BJ6L,45a097c1b95bf1ad3f27d32ddffdc4ee8014640d7d379ca3df7bcd8b6f73c49a,b8d9ed2fd9f5011c1e05f5a5f6588b283367d7395a7bcc57ef6887d4ded60e12,60.0,200.0,16,111.8500,ventanas,20261116
128,simulacion,SIM_5D,ALTA,115,1296,propio,ventas.202701.txt,ventas.202609.txt,bloqueo.2609.txt,,TABU,3,2003,tiempo,2000,60,0,,urgentes,1370,7465,7966.00,132.7667,no,c5575-L1426 (c5575-L1426),,llegada tardía (planificada),49228.00,8320,448,316,317,99.68,0,37,0,2004.8,2079.9,79422,629906,0,14,200,5.405,14,0,0,0,27,85204,NO_EVALUABLE,0,16.0,LAPTOP-OMI6BJ6L,45a097c1b95bf1ad3f27d32ddffdc4ee8014640d7d379ca3df7bcd8b6f73c49a,b8d9ed2fd9f5011c1e05f5a5f6588b283367d7395a7bcc57ef6887d4ded60e12,60.0,200.0,5,36.7667,ventanas,20270105
129,simulacion,SIM_5D,BAJA,78,1296,propio,ventas.202609.txt,ventas.202609.txt,bloqueo.2609.txt,,AG,34,2034,tiempo,2000,60,0,si,urgentes,895,4881,18720.00,312.0000,si,,,,125594.00,20576,892,815,815,100.00,0,119,0,2007.5,2086.7,1443,115448,0,332,470,12.703,31,0,0,0,14,251435,NO_EVALUABLE,0,16.0,LAPTOP-OMI6BJ6L,45a097c1b95bf1ad3f27d32ddffdc4ee8014640d7d379ca3df7bcd8b6f73c49a,b8d9ed2fd9f5011c1e05f5a5f6588b283367d7395a7bcc57ef6887d4ded60e12,60.0,200.0,9,120.0000,ventanas,20260909
130,simulacion,SIM_5D,BAJA,78,1296,propio,ventas.202609.txt,ventas.202609.txt,bloqueo.2609.txt,,TABU,32,2032,tiempo,2000,60,0,,urgentes,833,4640,31680.00,528.0000,si,,,,123219.00,21106,827,758,758,100.00,0,119,0,2004.2,2096.3,188179,1169443,0,59,488,13.189,40,0,0,0,8,259841,NO_EVALUABLE,0,16.0,LAPTOP-OMI6BJ6L,45a097c1b95bf1ad3f27d32ddffdc4ee8014640d7d379ca3df7bcd8b6f73c49a,b8d9ed2fd9f5011c1e05f5a5f6588b283367d7395a7bcc57ef6887d4ded60e12,60.0,200.0,18,120.0000,ventanas,20260918
131,simulacion,SIM_5D,BAJA,78,1296,propio,ventas.202609.txt,ventas.202609.txt,bloqueo.2609.txt,,TABU,5,2005,tiempo,2000,60,0,,urgentes,792,4533,8640.00,144.0000,si,,,,112133.00,18385,783,698,698,100.00,0,119,0,2003.1,2079.0,287206,1956859,0,26,426,11.514,29,0,0,0,5,252543,NO_EVALUABLE,0,16.0,LAPTOP-OMI6BJ6L,45a097c1b95bf1ad3f27d32ddffdc4ee8014640d7d379ca3df7bcd8b6f73c49a,b8d9ed2fd9f5011c1e05f5a5f6588b283367d7395a7bcc57ef6887d4ded60e12,60.0,200.0,2,120.0000,ventanas,20260902
132,simulacion,SIM_5D,MEDIA,98,1296,propio,ventas.202611.txt,ventas.202609.txt,bloqueo.2609.txt,,TABU,8,2008,tiempo,2000,60,0,,urgentes,1059,5841,10822.00,180.3667,no,c3730-L1547 (c3730-L1547~2),TB07,llegada tardía (a bordo),137549.00,23210,947,839,840,99.88,0,108,0,2003.2,2060.5,173676,1072415,0,31,528,14.270,31,0,0,0,38,237562,NO_EVALUABLE,0,16.0,LAPTOP-OMI6BJ6L,45a097c1b95bf1ad3f27d32ddffdc4ee8014640d7d379ca3df7bcd8b6f73c49a,b8d9ed2fd9f5011c1e05f5a5f6588b283367d7395a7bcc57ef6887d4ded60e12,60.0,200.0,4,108.3667,ventanas,20261104
133,simulacion,SIM_5D,BAJA,78,1296,propio,ventas.202610.txt,ventas.202609.txt,bloqueo.2609.txt,,AG,30,2030,tiempo,2000,60,0,si,urgentes,990,5447,27360.00,456.0000,si,,,,143754.00,23218,985,900,900,100.00,0,119,0,2015.5,2151.7,1259,113151,0,226,519,14.027,33,0,0,0,35,262851,NO_EVALUABLE,0,16.0,LAPTOP-OMI6BJ6L,45a097c1b95bf1ad3f27d32ddffdc4ee8014640d7d379ca3df7bcd8b6f73c49a,b8d9ed2fd9f5011c1e05f5a5f6588b283367d7395a7bcc57ef6887d4ded60e12,60.0,200.0,15,120.0000,ventanas,20261015
134,simulacion,SIM_5D,BAJA,78,1296,propio,ventas.202609.txt,ventas.202609.txt,bloqueo.2609.txt,,TABU,34,2034,tiempo,2000,60,0,,urgentes,895,4881,18720.00,312.0000,si,,,,129133.00,21335,892,811,811,100.00,0,119,0,2005.5,2269.7,233783,1474173,0,38,501,13.541,39,0,0,0,3,251355,NO_EVALUABLE,0,16.0,LAPTOP-OMI6BJ6L,45a097c1b95bf1ad3f27d32ddffdc4ee8014640d7d379ca3df7bcd8b6f73c49a,b8d9ed2fd9f5011c1e05f5a5f6588b283367d7395a7bcc57ef6887d4ded60e12,60.0,200.0,9,120.0000,ventanas,20260909
135,simulacion,SIM_5D,BAJA,78,1296,propio,ventas.202610.txt,ventas.202609.txt,bloqueo.2609.txt,,TABU,14,2014,tiempo,2000,60,0,,urgentes,1010,5424,7582.00,126.3667,no,c7742-L969 (c7742-L969),,destino bloqueado,25148.00,4269,255,172,173,99.42,0,30,0,2001.4,2014.8,80343,596890,0,10,112,3.027,8,0,0,0,0,62741,NO_EVALUABLE,0,16.0,LAPTOP-OMI6BJ6L,45a097c1b95bf1ad3f27d32ddffdc4ee8014640d7d379ca3df7bcd8b6f73c49a,b8d9ed2fd9f5011c1e05f5a5f6588b283367d7395a7bcc57ef6887d4ded60e12,60.0,200.0,5,30.3667,ventanas,20261005
136,simulacion,SIM_5D,BAJA,78,1296,propio,ventas.202609.txt,ventas.202609.txt,bloqueo.2609.txt,,TABU,10,2010,tiempo,2000,60,0,,urgentes,819,4649,4059.00,67.6500,no,c3299-L424 (c3299-L424),TB02,llegada tardía (a bordo),13024.00,2111,129,90,91,98.90,0,19,0,2004.3,2086.7,101676,749451,0,24,61,1.649,7,0,0,0,0,39308,NO_EVALUABLE,0,16.0,LAPTOP-OMI6BJ6L,45a097c1b95bf1ad3f27d32ddffdc4ee8014640d7d379ca3df7bcd8b6f73c49a,b8d9ed2fd9f5011c1e05f5a5f6588b283367d7395a7bcc57ef6887d4ded60e12,60.0,200.0,3,19.6500,ventanas,20260903
137,simulacion,SIM_5D,BAJA,78,1296,propio,ventas.202610.txt,ventas.202609.txt,bloqueo.2609.txt,,TABU,13,2013,tiempo,2000,60,0,,urgentes,1034,5427,7582.00,126.3667,no,c7742-L969 (c7742-L969),,destino bloqueado,56902.00,9646,482,389,390,99.74,0,54,0,2008.1,2094.2,84347,582215,0,19,236,6.378,15,0,0,0,3,120339,NO_EVALUABLE,0,16.0,LAPTOP-OMI6BJ6L,45a097c1b95bf1ad3f27d32ddffdc4ee8014640d7d379ca3df7bcd8b6f73c49a,b8d9ed2fd9f5011c1e05f5a5f6588b283367d7395a7bcc57ef6887d4ded60e12,60.0,200.0,4,54.3667,ventanas,20261004
138,simulacion,SIM_5D,ALTA,115,1296,propio,ventas.202701.txt,ventas.202609.txt,bloqueo.2609.txt,,AG,10,2010,tiempo,2000,60,0,si,urgentes,1277,7088,25920.00,432.0000,si,,,,191524.00,31816,1265,1138,1138,100.00,0,119,0,2111.6,2463.1,408,51801,0,168,723,19.541,35,0,0,0,80,303695,NO_EVALUABLE,1,16.0,LAPTOP-OMI6BJ6L,45a097c1b95bf1ad3f27d32ddffdc4ee8014640d7d379ca3df7bcd8b6f73c49a,b8d9ed2fd9f5011c1e05f5a5f6588b283367d7395a7bcc57ef6887d4ded60e12,60.0,200.0,14,120.0000,ventanas,20270114
139,simulacion,SIM_5D,BAJA,78,1296,propio,ventas.202609.txt,ventas.202609.txt,bloqueo.2609.txt,,AG,32,2032,tiempo,2000,60,0,si,urgentes,833,4640,31680.00,528.0000,si,,,,114677.00,19221,827,763,763,100.00,0,119,0,2009.8,2085.2,1666,135792,0,393,449,12.135,24,0,0,0,10,256433,NO_EVALUABLE,0,16.0,LAPTOP-OMI6BJ6L,45a097c1b95bf1ad3f27d32ddffdc4ee8014640d7d379ca3df7bcd8b6f73c49a,b8d9ed2fd9f5011c1e05f5a5f6588b283367d7395a7bcc57ef6887d4ded60e12,60.0,200.0,18,120.0000,ventanas,20260918
140,simulacion,SIM_5D,ALTA,115,1296,propio,ventas.202702.txt,ventas.202609.txt,bloqueo.2609.txt,,TABU,2,2002,tiempo,2000,60,0,,urgentes,1374,7618,16095.00,268.2500,no,c0635-L3086 (c0635-L3086),,llegada tardía (planificada),75397.00,12496,601,447,448,99.78,0,53,0,2002.7,2048.2,90160,759319,0,11,295,7.973,16,0,0,0,32,130196,NO_EVALUABLE,0,16.0,LAPTOP-OMI6BJ6L,45a097c1b95bf1ad3f27d32ddffdc4ee8014640d7d379ca3df7bcd8b6f73c49a,b8d9ed2fd9f5011c1e05f5a5f6588b283367d7395a7bcc57ef6887d4ded60e12,60.0,200.0,10,52.2500,ventanas,20270210
141,simulacion,SIM_5D,MEDIA,98,1296,propio,ventas.202611.txt,ventas.202609.txt,bloqueo.2609.txt,,TABU,15,2015,tiempo,2000,60,0,,urgentes,1212,6531,23040.00,384.0000,si,,,,182495.00,30542,1205,1121,1121,100.00,0,119,0,2003.8,2071.1,109621,734627,0,31,685,18.514,36,0,0,0,74,285367,NO_EVALUABLE,0,16.0,LAPTOP-OMI6BJ6L,45a097c1b95bf1ad3f27d32ddffdc4ee8014640d7d379ca3df7bcd8b6f73c49a,b8d9ed2fd9f5011c1e05f5a5f6588b283367d7395a7bcc57ef6887d4ded60e12,60.0,200.0,12,120.0000,ventanas,20261112
142,simulacion,SIM_5D,MEDIA,98,1296,propio,ventas.202612.txt,ventas.202609.txt,bloqueo.2609.txt,,TABU,22,2022,tiempo,2000,60,0,,urgentes,1102,6080,18720.00,312.0000,si,,,,163300.00,26652,1088,989,989,100.00,0,119,0,2006.5,2080.7,158762,1004761,0,71,597,16.135,34,0,0,0,46,267749,NO_EVALUABLE,0,16.0,LAPTOP-OMI6BJ6L,45a097c1b95bf1ad3f27d32ddffdc4ee8014640d7d379ca3df7bcd8b6f73c49a,b8d9ed2fd9f5011c1e05f5a5f6588b283367d7395a7bcc57ef6887d4ded60e12,60.0,200.0,9,120.0000,ventanas,20261209
143,simulacion,SIM_5D,MEDIA,98,1296,propio,ventas.202611.txt,ventas.202609.txt,bloqueo.2609.txt,,TABU,10,2010,tiempo,2000,60,0,,urgentes,1215,6566,17161.00,286.0167,no,c4269-L2555 (c4269-L2555),,destino bloqueado,90692.00,14680,682,563,564,99.82,0,70,0,2001.8,2023.1,97370,669411,0,19,353,9.541,22,0,0,0,13,160626,NO_EVALUABLE,0,16.0,LAPTOP-OMI6BJ6L,45a097c1b95bf1ad3f27d32ddffdc4ee8014640d7d379ca3df7bcd8b6f73c49a,b8d9ed2fd9f5011c1e05f5a5f6588b283367d7395a7bcc57ef6887d4ded60e12,60.0,200.0,10,70.0167,ventanas,20261110
144,simulacion,SIM_5D,BAJA,78,1296,propio,ventas.202609.txt,ventas.202609.txt,bloqueo.2609.txt,,AG,6,2006,tiempo,2000,60,0,si,urgentes,991,5378,38880.00,648.0000,si,,,,139226.00,23145,979,895,895,100.00,0,120,0,2012.7,2060.8,1535,171794,0,201,531,14.351,44,0,0,0,22,265354,NO_EVALUABLE,0,16.0,LAPTOP-OMI6BJ6L,45a097c1b95bf1ad3f27d32ddffdc4ee8014640d7d379ca3df7bcd8b6f73c49a,b8d9ed2fd9f5011c1e05f5a5f6588b283367d7395a7bcc57ef6887d4ded60e12,60.0,200.0,23,120.0000,ventanas,20260923
145,simulacion,SIM_5D,BAJA,78,1296,propio,ventas.202609.txt,ventas.202609.txt,bloqueo.2609.txt,,TABU,36,2036,tiempo,2000,60,0,,urgentes,847,4663,11341.00,189.0167,no,c5160-L1238 (c5160-L1238),,llegada tardía (planificada),11516.00,1946,128,80,81,98.77,0,21,0,2000.7,2018.5,89381,680484,0,11,57,1.541,4,0,0,0,0,43438,NO_EVALUABLE,0,16.0,LAPTOP-OMI6BJ6L,45a097c1b95bf1ad3f27d32ddffdc4ee8014640d7d379ca3df7bcd8b6f73c49a,b8d9ed2fd9f5011c1e05f5a5f6588b283367d7395a7bcc57ef6887d4ded60e12,60.0,200.0,8,21.0167,ventanas,20260908
146,simulacion,SIM_5D,BAJA,78,1296,propio,ventas.202609.txt,ventas.202609.txt,bloqueo.2609.txt,,AG,5,2005,tiempo,2000,60,0,si,urgentes,792,4533,8640.00,144.0000,si,,,,105492.00,17201,783,701,701,100.00,0,119,0,2010.3,2086.8,2993,300377,0,359,406,10.973,25,0,0,0,12,252925,NO_EVALUABLE,0,16.0,LAPTOP-OMI6BJ6L,45a097c1b95bf1ad3f27d32ddffdc4ee8014640d7d379ca3df7bcd8b6f73c49a,b8d9ed2fd9f5011c1e05f5a5f6588b283367d7395a7bcc57ef6887d4ded60e12,60.0,200.0,2,120.0000,ventanas,20260902
147,simulacion,SIM_5D,ALTA,115,1296,propio,ventas.202702.txt,ventas.202609.txt,bloqueo.2609.txt,,TABU,22,2022,tiempo,2000,60,0,,urgentes,1329,7650,3737.00,62.2833,no,c6321-L636 (c6321-L636),,destino bloqueado,88284.00,14628,683,544,545,99.82,0,62,0,2004.0,2071.3,76648,541126,0,33,350,9.459,19,0,0,0,54,148040,NO_EVALUABLE,0,16.0,LAPTOP-OMI6BJ6L,45a097c1b95bf1ad3f27d32ddffdc4ee8014640d7d379ca3df7bcd8b6f73c49a,b8d9ed2fd9f5011c1e05f5a5f6588b283367d7395a7bcc57ef6887d4ded60e12,60.0,200.0,1,62.2833,ventanas,20270201
148,simulacion,SIM_5D,BAJA,78,1296,propio,ventas.202609.txt,ventas.202609.txt,bloqueo.2609.txt,,TABU,22,2022,tiempo,2000,60,0,,urgentes,885,4750,19910.00,331.8333,no,c8839-L2249 (c8839-L2249),,llegada tardía (planificada),60574.00,10108,485,399,400,99.75,0,67,0,2005.3,2086.4,167026,1225461,0,23,239,6.459,20,0,0,0,0,141650,NO_EVALUABLE,0,16.0,LAPTOP-OMI6BJ6L,45a097c1b95bf1ad3f27d32ddffdc4ee8014640d7d379ca3df7bcd8b6f73c49a,b8d9ed2fd9f5011c1e05f5a5f6588b283367d7395a7bcc57ef6887d4ded60e12,60.0,200.0,12,67.8333,ventanas,20260912
149,simulacion,SIM_5D,BAJA,78,1296,propio,ventas.202609.txt,ventas.202609.txt,bloqueo.2609.txt,,TABU,25,2025,tiempo,2000,60,0,,urgentes,931,5199,36000.00,600.0000,si,,,,138625.00,23146,925,828,828,100.00,0,119,0,2004.0,2061.7,172316,1113883,0,24,536,14.486,38,0,0,0,16,265429,NO_EVALUABLE,0,16.0,LAPTOP-OMI6BJ6L,45a097c1b95bf1ad3f27d32ddffdc4ee8014640d7d379ca3df7bcd8b6f73c49a,b8d9ed2fd9f5011c1e05f5a5f6588b283367d7395a7bcc57ef6887d4ded60e12,60.0,200.0,21,120.0000,ventanas,20260921
150,simulacion,SIM_5D,MEDIA,98,1296,propio,ventas.202612.txt,ventas.202609.txt,bloqueo.2609.txt,,TABU,32,2032,tiempo,2000,60,0,,urgentes,1302,7090,25920.00,432.0000,si,,,,189265.00,31767,1282,1166,1166,100.00,0,119,0,2004.7,2076.2,123000,817685,0,48,724,19.568,40,0,0,0,66,285636,NO_EVALUABLE,0,16.0,LAPTOP-OMI6BJ6L,45a097c1b95bf1ad3f27d32ddffdc4ee8014640d7d379ca3df7bcd8b6f73c49a,b8d9ed2fd9f5011c1e05f5a5f6588b283367d7395a7bcc57ef6887d4ded60e12,60.0,200.0,14,120.0000,ventanas,20261214
151,simulacion,SIM_5D,MEDIA,98,1296,propio,ventas.202611.txt,ventas.202609.txt,bloqueo.2609.txt,,TABU,26,2026,tiempo,2000,60,0,,urgentes,1184,6452,18016.00,300.2667,no,c4129-L2705 (c4129-L2705~1),,llegada tardía (planificada),151779.00,25545,1044,934,935,99.89,0,108,0,2004.2,2069.6,116590,769411,0,15,582,15.730,31,0,0,0,45,253831,NO_EVALUABLE,1,16.0,LAPTOP-OMI6BJ6L,45a097c1b95bf1ad3f27d32ddffdc4ee8014640d7d379ca3df7bcd8b6f73c49a,b8d9ed2fd9f5011c1e05f5a5f6588b283367d7395a7bcc57ef6887d4ded60e12,60.0,200.0,9,108.2667,ventanas,20261109
152,simulacion,SIM_5D,BAJA,78,1296,propio,ventas.202610.txt,ventas.202609.txt,bloqueo.2609.txt,,AG,39,2039,tiempo,2000,60,0,si,urgentes,978,5469,25522.00,425.3667,no,c2478-L3446 (c2478-L3446),,destino bloqueado,132740.00,21617,918,849,850,99.88,0,113,0,2020.7,2230.8,1123,103018,0,291,498,13.459,30,0,0,0,29,251553,NO_EVALUABLE,0,16.0,LAPTOP-OMI6BJ6L,45a097c1b95bf1ad3f27d32ddffdc4ee8014640d7d379ca3df7bcd8b6f73c49a,b8d9ed2fd9f5011c1e05f5a5f6588b283367d7395a7bcc57ef6887d4ded60e12,60.0,200.0,14,113.3667,ventanas,20261014
153,simulacion,SIM_5D,ALTA,115,1296,propio,ventas.202701.txt,ventas.202609.txt,bloqueo.2609.txt,,TABU,27,2027,tiempo,2000,60,0,,urgentes,1335,7255,16960.00,282.6667,no,c1958-L3064 (c1958-L3064),,llegada tardía (planificada),145974.00,24613,1015,895,896,99.89,0,90,0,2005.0,2100.4,72756,521539,0,31,571,15.432,29,0,0,0,54,238066,NO_EVALUABLE,0,16.0,LAPTOP-OMI6BJ6L,45a097c1b95bf1ad3f27d32ddffdc4ee8014640d7d379ca3df7bcd8b6f73c49a,b8d9ed2fd9f5011c1e05f5a5f6588b283367d7395a7bcc57ef6887d4ded60e12,60.0,200.0,9,90.6667,ventanas,20270109
154,simulacion,SIM_5D,BAJA,78,1296,propio,ventas.202609.txt,ventas.202609.txt,bloqueo.2609.txt,,TABU,1,2001,tiempo,2000,60,0,,urgentes,912,4890,24480.00,408.0000,si,,,,127598.00,21352,910,825,825,100.00,0,119,0,2003.3,2066.5,189258,1247005,0,27,510,13.784,34,0,0,0,20,260626,NO_EVALUABLE,0,16.0,LAPTOP-OMI6BJ6L,45a097c1b95bf1ad3f27d32ddffdc4ee8014640d7d379ca3df7bcd8b6f73c49a,b8d9ed2fd9f5011c1e05f5a5f6588b283367d7395a7bcc57ef6887d4ded60e12,60.0,200.0,13,120.0000,ventanas,20260913
155,simulacion,SIM_5D,BAJA,78,1296,propio,ventas.202609.txt,ventas.202609.txt,bloqueo.2609.txt,,AG,15,2015,tiempo,2000,60,0,si,urgentes,810,4530,12960.00,216.0000,si,,,,114471.00,18355,800,739,739,100.00,0,119,0,2011.2,2120.7,1842,168207,0,381,421,11.378,36,0,0,0,21,255960,NO_EVALUABLE,0,16.0,LAPTOP-OMI6BJ6L,45a097c1b95bf1ad3f27d32ddffdc4ee8014640d7d379ca3df7bcd8b6f73c49a,b8d9ed2fd9f5011c1e05f5a5f6588b283367d7395a7bcc57ef6887d4ded60e12,60.0,200.0,5,120.0000,ventanas,20260905
156,simulacion,SIM_5D,BAJA,78,1296,propio,ventas.202609.txt,ventas.202609.txt,bloqueo.2609.txt,,AG,25,2025,tiempo,2000,60,0,si,urgentes,931,5199,36000.00,600.0000,si,,,,134345.00,22305,925,837,837,100.00,0,119,0,2020.5,2150.3,1246,110531,0,217,514,13.892,30,0,0,0,16,265001,NO_EVALUABLE,0,16.0,LAPTOP-OMI6BJ6L,45a097c1b95bf1ad3f27d32ddffdc4ee8014640d7d379ca3df7bcd8b6f73c49a,b8d9ed2fd9f5011c1e05f5a5f6588b283367d7395a7bcc57ef6887d4ded60e12,60.0,200.0,21,120.0000,ventanas,20260921
157,simulacion,SIM_5D,MEDIA,98,1296,propio,ventas.202611.txt,ventas.202609.txt,bloqueo.2609.txt,,AG,1,2001,tiempo,2000,60,0,si,urgentes,1112,6118,25920.00,432.0000,si,,,,160942.00,26559,1106,1014,1014,100.00,0,119,0,2025.7,2256.6,704,60542,0,306,614,16.595,32,0,0,0,50,265271,NO_EVALUABLE,0,16.0,LAPTOP-OMI6BJ6L,45a097c1b95bf1ad3f27d32ddffdc4ee8014640d7d379ca3df7bcd8b6f73c49a,b8d9ed2fd9f5011c1e05f5a5f6588b283367d7395a7bcc57ef6887d4ded60e12,60.0,200.0,14,120.0000,ventanas,20261114
158,simulacion,SIM_5D,ALTA,115,1296,propio,ventas.202701.txt,ventas.202609.txt,bloqueo.2609.txt,,TABU,5,2005,tiempo,2000,60,0,,urgentes,1252,6929,23040.00,384.0000,si,,,,187225.00,31236,1240,1120,1120,100.00,0,119,0,2003.3,2075.7,93359,615013,0,52,718,19.405,39,0,0,0,71,293452,NO_EVALUABLE,1,16.0,LAPTOP-OMI6BJ6L,45a097c1b95bf1ad3f27d32ddffdc4ee8014640d7d379ca3df7bcd8b6f73c49a,b8d9ed2fd9f5011c1e05f5a5f6588b283367d7395a7bcc57ef6887d4ded60e12,60.0,200.0,12,120.0000,ventanas,20270112
159,simulacion,SIM_5D,ALTA,115,1296,propio,ventas.202702.txt,ventas.202609.txt,bloqueo.2609.txt,,AG,22,2022,tiempo,2000,60,0,si,urgentes,1329,7650,3737.00,62.2833,no,c6321-L636 (c6321-L636),,destino bloqueado,84666.00,14139,683,543,544,99.82,0,62,0,2093.2,2446.7,512,49628,0,93,336,9.081,16,0,0,0,44,153897,NO_EVALUABLE,0,16.0,LAPTOP-OMI6BJ6L,45a097c1b95bf1ad3f27d32ddffdc4ee8014640d7d379ca3df7bcd8b6f73c49a,b8d9ed2fd9f5011c1e05f5a5f6588b283367d7395a7bcc57ef6887d4ded60e12,60.0,200.0,1,62.2833,ventanas,20270201
160,simulacion,SIM_5D,MEDIA,98,1296,propio,ventas.202612.txt,ventas.202609.txt,bloqueo.2609.txt,,AG,25,2025,tiempo,2000,60,0,si,urgentes,1304,6959,28800.00,480.0000,si,,,,182392.00,30593,1292,1159,1159,100.00,0,119,0,2104.6,2444.3,491,51222,0,125,689,18.622,34,0,0,0,63,301344,NO_EVALUABLE,0,16.0,LAPTOP-OMI6BJ6L,45a097c1b95bf1ad3f27d32ddffdc4ee8014640d7d379ca3df7bcd8b6f73c49a,b8d9ed2fd9f5011c1e05f5a5f6588b283367d7395a7bcc57ef6887d4ded60e12,60.0,200.0,16,120.0000,ventanas,20261216
161,simulacion,SIM_5D,BAJA,78,1296,propio,ventas.202609.txt,ventas.202609.txt,bloqueo.2609.txt,,TABU,6,2006,tiempo,2000,60,0,,urgentes,991,5378,38880.00,648.0000,si,,,,143575.00,24195,979,892,892,100.00,0,120,0,2002.9,2081.9,165331,1163577,0,12,560,15.135,35,0,0,0,19,264830,NO_EVALUABLE,0,16.0,LAPTOP-OMI6BJ6L,45a097c1b95bf1ad3f27d32ddffdc4ee8014640d7d379ca3df7bcd8b6f73c49a,b8d9ed2fd9f5011c1e05f5a5f6588b283367d7395a7bcc57ef6887d4ded60e12,60.0,200.0,23,120.0000,ventanas,20260923
162,simulacion,SIM_5D,BAJA,78,1296,propio,ventas.202610.txt,ventas.202609.txt,bloqueo.2609.txt,,TABU,39,2039,tiempo,2000,60,0,,urgentes,978,5469,25920.00,432.0000,si,,,,142066.00,23464,972,878,878,100.00,0,119,0,2005.0,2088.9,157097,1038548,0,33,570,15.405,33,0,0,0,8,265427,NO_EVALUABLE,0,16.0,LAPTOP-OMI6BJ6L,45a097c1b95bf1ad3f27d32ddffdc4ee8014640d7d379ca3df7bcd8b6f73c49a,b8d9ed2fd9f5011c1e05f5a5f6588b283367d7395a7bcc57ef6887d4ded60e12,60.0,200.0,14,120.0000,ventanas,20261014
163,simulacion,SIM_5D,BAJA,78,1296,propio,ventas.202610.txt,ventas.202609.txt,bloqueo.2609.txt,,AG,14,2014,tiempo,2000,60,0,si,urgentes,1010,5424,7582.00,126.3667,no,c7742-L969 (c7742-L969),TA03,destino bloqueado,24448.00,3851,255,180,181,99.45,0,30,0,2002.1,2032.3,668,59376,0,78,95,2.568,6,0,0,0,0,62509,NO_EVALUABLE,0,16.0,LAPTOP-OMI6BJ6L,45a097c1b95bf1ad3f27d32ddffdc4ee8014640d7d379ca3df7bcd8b6f73c49a,b8d9ed2fd9f5011c1e05f5a5f6588b283367d7395a7bcc57ef6887d4ded60e12,60.0,200.0,5,30.3667,ventanas,20261005
164,simulacion,SIM_5D,MEDIA,98,1296,propio,ventas.202612.txt,ventas.202609.txt,bloqueo.2609.txt,,AG,2,2002,tiempo,2000,60,0,si,urgentes,1238,6657,30240.00,504.0000,si,,,,182300.00,31084,1232,1131,1131,100.00,0,120,0,2081.0,2320.3,1189,123831,0,94,689,18.622,36,0,0,0,45,294731,NO_EVALUABLE,0,16.0,LAPTOP-OMI6BJ6L,45a097c1b95bf1ad3f27d32ddffdc4ee8014640d7d379ca3df7bcd8b6f73c49a,b8d9ed2fd9f5011c1e05f5a5f6588b283367d7395a7bcc57ef6887d4ded60e12,60.0,200.0,17,120.0000,ventanas,20261217
165,simulacion,SIM_5D,BAJA,78,1296,propio,ventas.202610.txt,ventas.202609.txt,bloqueo.2609.txt,,AG,3,2003,tiempo,2000,60,0,si,urgentes,929,5204,30240.00,504.0000,si,,,,131460.00,21409,923,857,857,100.00,0,120,0,2009.6,2087.5,2110,213942,0,371,510,13.784,29,0,0,0,17,258308,NO_EVALUABLE,0,16.0,LAPTOP-OMI6BJ6L,45a097c1b95bf1ad3f27d32ddffdc4ee8014640d7d379ca3df7bcd8b6f73c49a,b8d9ed2fd9f5011c1e05f5a5f6588b283367d7395a7bcc57ef6887d4ded60e12,60.0,200.0,17,120.0000,ventanas,20261017
166,simulacion,SIM_5D,MEDIA,98,1296,propio,ventas.202612.txt,ventas.202609.txt,bloqueo.2609.txt,,TABU,31,2031,tiempo,2000,60,0,,urgentes,1165,6536,9829.00,163.8167,no,c8081-L1391 (c8081-L1391~1),,llegada tardía (planificada),129069.00,21454,896,772,773,99.87,0,91,0,2004.7,2080.8,126418,811821,0,33,487,13.162,29,0,0,0,54,204663,NO_EVALUABLE,0,16.0,LAPTOP-OMI6BJ6L,45a097c1b95bf1ad3f27d32ddffdc4ee8014640d7d379ca3df7bcd8b6f73c49a,b8d9ed2fd9f5011c1e05f5a5f6588b283367d7395a7bcc57ef6887d4ded60e12,60.0,200.0,4,91.8167,ventanas,20261204
167,simulacion,SIM_5D,BAJA,78,1296,propio,ventas.202610.txt,ventas.202609.txt,bloqueo.2609.txt,,AG,12,2012,tiempo,2000,60,0,si,urgentes,886,4932,33120.00,552.0000,si,,,,124967.00,20169,877,811,811,100.00,0,119,0,2009.4,2081.8,1408,141875,0,377,468,12.649,32,0,0,0,21,252591,NO_EVALUABLE,0,16.0,LAPTOP-OMI6BJ6L,45a097c1b95bf1ad3f27d32ddffdc4ee8014640d7d379ca3df7bcd8b6f73c49a,b8d9ed2fd9f5011c1e05f5a5f6588b283367d7395a7bcc57ef6887d4ded60e12,60.0,200.0,19,120.0000,ventanas,20261019
168,simulacion,SIM_5D,ALTA,115,1296,propio,ventas.202702.txt,ventas.202609.txt,bloqueo.2609.txt,,TABU,4,2004,tiempo,2000,60,0,,urgentes,1445,8235,8423.00,140.3833,no,c7061-L1549 (c7061-L1549),,llegada tardía (planificada),59724.00,9847,512,362,363,99.72,0,45,0,2003.9,2061.0,97816,686625,0,20,242,6.541,15,0,0,0,25,107475,NO_EVALUABLE,0,16.0,LAPTOP-OMI6BJ6L,45a097c1b95bf1ad3f27d32ddffdc4ee8014640d7d379ca3df7bcd8b6f73c49a,b8d9ed2fd9f5011c1e05f5a5f6588b283367d7395a7bcc57ef6887d4ded60e12,60.0,200.0,5,44.3833,ventanas,20270205
169,simulacion,SIM_5D,ALTA,115,1296,propio,ventas.202702.txt,ventas.202609.txt,bloqueo.2609.txt,,TABU,18,2018,tiempo,2000,60,0,,urgentes,1371,7562,15642.00,260.7000,no,c8209-L2987 (c8209-L2987),,llegada tardía (planificada),151704.00,25344,1067,912,913,99.89,0,93,0,2005.2,2082.1,104643,779434,0,11,588,15.892,32,0,0,0,79,229277,NO_EVALUABLE,0,16.0,LAPTOP-OMI6BJ6L,45a097c1b95bf1ad3f27d32ddffdc4ee8014640d7d379ca3df7bcd8b6f73c49a,b8d9ed2fd9f5011c1e05f5a5f6588b283367d7395a7bcc57ef6887d4ded60e12,60.0,200.0,8,92.7000,ventanas,20270208
170,simulacion,SIM_5D,BAJA,78,1296,propio,ventas.202610.txt,ventas.202609.txt,bloqueo.2609.txt,,AG,38,2038,tiempo,2000,60,0,si,urgentes,1003,5555,21600.00,360.0000,si,,,,144654.00,23264,997,913,913,100.00,0,119,0,2030.5,2163.5,1357,120001,0,277,536,14.486,29,0,0,0,26,272037,NO_EVALUABLE,0,16.0,LAPTOP-OMI6BJ6L,45a097c1b95bf1ad3f27d32ddffdc4ee8014640d7d379ca3df7bcd8b6f73c49a,b8d9ed2fd9f5011c1e05f5a5f6588b283367d7395a7bcc57ef6887d4ded60e12,60.0,200.0,11,120.0000,ventanas,20261011
171,simulacion,SIM_5D,MEDIA,98,1296,propio,ventas.202611.txt,ventas.202609.txt,bloqueo.2609.txt,,TABU,14,2014,tiempo,2000,60,0,,urgentes,1101,6115,28311.00,471.8500,no,c6031-L4314 (c6031-L4314),TA06,destino bloqueado,112494.00,18800,767,691,692,99.86,0,87,0,2005.6,2083.0,152384,966712,0,35,442,11.946,26,0,0,0,32,189930,NO_EVALUABLE,0,16.0,LAPTOP-OMI6BJ6L,45a097c1b95bf1ad3f27d32ddffdc4ee8014640d7d379ca3df7bcd8b6f73c49a,b8d9ed2fd9f5011c1e05f5a5f6588b283367d7395a7bcc57ef6887d4ded60e12,60.0,200.0,17,87.8500,ventanas,20261117
172,simulacion,SIM_5D,BAJA,78,1296,propio,ventas.202609.txt,ventas.202609.txt,bloqueo.2609.txt,,AG,36,2036,tiempo,2000,60,0,si,urgentes,847,4663,17280.00,288.0000,si,,,,118997.00,19295,842,771,771,100.00,0,119,0,2009.3,2079.0,2305,177961,0,210,461,12.459,31,0,0,0,13,251345,NO_EVALUABLE,0,16.0,LAPTOP-OMI6BJ6L,45a097c1b95bf1ad3f27d32ddffdc4ee8014640d7d379ca3df7bcd8b6f73c49a,b8d9ed2fd9f5011c1e05f5a5f6588b283367d7395a7bcc57ef6887d4ded60e12,60.0,200.0,8,120.0000,ventanas,20260908
173,simulacion,SIM_5D,BAJA,78,1296,propio,ventas.202609.txt,ventas.202609.txt,bloqueo.2609.txt,,TABU,18,2018,tiempo,2000,60,0,,urgentes,829,4714,14400.00,240.0000,si,,,,120495.00,19755,824,752,752,100.00,0,119,0,2004.0,2073.9,203372,1370301,0,38,467,12.622,29,0,0,0,18,257193,NO_EVALUABLE,0,16.0,LAPTOP-OMI6BJ6L,45a097c1b95bf1ad3f27d32ddffdc4ee8014640d7d379ca3df7bcd8b6f73c49a,b8d9ed2fd9f5011c1e05f5a5f6588b283367d7395a7bcc57ef6887d4ded60e12,60.0,200.0,6,120.0000,ventanas,20260906
174,simulacion,SIM_5D,MEDIA,98,1296,propio,ventas.202611.txt,ventas.202609.txt,bloqueo.2609.txt,,AG,18,2018,tiempo,2000,60,0,si,urgentes,1146,6266,17161.00,286.0167,no,c4269-L2555 (c4269-L2555),TA03,destino bloqueado,160573.00,26666,1119,1004,1005,99.90,0,118,0,2030.7,2277.7,903,72611,0,124,620,16.757,33,0,0,0,51,269601,NO_EVALUABLE,1,16.0,LAPTOP-OMI6BJ6L,45a097c1b95bf1ad3f27d32ddffdc4ee8014640d7d379ca3df7bcd8b6f73c49a,b8d9ed2fd9f5011c1e05f5a5f6588b283367d7395a7bcc57ef6887d4ded60e12,60.0,200.0,8,118.0167,ventanas,20261108
175,simulacion,SIM_5D,MEDIA,98,1296,propio,ventas.202612.txt,ventas.202609.txt,bloqueo.2609.txt,,TABU,24,2024,tiempo,2000,60,0,,urgentes,1222,6719,23040.00,384.0000,si,,,,178355.00,29538,1214,1075,1075,100.00,0,119,0,2006.0,2080.1,133626,863551,0,22,677,18.297,37,0,0,0,62,279259,NO_EVALUABLE,0,16.0,LAPTOP-OMI6BJ6L,45a097c1b95bf1ad3f27d32ddffdc4ee8014640d7d379ca3df7bcd8b6f73c49a,b8d9ed2fd9f5011c1e05f5a5f6588b283367d7395a7bcc57ef6887d4ded60e12,60.0,200.0,12,120.0000,ventanas,20261212
176,simulacion,SIM_5D,ALTA,115,1296,propio,ventas.202702.txt,ventas.202609.txt,bloqueo.2609.txt,,TABU,15,2015,tiempo,2000,60,0,,urgentes,1341,7440,15103.00,251.7167,no,c0612-L2861 (c0612-L2861~1),TA08,llegada tardía (a bordo),86650.00,14631,658,513,514,99.81,0,59,0,2003.0,2072.8,63931,452099,0,14,347,9.378,20,0,0,0,18,144571,NO_EVALUABLE,0,16.0,LAPTOP-OMI6BJ6L,45a097c1b95bf1ad3f27d32ddffdc4ee8014640d7d379ca3df7bcd8b6f73c49a,b8d9ed2fd9f5011c1e05f5a5f6588b283367d7395a7bcc57ef6887d4ded60e12,60.0,200.0,9,59.7167,ventanas,20270209
177,simulacion,SIM_5D,ALTA,115,1296,propio,ventas.202701.txt,ventas.202609.txt,bloqueo.2609.txt,,TABU,13,2013,tiempo,2000,60,0,,urgentes,1283,6903,14699.00,244.9833,no,c3275-L2661 (c3275-L2661~2),TA10,llegada tardía (a bordo),146500.00,24471,1068,929,930,99.89,0,100,0,2005.8,2088.9,93843,631787,0,30,590,15.946,30,0,0,0,54,255363,NO_EVALUABLE,0,16.0,LAPTOP-OMI6BJ6L,45a097c1b95bf1ad3f27d32ddffdc4ee8014640d7d379ca3df7bcd8b6f73c49a,b8d9ed2fd9f5011c1e05f5a5f6588b283367d7395a7bcc57ef6887d4ded60e12,60.0,200.0,7,100.9833,ventanas,20270107
178,simulacion,SIM_5D,ALTA,115,1296,propio,ventas.202702.txt,ventas.202609.txt,bloqueo.2609.txt,,AG,19,2019,tiempo,2000,60,0,si,urgentes,1437,8069,9621.00,160.3500,no,c4925-L1813 (c4925-L1813),,llegada tardía (planificada),64950.00,10724,534,362,363,99.72,0,40,0,2168.6,2552.2,192,22858,0,58,256,6.919,14,0,0,0,50,109676,NO_EVALUABLE,0,16.0,LAPTOP-OMI6BJ6L,45a097c1b95bf1ad3f27d32ddffdc4ee8014640d7d379ca3df7bcd8b6f73c49a,b8d9ed2fd9f5011c1e05f5a5f6588b283367d7395a7bcc57ef6887d4ded60e12,60.0,200.0,6,40.3500,ventanas,20270206
179,simulacion,SIM_5D,BAJA,78,1296,propio,ventas.202610.txt,ventas.202609.txt,bloqueo.2609.txt,,TABU,3,2003,tiempo,2000,60,0,,urgentes,929,5204,29155.00,485.9167,no,c4704-L3903 (c4704-L3903),,destino bloqueado,112752.00,18475,798,715,716,99.86,0,102,0,2003.6,2084.6,189425,1326341,0,23,442,11.946,34,0,0,0,13,221683,NO_EVALUABLE,0,16.0,LAPTOP-OMI6BJ6L,45a097c1b95bf1ad3f27d32ddffdc4ee8014640d7d379ca3df7bcd8b6f73c49a,b8d9ed2fd9f5011c1e05f5a5f6588b283367d7395a7bcc57ef6887d4ded60e12,60.0,200.0,17,101.9167,ventanas,20261017
180,simulacion,SIM_5D,BAJA,78,1296,propio,ventas.202610.txt,ventas.202609.txt,bloqueo.2609.txt,,TABU,31,2031,tiempo,2000,60,0,,urgentes,984,5281,7582.00,126.3667,no,c7742-L969 (c7742-L969),,destino bloqueado,3130.00,487,52,18,19,94.74,0,6,0,2000.9,2006.3,37785,398010,0,16,19,0.514,2,0,0,0,0,12156,NO_EVALUABLE,0,16.0,LAPTOP-OMI6BJ6L,45a097c1b95bf1ad3f27d32ddffdc4ee8014640d7d379ca3df7bcd8b6f73c49a,b8d9ed2fd9f5011c1e05f5a5f6588b283367d7395a7bcc57ef6887d4ded60e12,60.0,200.0,6,6.3667,ventanas,20261006
181,simulacion,SIM_5D,MEDIA,98,1296,propio,ventas.202611.txt,ventas.202609.txt,bloqueo.2609.txt,,AG,29,2029,tiempo,2000,60,0,si,urgentes,1148,6283,24480.00,408.0000,si,,,,173821.00,29051,1140,1056,1056,100.00,0,120,0,2049.8,2291.1,1455,99495,0,158,659,17.811,38,0,0,0,59,282368,NO_EVALUABLE,0,16.0,LAPTOP-OMI6BJ6L,45a097c1b95bf1ad3f27d32ddffdc4ee8014640d7d379ca3df7bcd8b6f73c49a,b8d9ed2fd9f5011c1e05f5a5f6588b283367d7395a7bcc57ef6887d4ded60e12,60.0,200.0,13,120.0000,ventanas,20261113
182,simulacion,SIM_5D,BAJA,78,1296,propio,ventas.202610.txt,ventas.202609.txt,bloqueo.2609.txt,,AG,31,2031,tiempo,2000,60,0,si,urgentes,984,5281,7582.00,126.3667,no,c7742-L969 (c7742-L969),,destino bloqueado,2634.00,427,52,15,16,93.75,0,6,0,1996.8,2002.7,493,62900,0,9,16,0.432,2,0,0,0,0,12118,NO_EVALUABLE,0,16.0,LAPTOP-OMI6BJ6L,45a097c1b95bf1ad3f27d32ddffdc4ee8014640d7d379ca3df7bcd8b6f73c49a,b8d9ed2fd9f5011c1e05f5a5f6588b283367d7395a7bcc57ef6887d4ded60e12,60.0,200.0,6,6.3667,ventanas,20261006
183,simulacion,SIM_5D,ALTA,115,1296,propio,ventas.202701.txt,ventas.202609.txt,bloqueo.2609.txt,,AG,12,2012,tiempo,2000,60,0,si,urgentes,1344,7328,3082.00,51.3667,no,c3821-L539 (c3821-L539),,destino bloqueado,26086.00,4281,303,181,182,99.45,0,28,0,2008.9,2071.9,1334,157110,0,50,113,3.054,7,0,0,0,4,60077,NO_EVALUABLE,0,16.0,LAPTOP-OMI6BJ6L,45a097c1b95bf1ad3f27d32ddffdc4ee8014640d7d379ca3df7bcd8b6f73c49a,b8d9ed2fd9f5011c1e05f5a5f6588b283367d7395a7bcc57ef6887d4ded60e12,60.0,200.0,2,27.3667,ventanas,20270102
184,simulacion,SIM_5D,ALTA,115,1296,propio,ventas.202701.txt,ventas.202609.txt,bloqueo.2609.txt,,AG,17,2017,tiempo,2000,60,0,si,urgentes,1306,7098,6086.00,101.4333,no,c2849-L1040 (c2849-L1040),,llegada tardía (planificada),63891.00,10420,539,419,420,99.76,0,53,0,2014.6,2106.9,513,47122,0,146,256,6.919,18,0,0,0,11,116670,NO_EVALUABLE,0,16.0,LAPTOP-OMI6BJ6L,45a097c1b95bf1ad3f27d32ddffdc4ee8014640d7d379ca3df7bcd8b6f73c49a,b8d9ed2fd9f5011c1e05f5a5f6588b283367d7395a7bcc57ef6887d4ded60e12,60.0,200.0,3,53.4333,ventanas,20270103
185,simulacion,SIM_5D,MEDIA,98,1296,propio,ventas.202612.txt,ventas.202609.txt,bloqueo.2609.txt,,TABU,13,2013,tiempo,2000,60,0,,urgentes,1156,6409,21600.00,360.0000,si,,,,167643.00,27988,1146,1033,1033,100.00,0,119,0,2003.0,2074.2,129694,869209,0,24,649,17.541,41,0,0,0,53,272088,NO_EVALUABLE,0,16.0,LAPTOP-OMI6BJ6L,45a097c1b95bf1ad3f27d32ddffdc4ee8014640d7d379ca3df7bcd8b6f73c49a,b8d9ed2fd9f5011c1e05f5a5f6588b283367d7395a7bcc57ef6887d4ded60e12,60.0,200.0,11,120.0000,ventanas,20261211
186,simulacion,SIM_5D,MEDIA,98,1296,propio,ventas.202612.txt,ventas.202609.txt,bloqueo.2609.txt,,TABU,35,2035,tiempo,2000,60,0,,urgentes,1298,6978,25164.00,419.4000,no,c6339-L4085 (c6339-L4085),TA10,llegada tardía (a bordo),129607.00,21562,928,788,789,99.87,0,83,0,2004.2,2063.6,91405,642010,0,43,493,13.324,26,0,0,0,51,198879,NO_EVALUABLE,0,16.0,LAPTOP-OMI6BJ6L,45a097c1b95bf1ad3f27d32ddffdc4ee8014640d7d379ca3df7bcd8b6f73c49a,b8d9ed2fd9f5011c1e05f5a5f6588b283367d7395a7bcc57ef6887d4ded60e12,60.0,200.0,15,83.4000,ventanas,20261215
187,simulacion,SIM_5D,MEDIA,98,1296,propio,ventas.202612.txt,ventas.202609.txt,bloqueo.2609.txt,,AG,24,2024,tiempo,2000,60,0,si,urgentes,1222,6719,23040.00,384.0000,si,,,,175909.00,28840,1214,1086,1086,100.00,0,119,0,2063.4,2379.3,939,76422,0,135,653,17.649,35,0,0,0,68,283401,NO_EVALUABLE,0,16.0,LAPTOP-OMI6BJ6L,45a097c1b95bf1ad3f27d32ddffdc4ee8014640d7d379ca3df7bcd8b6f73c49a,b8d9ed2fd9f5011c1e05f5a5f6588b283367d7395a7bcc57ef6887d4ded60e12,60.0,200.0,12,120.0000,ventanas,20261212
188,simulacion,SIM_5D,MEDIA,98,1296,propio,ventas.202611.txt,ventas.202609.txt,bloqueo.2609.txt,,TABU,11,2011,tiempo,2000,60,0,,urgentes,1129,6248,14400.00,240.0000,si,,,,164190.00,27412,1114,1019,1019,100.00,0,119,0,2006.6,2082.9,137568,933872,0,25,640,17.297,40,0,0,0,52,266459,NO_EVALUABLE,1,16.0,LAPTOP-OMI6BJ6L,45a097c1b95bf1ad3f27d32ddffdc4ee8014640d7d379ca3df7bcd8b6f73c49a,b8d9ed2fd9f5011c1e05f5a5f6588b283367d7395a7bcc57ef6887d4ded60e12,60.0,200.0,6,120.0000,ventanas,20261106
189,simulacion,SIM_5D,MEDIA,98,1296,propio,ventas.202611.txt,ventas.202609.txt,bloqueo.2609.txt,,AG,9,2009,tiempo,2000,60,0,si,urgentes,1057,5766,8640.00,144.0000,si,,,,151990.00,25118,1049,943,943,100.00,0,119,0,2028.0,2207.3,998,93304,0,214,571,15.432,39,0,0,0,35,263825,NO_EVALUABLE,0,16.0,LAPTOP-OMI6BJ6L,45a097c1b95bf1ad3f27d32ddffdc4ee8014640d7d379ca3df7bcd8b6f73c49a,b8d9ed2fd9f5011c1e05f5a5f6588b283367d7395a7bcc57ef6887d4ded60e12,60.0,200.0,2,120.0000,ventanas,20261102
190,simulacion,SIM_5D,MEDIA,98,1296,propio,ventas.202612.txt,ventas.202609.txt,bloqueo.2609.txt,,AG,28,2028,tiempo,2000,60,0,si,urgentes,1124,6242,15840.00,264.0000,si,,,,164285.00,27199,1111,1018,1018,100.00,0,119,0,2024.4,2251.3,806,84296,0,232,630,17.027,39,0,0,0,56,270717,NO_EVALUABLE,0,16.0,LAPTOP-OMI6BJ6L,45a097c1b95bf1ad3f27d32ddffdc4ee8014640d7d379ca3df7bcd8b6f73c49a,b8d9ed2fd9f5011c1e05f5a5f6588b283367d7395a7bcc57ef6887d4ded60e12,60.0,200.0,7,120.0000,ventanas,20261207
191,simulacion,SIM_5D,MEDIA,98,1296,propio,ventas.202611.txt,ventas.202609.txt,bloqueo.2609.txt,,AG,10,2010,tiempo,2000,60,0,si,urgentes,1215,6566,18001.00,300.0167,no,c9431-L2703 (c9431-L2703),,llegada tardía (planificada),116196.00,18787,824,707,708,99.86,0,84,0,2071.2,2405.2,658,61025,0,114,438,11.838,28,0,0,0,41,203101,NO_EVALUABLE,0,16.0,LAPTOP-OMI6BJ6L,45a097c1b95bf1ad3f27d32ddffdc4ee8014640d7d379ca3df7bcd8b6f73c49a,b8d9ed2fd9f5011c1e05f5a5f6588b283367d7395a7bcc57ef6887d4ded60e12,60.0,200.0,10,84.0167,ventanas,20261110
192,simulacion,SIM_5D,BAJA,78,1296,propio,ventas.202610.txt,ventas.202609.txt,bloqueo.2609.txt,,TABU,38,2038,tiempo,2000,60,0,,urgentes,1003,5555,21600.00,360.0000,si,,,,149159.00,24751,997,912,912,100.00,0,119,0,2003.8,2076.0,159144,1061564,0,25,577,15.595,31,0,0,0,25,270852,NO_EVALUABLE,0,16.0,LAPTOP-OMI6BJ6L,45a097c1b95bf1ad3f27d32ddffdc4ee8014640d7d379ca3df7bcd8b6f73c49a,b8d9ed2fd9f5011c1e05f5a5f6588b283367d7395a7bcc57ef6887d4ded60e12,60.0,200.0,11,120.0000,ventanas,20261011
193,simulacion,SIM_5D,BAJA,78,1296,propio,ventas.202609.txt,ventas.202609.txt,bloqueo.2609.txt,,TABU,28,2028,tiempo,2000,60,0,,urgentes,795,4478,7200.00,120.0000,si,,,,113643.00,18825,788,729,729,100.00,0,119,0,2005.2,2080.9,235943,1648568,0,45,436,11.784,26,0,0,0,2,254353,NO_EVALUABLE,0,16.0,LAPTOP-OMI6BJ6L,45a097c1b95bf1ad3f27d32ddffdc4ee8014640d7d379ca3df7bcd8b6f73c49a,b8d9ed2fd9f5011c1e05f5a5f6588b283367d7395a7bcc57ef6887d4ded60e12,60.0,200.0,1,120.0000,ventanas,20260901
194,simulacion,SIM_5D,MEDIA,98,1296,propio,ventas.202612.txt,ventas.202609.txt,bloqueo.2609.txt,,AG,13,2013,tiempo,2000,60,0,si,urgentes,1156,6409,21600.00,360.0000,si,,,,168572.00,27355,1146,1052,1052,100.00,0,119,0,2024.4,2229.7,919,79036,0,118,628,16.973,35,0,0,0,55,269855,NO_EVALUABLE,0,16.0,LAPTOP-OMI6BJ6L,45a097c1b95bf1ad3f27d32ddffdc4ee8014640d7d379ca3df7bcd8b6f73c49a,b8d9ed2fd9f5011c1e05f5a5f6588b283367d7395a7bcc57ef6887d4ded60e12,60.0,200.0,11,120.0000,ventanas,20261211
195,simulacion,SIM_5D,BAJA,78,1296,propio,ventas.202610.txt,ventas.202609.txt,bloqueo.2609.txt,,AG,19,2019,tiempo,2000,60,0,si,urgentes,932,5134,37440.00,624.0000,si,,,,130981.00,21589,927,864,864,100.00,0,119,0,2019.4,2145.8,1442,118067,0,413,515,13.919,29,0,0,0,19,259492,NO_EVALUABLE,0,16.0,LAPTOP-OMI6BJ6L,45a097c1b95bf1ad3f27d32ddffdc4ee8014640d7d379ca3df7bcd8b6f73c49a,b8d9ed2fd9f5011c1e05f5a5f6588b283367d7395a7bcc57ef6887d4ded60e12,60.0,200.0,22,120.0000,ventanas,20261022
196,simulacion,SIM_5D,ALTA,115,1296,propio,ventas.202701.txt,ventas.202609.txt,bloqueo.2609.txt,,AG,27,2027,tiempo,2000,60,0,si,urgentes,1335,7255,17039.00,283.9833,no,c1770-L3076 (c1770-L3076~2),,llegada tardía (planificada),149489.00,24914,1025,910,911,99.89,0,91,0,2219.6,2686.0,410,45068,0,92,563,15.216,27,0,0,0,82,257760,NO_EVALUABLE,0,16.0,LAPTOP-OMI6BJ6L,45a097c1b95bf1ad3f27d32ddffdc4ee8014640d7d379ca3df7bcd8b6f73c49a,b8d9ed2fd9f5011c1e05f5a5f6588b283367d7395a7bcc57ef6887d4ded60e12,60.0,200.0,9,91.9833,ventanas,20270109
197,simulacion,SIM_5D,BAJA,78,1296,propio,ventas.202610.txt,ventas.202609.txt,bloqueo.2609.txt,,TABU,9,2009,tiempo,2000,60,0,,urgentes,982,5365,15707.00,261.7833,no,c4496-L2041 (c4496-L2041~2),TM06,llegada tardía (a bordo),104940.00,17734,752,655,656,99.85,0,93,0,2002.5,2087.8,128332,874958,0,40,426,11.514,31,0,0,0,14,207776,NO_EVALUABLE,0,16.0,LAPTOP-OMI6BJ6L,45a097c1b95bf1ad3f27d32ddffdc4ee8014640d7d379ca3df7bcd8b6f73c49a,b8d9ed2fd9f5011c1e05f5a5f6588b283367d7395a7bcc57ef6887d4ded60e12,60.0,200.0,8,93.7833,ventanas,20261008
198,simulacion,SIM_5D,BAJA,78,1296,propio,ventas.202610.txt,ventas.202609.txt,bloqueo.2609.txt,,TABU,17,2017,tiempo,2000,60,0,,urgentes,912,5044,31680.00,528.0000,si,,,,130066.00,20917,908,826,826,100.00,0,119,0,2003.5,2081.4,201129,1327895,0,32,493,13.324,29,0,0,0,20,255555,NO_EVALUABLE,0,16.0,LAPTOP-OMI6BJ6L,45a097c1b95bf1ad3f27d32ddffdc4ee8014640d7d379ca3df7bcd8b6f73c49a,b8d9ed2fd9f5011c1e05f5a5f6588b283367d7395a7bcc57ef6887d4ded60e12,60.0,200.0,18,120.0000,ventanas,20261018
199,simulacion,SIM_5D,ALTA,115,1296,propio,ventas.202702.txt,ventas.202609.txt,bloqueo.2609.txt,,AG,2,2002,tiempo,2000,60,0,si,urgentes,1374,7618,15486.00,258.1000,no,c2810-L2943 (c2810-L2943~2),TM13,llegada tardía (a bordo),53041.00,8567,484,327,328,99.70,0,43,0,2092.3,2452.7,1210,141684,0,68,204,5.514,10,0,0,0,19,107505,NO_EVALUABLE,0,16.0,LAPTOP-OMI6BJ6L,45a097c1b95bf1ad3f27d32ddffdc4ee8014640d7d379ca3df7bcd8b6f73c49a,b8d9ed2fd9f5011c1e05f5a5f6588b283367d7395a7bcc57ef6887d4ded60e12,60.0,200.0,10,42.1000,ventanas,20270210
200,simulacion,SIM_5D,MEDIA,98,1296,propio,ventas.202612.txt,ventas.202609.txt,bloqueo.2609.txt,,AG,20,2020,tiempo,2000,60,0,si,urgentes,1145,6300,7200.00,120.0000,si,,,,162012.00,26665,1136,1030,1030,100.00,0,119,0,2039.6,2333.6,1084,104359,0,270,613,16.568,35,0,0,0,56,269989,NO_EVALUABLE,0,16.0,LAPTOP-OMI6BJ6L,45a097c1b95bf1ad3f27d32ddffdc4ee8014640d7d379ca3df7bcd8b6f73c49a,b8d9ed2fd9f5011c1e05f5a5f6588b283367d7395a7bcc57ef6887d4ded60e12,60.0,200.0,1,120.0000,ventanas,20261201
201,simulacion,SIM_5D,ALTA,115,1296,propio,ventas.202701.txt,ventas.202609.txt,bloqueo.2609.txt,,AG,3,2003,tiempo,2000,60,0,si,urgentes,1370,7465,8877.00,147.9500,no,c4898-L1571 (c4898-L1571),TB04,llegada tardía (a bordo),81105.00,13556,640,490,491,99.80,0,52,0,2091.4,2450.8,1041,107242,0,22,316,8.541,19,0,0,0,38,131717,NO_EVALUABLE,0,16.0,LAPTOP-OMI6BJ6L,45a097c1b95bf1ad3f27d32ddffdc4ee8014640d7d379ca3df7bcd8b6f73c49a,b8d9ed2fd9f5011c1e05f5a5f6588b283367d7395a7bcc57ef6887d4ded60e12,60.0,200.0,5,51.9500,ventanas,20270105
202,simulacion,SIM_5D,MEDIA,98,1296,propio,ventas.202612.txt,ventas.202609.txt,bloqueo.2609.txt,,TABU,21,2021,tiempo,2000,60,0,,urgentes,1137,6368,11852.00,197.5333,no,c6785-L1861 (c6785-L1861~1),TA04,llegada tardía (a bordo),106875.00,17783,744,653,654,99.85,0,77,0,2003.1,2082.4,113238,797827,0,16,407,11.000,23,0,0,0,59,172822,NO_EVALUABLE,0,16.0,LAPTOP-OMI6BJ6L,45a097c1b95bf1ad3f27d32ddffdc4ee8014640d7d379ca3df7bcd8b6f73c49a,b8d9ed2fd9f5011c1e05f5a5f6588b283367d7395a7bcc57ef6887d4ded60e12,60.0,200.0,6,77.5333,ventanas,20261206
203,simulacion,SIM_5D,MEDIA,98,1296,propio,ventas.202612.txt,ventas.202609.txt,bloqueo.2609.txt,,TABU,4,2004,tiempo,2000,60,0,,urgentes,1066,5944,15664.00,261.0667,no,c0431-L2431 (c0431-L2431),,llegada tardía (planificada),115990.00,19469,834,729,730,99.86,0,93,0,2001.3,2031.1,132732,883638,0,20,460,12.432,29,0,0,0,27,206272,NO_EVALUABLE,0,16.0,LAPTOP-OMI6BJ6L,45a097c1b95bf1ad3f27d32ddffdc4ee8014640d7d379ca3df7bcd8b6f73c49a,b8d9ed2fd9f5011c1e05f5a5f6588b283367d7395a7bcc57ef6887d4ded60e12,60.0,200.0,8,93.0667,ventanas,20261208
204,simulacion,SIM_5D,BAJA,78,1296,propio,ventas.202609.txt,ventas.202609.txt,bloqueo.2609.txt,,AG,22,2022,tiempo,2000,60,0,si,urgentes,885,4750,23040.00,384.0000,si,,,,115226.00,18413,872,788,788,100.00,0,119,0,2006.6,2083.0,2345,222546,0,382,422,11.405,26,0,0,0,14,249762,NO_EVALUABLE,0,16.0,LAPTOP-OMI6BJ6L,45a097c1b95bf1ad3f27d32ddffdc4ee8014640d7d379ca3df7bcd8b6f73c49a,b8d9ed2fd9f5011c1e05f5a5f6588b283367d7395a7bcc57ef6887d4ded60e12,60.0,200.0,12,120.0000,ventanas,20260912
205,simulacion,SIM_5D,BAJA,78,1296,propio,ventas.202610.txt,ventas.202609.txt,bloqueo.2609.txt,,TABU,30,2030,tiempo,2000,60,0,,urgentes,990,5447,24682.00,411.3667,no,c9684-L3327 (c9684-L3327),TM13,llegada tardía (a bordo),85770.00,14091,628,543,544,99.82,0,75,0,2001.7,2057.8,121892,881811,0,21,339,9.162,23,0,0,0,8,164475,NO_EVALUABLE,0,16.0,LAPTOP-OMI6BJ6L,45a097c1b95bf1ad3f27d32ddffdc4ee8014640d7d379ca3df7bcd8b6f73c49a,b8d9ed2fd9f5011c1e05f5a5f6588b283367d7395a7bcc57ef6887d4ded60e12,60.0,200.0,15,75.3667,ventanas,20261015
206,simulacion,SIM_5D,ALTA,115,1296,propio,ventas.202701.txt,ventas.202609.txt,bloqueo.2609.txt,,AG,20,2020,tiempo,2000,60,0,si,urgentes,1261,6904,17045.00,284.0833,no,c9968-L3081 (c9968-L3081~2),,llegada tardía (planificada),97367.00,16231,741,604,605,99.83,0,68,0,2114.7,2343.5,264,30804,0,61,364,9.838,20,0,0,0,41,173192,NO_EVALUABLE,0,16.0,LAPTOP-OMI6BJ6L,45a097c1b95bf1ad3f27d32ddffdc4ee8014640d7d379ca3df7bcd8b6f73c49a,b8d9ed2fd9f5011c1e05f5a5f6588b283367d7395a7bcc57ef6887d4ded60e12,60.0,200.0,10,68.0833,ventanas,20270110
